#datumDate,datumId,datumValue
2025-02-10,IR_SWAP/RATE/USD/SOFR/0D/1D/10Y,0.0407357700
2025-02-10,IR_SWAP/RATE/USD/SOFR/0D/1D/12Y,0.0409792100
2025-02-10,IR_SWAP/RATE/USD/SOFR/0D/1D/15Y,0.0413723600
2025-02-10,IR_SWAP/RATE/USD/SOFR/0D/1D/20Y,0.0411945700
2025-02-10,IR_SWAP/RATE/USD/SOFR/0D/1D/25Y,0.0404891400
2025-02-10,IR_SWAP/RATE/USD/SOFR/0D/1D/2Y,0.0410765600
2025-02-10,IR_SWAP/RATE/USD/SOFR/0D/1D/30Y,0.0397012600
2025-02-10,IR_SWAP/RATE/USD/SOFR/0D/1D/3Y,0.0407764700
2025-02-10,IR_SWAP/RATE/USD/SOFR/0D/1D/40Y,0.0377024100
2025-02-10,IR_SWAP/RATE/USD/SOFR/0D/1D/4Y,0.0404053100
2025-02-10,IR_SWAP/RATE/USD/SOFR/0D/1D/50Y,0.0355316900
2025-02-10,IR_SWAP/RATE/USD/SOFR/0D/1D/5Y,0.0405884000
2025-02-10,IR_SWAP/RATE/USD/SOFR/0D/1D/6Y,0.0403060300
2025-02-10,IR_SWAP/RATE/USD/SOFR/0D/1D/7Y,0.0405784600
2025-02-10,IR_SWAP/RATE/USD/SOFR/0D/1D/8Y,0.0406633400
2025-02-10,IR_SWAP/RATE/USD/SOFR/0D/1D/9Y,0.0406465200
2025-02-10,MM/RATE/USD/SOFR/0D/1D,0.0435447800
2025-02-10,OI_FUTURE/PRICE/USD/2024-12/XCME:SRA/3M,95.5176730200
2025-02-10,OI_FUTURE/PRICE/USD/2025-01/XCME:SRA/3M,95.8553990700
2025-02-10,OI_FUTURE/PRICE/USD/2025-02/XCME:SRA/3M,96.1531015300
2025-02-10,OI_FUTURE/PRICE/USD/2025-03/XCME:SRA/3M,96.1322474800
2025-02-10,OI_FUTURE/PRICE/USD/2025-04/XCME:SRA/3M,95.6698628000
2025-02-10,OI_FUTURE/PRICE/USD/2025-05/XCME:SRA/3M,95.4310421800
2025-02-10,OI_FUTURE/PRICE/USD/2025-06/XCME:SRA/3M,95.9819229200
2025-02-10,OI_FUTURE/PRICE/USD/2025-07/XCME:SRA/3M,95.5748316500
2025-02-10,OI_FUTURE/PRICE/USD/2025-09/XCME:SRA/3M,95.6115956000
2025-02-10,OI_FUTURE/PRICE/USD/2025-12/XCME:SRA/3M,95.9611773900
2025-02-10,OI_FUTURE/PRICE/USD/2026-03/XCME:SRA/3M,96.0742697700
2025-02-10,SWAPTION/RATE_NVOL/USD/SOFR/10Y/10Y/ATM,0.0085816100
2025-02-10,SWAPTION/RATE_NVOL/USD/SOFR/10Y/10Y/Smile/-0.0025,0.0083768000
2025-02-10,SWAPTION/RATE_NVOL/USD/SOFR/10Y/10Y/Smile/-0.005,0.0082857400
2025-02-10,SWAPTION/RATE_NVOL/USD/SOFR/10Y/10Y/Smile/-0.0075,0.0081692500
2025-02-10,SWAPTION/RATE_NVOL/USD/SOFR/10Y/10Y/Smile/-0.01,0.0080352100
2025-02-10,SWAPTION/RATE_NVOL/USD/SOFR/10Y/10Y/Smile/-0.015,0.0079256600
2025-02-10,SWAPTION/RATE_NVOL/USD/SOFR/10Y/10Y/Smile/-0.02,0.0078515800
2025-02-10,SWAPTION/RATE_NVOL/USD/SOFR/10Y/10Y/Smile/-0.03,0.0078688700
2025-02-10,SWAPTION/RATE_NVOL/USD/SOFR/10Y/10Y/Smile/-0.04,0.0080531300
2025-02-10,SWAPTION/RATE_NVOL/USD/SOFR/10Y/10Y/Smile/0.0025,0.0087580600
2025-02-10,SWAPTION/RATE_NVOL/USD/SOFR/10Y/10Y/Smile/0.005,0.0089413800
2025-02-10,SWAPTION/RATE_NVOL/USD/SOFR/10Y/10Y/Smile/0.0075,0.0091061000
2025-02-10,SWAPTION/RATE_NVOL/USD/SOFR/10Y/10Y/Smile/0.01,0.0092728900
2025-02-10,SWAPTION/RATE_NVOL/USD/SOFR/10Y/10Y/Smile/0.015,0.0097323200
2025-02-10,SWAPTION/RATE_NVOL/USD/SOFR/10Y/10Y/Smile/0.02,0.0101637800
2025-02-10,SWAPTION/RATE_NVOL/USD/SOFR/10Y/10Y/Smile/0.03,0.0110243700
2025-02-10,SWAPTION/RATE_NVOL/USD/SOFR/10Y/10Y/Smile/0.04,0.0120176700
2025-02-10,SWAPTION/RATE_NVOL/USD/SOFR/10Y/15Y/ATM,0.0082093400
2025-02-10,SWAPTION/RATE_NVOL/USD/SOFR/10Y/15Y/Smile/-0.0025,0.0081071400
2025-02-10,SWAPTION/RATE_NVOL/USD/SOFR/10Y/15Y/Smile/-0.005,0.0079217500
2025-02-10,SWAPTION/RATE_NVOL/USD/SOFR/10Y/15Y/Smile/-0.0075,0.0078307800
2025-02-10,SWAPTION/RATE_NVOL/USD/SOFR/10Y/15Y/Smile/-0.01,0.0076942200
2025-02-10,SWAPTION/RATE_NVOL/USD/SOFR/10Y/15Y/Smile/-0.015,0.0075457600
2025-02-10,SWAPTION/RATE_NVOL/USD/SOFR/10Y/15Y/Smile/-0.02,0.0074635100
2025-02-10,SWAPTION/RATE_NVOL/USD/SOFR/10Y/15Y/Smile/-0.03,0.0074752700
2025-02-10,SWAPTION/RATE_NVOL/USD/SOFR/10Y/15Y/Smile/-0.04,0.0075754100
2025-02-10,SWAPTION/RATE_NVOL/USD/SOFR/10Y/15Y/Smile/0.0025,0.0083836400
2025-02-10,SWAPTION/RATE_NVOL/USD/SOFR/10Y/15Y/Smile/0.005,0.0085315000
2025-02-10,SWAPTION/RATE_NVOL/USD/SOFR/10Y/15Y/Smile/0.0075,0.0087388700
2025-02-10,SWAPTION/RATE_NVOL/USD/SOFR/10Y/15Y/Smile/0.01,0.0089744700
2025-02-10,SWAPTION/RATE_NVOL/USD/SOFR/10Y/15Y/Smile/0.015,0.0093809700
2025-02-10,SWAPTION/RATE_NVOL/USD/SOFR/10Y/15Y/Smile/0.02,0.0097152100
2025-02-10,SWAPTION/RATE_NVOL/USD/SOFR/10Y/15Y/Smile/0.03,0.0106444200
2025-02-10,SWAPTION/RATE_NVOL/USD/SOFR/10Y/15Y/Smile/0.04,0.0115604400
2025-02-10,SWAPTION/RATE_NVOL/USD/SOFR/10Y/1Y/ATM,0.0093373100
2025-02-10,SWAPTION/RATE_NVOL/USD/SOFR/10Y/1Y/Smile/-0.0025,0.0092272500
2025-02-10,SWAPTION/RATE_NVOL/USD/SOFR/10Y/1Y/Smile/-0.005,0.0091672700
2025-02-10,SWAPTION/RATE_NVOL/USD/SOFR/10Y/1Y/Smile/-0.0075,0.0090577800
2025-02-10,SWAPTION/RATE_NVOL/USD/SOFR/10Y/1Y/Smile/-0.01,0.0090284500
2025-02-10,SWAPTION/RATE_NVOL/USD/SOFR/10Y/1Y/Smile/-0.015,0.0089043100
2025-02-10,SWAPTION/RATE_NVOL/USD/SOFR/10Y/1Y/Smile/-0.02,0.0089415700
2025-02-10,SWAPTION/RATE_NVOL/USD/SOFR/10Y/1Y/Smile/-0.03,0.0091889200
2025-02-10,SWAPTION/RATE_NVOL/USD/SOFR/10Y/1Y/Smile/-0.04,0.0095674100
2025-02-10,SWAPTION/RATE_NVOL/USD/SOFR/10Y/1Y/Smile/0.0025,0.0094749300
2025-02-10,SWAPTION/RATE_NVOL/USD/SOFR/10Y/1Y/Smile/0.005,0.0096663000
2025-02-10,SWAPTION/RATE_NVOL/USD/SOFR/10Y/1Y/Smile/0.0075,0.0099073400
2025-02-10,SWAPTION/RATE_NVOL/USD/SOFR/10Y/1Y/Smile/0.01,0.0100948200
2025-02-10,SWAPTION/RATE_NVOL/USD/SOFR/10Y/1Y/Smile/0.015,0.0105312100
2025-02-10,SWAPTION/RATE_NVOL/USD/SOFR/10Y/1Y/Smile/0.02,0.0110456300
2025-02-10,SWAPTION/RATE_NVOL/USD/SOFR/10Y/1Y/Smile/0.03,0.0120105200
2025-02-10,SWAPTION/RATE_NVOL/USD/SOFR/10Y/1Y/Smile/0.04,0.0131309900
2025-02-10,SWAPTION/RATE_NVOL/USD/SOFR/10Y/20Y/ATM,0.0080593300
2025-02-10,SWAPTION/RATE_NVOL/USD/SOFR/10Y/20Y/Smile/-0.0025,0.0078907700
2025-02-10,SWAPTION/RATE_NVOL/USD/SOFR/10Y/20Y/Smile/-0.005,0.0078229200
2025-02-10,SWAPTION/RATE_NVOL/USD/SOFR/10Y/20Y/Smile/-0.0075,0.0076913400
2025-02-10,SWAPTION/RATE_NVOL/USD/SOFR/10Y/20Y/Smile/-0.01,0.0075249400
2025-02-10,SWAPTION/RATE_NVOL/USD/SOFR/10Y/20Y/Smile/-0.015,0.0073641100
2025-02-10,SWAPTION/RATE_NVOL/USD/SOFR/10Y/20Y/Smile/-0.02,0.0072722000
2025-02-10,SWAPTION/RATE_NVOL/USD/SOFR/10Y/20Y/Smile/-0.03,0.0071695000
2025-02-10,SWAPTION/RATE_NVOL/USD/SOFR/10Y/20Y/Smile/-0.04,0.0071494200
2025-02-10,SWAPTION/RATE_NVOL/USD/SOFR/10Y/20Y/Smile/0.0025,0.0082437900
2025-02-10,SWAPTION/RATE_NVOL/USD/SOFR/10Y/20Y/Smile/0.005,0.0084012300
2025-02-10,SWAPTION/RATE_NVOL/USD/SOFR/10Y/20Y/Smile/0.0075,0.0086155300
2025-02-10,SWAPTION/RATE_NVOL/USD/SOFR/10Y/20Y/Smile/0.01,0.0087974200
2025-02-10,SWAPTION/RATE_NVOL/USD/SOFR/10Y/20Y/Smile/0.015,0.0092058300
2025-02-10,SWAPTION/RATE_NVOL/USD/SOFR/10Y/20Y/Smile/0.02,0.0095815400
2025-02-10,SWAPTION/RATE_NVOL/USD/SOFR/10Y/20Y/Smile/0.03,0.0104790700
2025-02-10,SWAPTION/RATE_NVOL/USD/SOFR/10Y/20Y/Smile/0.04,0.0112891500
2025-02-10,SWAPTION/RATE_NVOL/USD/SOFR/10Y/25Y/ATM,0.0080132900
2025-02-10,SWAPTION/RATE_NVOL/USD/SOFR/10Y/2Y/ATM,0.0091643800
2025-02-10,SWAPTION/RATE_NVOL/USD/SOFR/10Y/2Y/Smile/-0.0025,0.0090452500
2025-02-10,SWAPTION/RATE_NVOL/USD/SOFR/10Y/2Y/Smile/-0.005,0.0089904100
2025-02-10,SWAPTION/RATE_NVOL/USD/SOFR/10Y/2Y/Smile/-0.0075,0.0089237300
2025-02-10,SWAPTION/RATE_NVOL/USD/SOFR/10Y/2Y/Smile/-0.01,0.0088334200
2025-02-10,SWAPTION/RATE_NVOL/USD/SOFR/10Y/2Y/Smile/-0.015,0.0087925900
2025-02-10,SWAPTION/RATE_NVOL/USD/SOFR/10Y/2Y/Smile/-0.02,0.0087441900
2025-02-10,SWAPTION/RATE_NVOL/USD/SOFR/10Y/2Y/Smile/-0.03,0.0088636200
2025-02-10,SWAPTION/RATE_NVOL/USD/SOFR/10Y/2Y/Smile/-0.04,0.0090877000
2025-02-10,SWAPTION/RATE_NVOL/USD/SOFR/10Y/2Y/Smile/0.0025,0.0093005500
2025-02-10,SWAPTION/RATE_NVOL/USD/SOFR/10Y/2Y/Smile/0.005,0.0095430100
2025-02-10,SWAPTION/RATE_NVOL/USD/SOFR/10Y/2Y/Smile/0.0075,0.0096770500
2025-02-10,SWAPTION/RATE_NVOL/USD/SOFR/10Y/2Y/Smile/0.01,0.0098447700
2025-02-10,SWAPTION/RATE_NVOL/USD/SOFR/10Y/2Y/Smile/0.015,0.0103216900
2025-02-10,SWAPTION/RATE_NVOL/USD/SOFR/10Y/2Y/Smile/0.02,0.0107563900
2025-02-10,SWAPTION/RATE_NVOL/USD/SOFR/10Y/2Y/Smile/0.03,0.0116662100
2025-02-10,SWAPTION/RATE_NVOL/USD/SOFR/10Y/2Y/Smile/0.04,0.0127558300
2025-02-10,SWAPTION/RATE_NVOL/USD/SOFR/10Y/30Y/ATM,0.0079729400
2025-02-10,SWAPTION/RATE_NVOL/USD/SOFR/10Y/30Y/Smile/-0.0025,0.0078086500
2025-02-10,SWAPTION/RATE_NVOL/USD/SOFR/10Y/30Y/Smile/-0.005,0.0076295100
2025-02-10,SWAPTION/RATE_NVOL/USD/SOFR/10Y/30Y/Smile/-0.0075,0.0075201500
2025-02-10,SWAPTION/RATE_NVOL/USD/SOFR/10Y/30Y/Smile/-0.01,0.0074630300
2025-02-10,SWAPTION/RATE_NVOL/USD/SOFR/10Y/30Y/Smile/-0.015,0.0073275500
2025-02-10,SWAPTION/RATE_NVOL/USD/SOFR/10Y/30Y/Smile/-0.02,0.0072103500
2025-02-10,SWAPTION/RATE_NVOL/USD/SOFR/10Y/30Y/Smile/-0.03,0.0072549300
2025-02-10,SWAPTION/RATE_NVOL/USD/SOFR/10Y/30Y/Smile/-0.04,0.0074335000
2025-02-10,SWAPTION/RATE_NVOL/USD/SOFR/10Y/30Y/Smile/0.0025,0.0080890200
2025-02-10,SWAPTION/RATE_NVOL/USD/SOFR/10Y/30Y/Smile/0.005,0.0082962700
2025-02-10,SWAPTION/RATE_NVOL/USD/SOFR/10Y/30Y/Smile/0.0075,0.0084536900
2025-02-10,SWAPTION/RATE_NVOL/USD/SOFR/10Y/30Y/Smile/0.01,0.0086992600
2025-02-10,SWAPTION/RATE_NVOL/USD/SOFR/10Y/30Y/Smile/0.015,0.0090687900
2025-02-10,SWAPTION/RATE_NVOL/USD/SOFR/10Y/30Y/Smile/0.02,0.0095983600
2025-02-10,SWAPTION/RATE_NVOL/USD/SOFR/10Y/30Y/Smile/0.03,0.0105419000
2025-02-10,SWAPTION/RATE_NVOL/USD/SOFR/10Y/30Y/Smile/0.04,0.0114424500
2025-02-10,SWAPTION/RATE_NVOL/USD/SOFR/10Y/3Y/ATM,0.0091026000
2025-02-10,SWAPTION/RATE_NVOL/USD/SOFR/10Y/4Y/ATM,0.0090438100
2025-02-10,SWAPTION/RATE_NVOL/USD/SOFR/10Y/5Y/ATM,0.0089371400
2025-02-10,SWAPTION/RATE_NVOL/USD/SOFR/10Y/5Y/Smile/-0.0025,0.0088001000
2025-02-10,SWAPTION/RATE_NVOL/USD/SOFR/10Y/5Y/Smile/-0.005,0.0086578500
2025-02-10,SWAPTION/RATE_NVOL/USD/SOFR/10Y/5Y/Smile/-0.0075,0.0085535500
2025-02-10,SWAPTION/RATE_NVOL/USD/SOFR/10Y/5Y/Smile/-0.01,0.0084220800
2025-02-10,SWAPTION/RATE_NVOL/USD/SOFR/10Y/5Y/Smile/-0.015,0.0082578200
2025-02-10,SWAPTION/RATE_NVOL/USD/SOFR/10Y/5Y/Smile/-0.02,0.0082142500
2025-02-10,SWAPTION/RATE_NVOL/USD/SOFR/10Y/5Y/Smile/-0.03,0.0083451600
2025-02-10,SWAPTION/RATE_NVOL/USD/SOFR/10Y/5Y/Smile/-0.04,0.0084967900
2025-02-10,SWAPTION/RATE_NVOL/USD/SOFR/10Y/5Y/Smile/0.0025,0.0091618500
2025-02-10,SWAPTION/RATE_NVOL/USD/SOFR/10Y/5Y/Smile/0.005,0.0093039600
2025-02-10,SWAPTION/RATE_NVOL/USD/SOFR/10Y/5Y/Smile/0.0075,0.0094729800
2025-02-10,SWAPTION/RATE_NVOL/USD/SOFR/10Y/5Y/Smile/0.01,0.0096796000
2025-02-10,SWAPTION/RATE_NVOL/USD/SOFR/10Y/5Y/Smile/0.015,0.0101286400
2025-02-10,SWAPTION/RATE_NVOL/USD/SOFR/10Y/5Y/Smile/0.02,0.0106178300
2025-02-10,SWAPTION/RATE_NVOL/USD/SOFR/10Y/5Y/Smile/0.03,0.0116349300
2025-02-10,SWAPTION/RATE_NVOL/USD/SOFR/10Y/5Y/Smile/0.04,0.0125263500
2025-02-10,SWAPTION/RATE_NVOL/USD/SOFR/10Y/6Y/ATM,0.0088679400
2025-02-10,SWAPTION/RATE_NVOL/USD/SOFR/10Y/7Y/ATM,0.0087967300
2025-02-10,SWAPTION/RATE_NVOL/USD/SOFR/10Y/8Y/ATM,0.0086916100
2025-02-10,SWAPTION/RATE_NVOL/USD/SOFR/10Y/9Y/ATM,0.0086704200
2025-02-10,SWAPTION/RATE_NVOL/USD/SOFR/15Y/10Y/ATM,0.0077088000
2025-02-10,SWAPTION/RATE_NVOL/USD/SOFR/15Y/10Y/Smile/-0.0025,0.0075754000
2025-02-10,SWAPTION/RATE_NVOL/USD/SOFR/15Y/10Y/Smile/-0.005,0.0074471900
2025-02-10,SWAPTION/RATE_NVOL/USD/SOFR/15Y/10Y/Smile/-0.0075,0.0073187400
2025-02-10,SWAPTION/RATE_NVOL/USD/SOFR/15Y/10Y/Smile/-0.01,0.0072539900
2025-02-10,SWAPTION/RATE_NVOL/USD/SOFR/15Y/10Y/Smile/-0.015,0.0071087600
2025-02-10,SWAPTION/RATE_NVOL/USD/SOFR/15Y/10Y/Smile/-0.02,0.0069762900
2025-02-10,SWAPTION/RATE_NVOL/USD/SOFR/15Y/10Y/Smile/-0.03,0.0070217200
2025-02-10,SWAPTION/RATE_NVOL/USD/SOFR/15Y/10Y/Smile/-0.04,0.0071790200
2025-02-10,SWAPTION/RATE_NVOL/USD/SOFR/15Y/10Y/Smile/0.0025,0.0078351700
2025-02-10,SWAPTION/RATE_NVOL/USD/SOFR/15Y/10Y/Smile/0.005,0.0079800200
2025-02-10,SWAPTION/RATE_NVOL/USD/SOFR/15Y/10Y/Smile/0.0075,0.0082294700
2025-02-10,SWAPTION/RATE_NVOL/USD/SOFR/15Y/10Y/Smile/0.01,0.0083490800
2025-02-10,SWAPTION/RATE_NVOL/USD/SOFR/15Y/10Y/Smile/0.015,0.0087042400
2025-02-10,SWAPTION/RATE_NVOL/USD/SOFR/15Y/10Y/Smile/0.02,0.0091160200
2025-02-10,SWAPTION/RATE_NVOL/USD/SOFR/15Y/10Y/Smile/0.03,0.0099340800
2025-02-10,SWAPTION/RATE_NVOL/USD/SOFR/15Y/10Y/Smile/0.04,0.0107127200
2025-02-10,SWAPTION/RATE_NVOL/USD/SOFR/15Y/15Y/ATM,0.0074245200
2025-02-10,SWAPTION/RATE_NVOL/USD/SOFR/15Y/15Y/Smile/-0.0025,0.0073101900
2025-02-10,SWAPTION/RATE_NVOL/USD/SOFR/15Y/15Y/Smile/-0.005,0.0071988900
2025-02-10,SWAPTION/RATE_NVOL/USD/SOFR/15Y/15Y/Smile/-0.0075,0.0070719100
2025-02-10,SWAPTION/RATE_NVOL/USD/SOFR/15Y/15Y/Smile/-0.01,0.0069222700
2025-02-10,SWAPTION/RATE_NVOL/USD/SOFR/15Y/15Y/Smile/-0.015,0.0068116000
2025-02-10,SWAPTION/RATE_NVOL/USD/SOFR/15Y/15Y/Smile/-0.02,0.0066921200
2025-02-10,SWAPTION/RATE_NVOL/USD/SOFR/15Y/15Y/Smile/-0.03,0.0066949700
2025-02-10,SWAPTION/RATE_NVOL/USD/SOFR/15Y/15Y/Smile/-0.04,0.0067796800
2025-02-10,SWAPTION/RATE_NVOL/USD/SOFR/15Y/15Y/Smile/0.0025,0.0075431800
2025-02-10,SWAPTION/RATE_NVOL/USD/SOFR/15Y/15Y/Smile/0.005,0.0077035400
2025-02-10,SWAPTION/RATE_NVOL/USD/SOFR/15Y/15Y/Smile/0.0075,0.0079204900
2025-02-10,SWAPTION/RATE_NVOL/USD/SOFR/15Y/15Y/Smile/0.01,0.0081099900
2025-02-10,SWAPTION/RATE_NVOL/USD/SOFR/15Y/15Y/Smile/0.015,0.0084788100
2025-02-10,SWAPTION/RATE_NVOL/USD/SOFR/15Y/15Y/Smile/0.02,0.0088139200
2025-02-10,SWAPTION/RATE_NVOL/USD/SOFR/15Y/15Y/Smile/0.03,0.0095841000
2025-02-10,SWAPTION/RATE_NVOL/USD/SOFR/15Y/15Y/Smile/0.04,0.0104699000
2025-02-10,SWAPTION/RATE_NVOL/USD/SOFR/15Y/1Y/ATM,0.0085477200
2025-02-10,SWAPTION/RATE_NVOL/USD/SOFR/15Y/1Y/Smile/-0.0025,0.0083927900
2025-02-10,SWAPTION/RATE_NVOL/USD/SOFR/15Y/1Y/Smile/-0.005,0.0082804700
2025-02-10,SWAPTION/RATE_NVOL/USD/SOFR/15Y/1Y/Smile/-0.0075,0.0081808600
2025-02-10,SWAPTION/RATE_NVOL/USD/SOFR/15Y/1Y/Smile/-0.01,0.0081981100
2025-02-10,SWAPTION/RATE_NVOL/USD/SOFR/15Y/1Y/Smile/-0.015,0.0081479000
2025-02-10,SWAPTION/RATE_NVOL/USD/SOFR/15Y/1Y/Smile/-0.02,0.0081174400
2025-02-10,SWAPTION/RATE_NVOL/USD/SOFR/15Y/1Y/Smile/-0.03,0.0083833800
2025-02-10,SWAPTION/RATE_NVOL/USD/SOFR/15Y/1Y/Smile/-0.04,0.0086355300
2025-02-10,SWAPTION/RATE_NVOL/USD/SOFR/15Y/1Y/Smile/0.0025,0.0086394300
2025-02-10,SWAPTION/RATE_NVOL/USD/SOFR/15Y/1Y/Smile/0.005,0.0088138100
2025-02-10,SWAPTION/RATE_NVOL/USD/SOFR/15Y/1Y/Smile/0.0075,0.0089741500
2025-02-10,SWAPTION/RATE_NVOL/USD/SOFR/15Y/1Y/Smile/0.01,0.0092083400
2025-02-10,SWAPTION/RATE_NVOL/USD/SOFR/15Y/1Y/Smile/0.015,0.0095593700
2025-02-10,SWAPTION/RATE_NVOL/USD/SOFR/15Y/1Y/Smile/0.02,0.0099972800
2025-02-10,SWAPTION/RATE_NVOL/USD/SOFR/15Y/1Y/Smile/0.03,0.0110173200
2025-02-10,SWAPTION/RATE_NVOL/USD/SOFR/15Y/1Y/Smile/0.04,0.0119753600
2025-02-10,SWAPTION/RATE_NVOL/USD/SOFR/15Y/20Y/ATM,0.0073264200
2025-02-10,SWAPTION/RATE_NVOL/USD/SOFR/15Y/20Y/Smile/-0.0025,0.0071571900
2025-02-10,SWAPTION/RATE_NVOL/USD/SOFR/15Y/20Y/Smile/-0.005,0.0070326100
2025-02-10,SWAPTION/RATE_NVOL/USD/SOFR/15Y/20Y/Smile/-0.0075,0.0069113100
2025-02-10,SWAPTION/RATE_NVOL/USD/SOFR/15Y/20Y/Smile/-0.01,0.0068080600
2025-02-10,SWAPTION/RATE_NVOL/USD/SOFR/15Y/20Y/Smile/-0.015,0.0066442100
2025-02-10,SWAPTION/RATE_NVOL/USD/SOFR/15Y/20Y/Smile/-0.02,0.0065633600
2025-02-10,SWAPTION/RATE_NVOL/USD/SOFR/15Y/20Y/Smile/-0.03,0.0064305600
2025-02-10,SWAPTION/RATE_NVOL/USD/SOFR/15Y/20Y/Smile/-0.04,0.0064232700
2025-02-10,SWAPTION/RATE_NVOL/USD/SOFR/15Y/20Y/Smile/0.0025,0.0074813600
2025-02-10,SWAPTION/RATE_NVOL/USD/SOFR/15Y/20Y/Smile/0.005,0.0076035600
2025-02-10,SWAPTION/RATE_NVOL/USD/SOFR/15Y/20Y/Smile/0.0075,0.0077999800
2025-02-10,SWAPTION/RATE_NVOL/USD/SOFR/15Y/20Y/Smile/0.01,0.0079339100
2025-02-10,SWAPTION/RATE_NVOL/USD/SOFR/15Y/20Y/Smile/0.015,0.0083069600
2025-02-10,SWAPTION/RATE_NVOL/USD/SOFR/15Y/20Y/Smile/0.02,0.0087082500
2025-02-10,SWAPTION/RATE_NVOL/USD/SOFR/15Y/20Y/Smile/0.03,0.0094856000
2025-02-10,SWAPTION/RATE_NVOL/USD/SOFR/15Y/20Y/Smile/0.04,0.0103078500
2025-02-10,SWAPTION/RATE_NVOL/USD/SOFR/15Y/25Y/ATM,0.0072714800
2025-02-10,SWAPTION/RATE_NVOL/USD/SOFR/15Y/2Y/ATM,0.0082826700
2025-02-10,SWAPTION/RATE_NVOL/USD/SOFR/15Y/2Y/Smile/-0.0025,0.0082179700
2025-02-10,SWAPTION/RATE_NVOL/USD/SOFR/15Y/2Y/Smile/-0.005,0.0080675000
2025-02-10,SWAPTION/RATE_NVOL/USD/SOFR/15Y/2Y/Smile/-0.0075,0.0079871100
2025-02-10,SWAPTION/RATE_NVOL/USD/SOFR/15Y/2Y/Smile/-0.01,0.0079354900
2025-02-10,SWAPTION/RATE_NVOL/USD/SOFR/15Y/2Y/Smile/-0.015,0.0078953900
2025-02-10,SWAPTION/RATE_NVOL/USD/SOFR/15Y/2Y/Smile/-0.02,0.0079679000
2025-02-10,SWAPTION/RATE_NVOL/USD/SOFR/15Y/2Y/Smile/-0.03,0.0081352000
2025-02-10,SWAPTION/RATE_NVOL/USD/SOFR/15Y/2Y/Smile/-0.04,0.0083965900
2025-02-10,SWAPTION/RATE_NVOL/USD/SOFR/15Y/2Y/Smile/0.0025,0.0084197800
2025-02-10,SWAPTION/RATE_NVOL/USD/SOFR/15Y/2Y/Smile/0.005,0.0085898700
2025-02-10,SWAPTION/RATE_NVOL/USD/SOFR/15Y/2Y/Smile/0.0075,0.0087743400
2025-02-10,SWAPTION/RATE_NVOL/USD/SOFR/15Y/2Y/Smile/0.01,0.0090370800
2025-02-10,SWAPTION/RATE_NVOL/USD/SOFR/15Y/2Y/Smile/0.015,0.0094363300
2025-02-10,SWAPTION/RATE_NVOL/USD/SOFR/15Y/2Y/Smile/0.02,0.0098768400
2025-02-10,SWAPTION/RATE_NVOL/USD/SOFR/15Y/2Y/Smile/0.03,0.0108981900
2025-02-10,SWAPTION/RATE_NVOL/USD/SOFR/15Y/2Y/Smile/0.04,0.0118936500
2025-02-10,SWAPTION/RATE_NVOL/USD/SOFR/15Y/30Y/ATM,0.0072226400
2025-02-10,SWAPTION/RATE_NVOL/USD/SOFR/15Y/30Y/Smile/-0.0025,0.0071450800
2025-02-10,SWAPTION/RATE_NVOL/USD/SOFR/15Y/30Y/Smile/-0.005,0.0069884000
2025-02-10,SWAPTION/RATE_NVOL/USD/SOFR/15Y/30Y/Smile/-0.0075,0.0068701200
2025-02-10,SWAPTION/RATE_NVOL/USD/SOFR/15Y/30Y/Smile/-0.01,0.0068227800
2025-02-10,SWAPTION/RATE_NVOL/USD/SOFR/15Y/30Y/Smile/-0.015,0.0067008200
2025-02-10,SWAPTION/RATE_NVOL/USD/SOFR/15Y/30Y/Smile/-0.02,0.0066477800
2025-02-10,SWAPTION/RATE_NVOL/USD/SOFR/15Y/30Y/Smile/-0.03,0.0066310400
2025-02-10,SWAPTION/RATE_NVOL/USD/SOFR/15Y/30Y/Smile/-0.04,0.0068165100
2025-02-10,SWAPTION/RATE_NVOL/USD/SOFR/15Y/30Y/Smile/0.0025,0.0073460200
2025-02-10,SWAPTION/RATE_NVOL/USD/SOFR/15Y/30Y/Smile/0.005,0.0075394800
2025-02-10,SWAPTION/RATE_NVOL/USD/SOFR/15Y/30Y/Smile/0.0075,0.0076839700
2025-02-10,SWAPTION/RATE_NVOL/USD/SOFR/15Y/30Y/Smile/0.01,0.0078425000
2025-02-10,SWAPTION/RATE_NVOL/USD/SOFR/15Y/30Y/Smile/0.015,0.0082440000
2025-02-10,SWAPTION/RATE_NVOL/USD/SOFR/15Y/30Y/Smile/0.02,0.0085368400
2025-02-10,SWAPTION/RATE_NVOL/USD/SOFR/15Y/30Y/Smile/0.03,0.0093881300
2025-02-10,SWAPTION/RATE_NVOL/USD/SOFR/15Y/30Y/Smile/0.04,0.0101160300
2025-02-10,SWAPTION/RATE_NVOL/USD/SOFR/15Y/3Y/ATM,0.0082124500
2025-02-10,SWAPTION/RATE_NVOL/USD/SOFR/15Y/4Y/ATM,0.0081555500
2025-02-10,SWAPTION/RATE_NVOL/USD/SOFR/15Y/5Y/ATM,0.0080015200
2025-02-10,SWAPTION/RATE_NVOL/USD/SOFR/15Y/5Y/Smile/-0.0025,0.0079098500
2025-02-10,SWAPTION/RATE_NVOL/USD/SOFR/15Y/5Y/Smile/-0.005,0.0077739900
2025-02-10,SWAPTION/RATE_NVOL/USD/SOFR/15Y/5Y/Smile/-0.0075,0.0076344200
2025-02-10,SWAPTION/RATE_NVOL/USD/SOFR/15Y/5Y/Smile/-0.01,0.0075195200
2025-02-10,SWAPTION/RATE_NVOL/USD/SOFR/15Y/5Y/Smile/-0.015,0.0074165700
2025-02-10,SWAPTION/RATE_NVOL/USD/SOFR/15Y/5Y/Smile/-0.02,0.0073193000
2025-02-10,SWAPTION/RATE_NVOL/USD/SOFR/15Y/5Y/Smile/-0.03,0.0074108700
2025-02-10,SWAPTION/RATE_NVOL/USD/SOFR/15Y/5Y/Smile/-0.04,0.0075557600
2025-02-10,SWAPTION/RATE_NVOL/USD/SOFR/15Y/5Y/Smile/0.0025,0.0082441000
2025-02-10,SWAPTION/RATE_NVOL/USD/SOFR/15Y/5Y/Smile/0.005,0.0083500500
2025-02-10,SWAPTION/RATE_NVOL/USD/SOFR/15Y/5Y/Smile/0.0075,0.0085944800
2025-02-10,SWAPTION/RATE_NVOL/USD/SOFR/15Y/5Y/Smile/0.01,0.0087256600
2025-02-10,SWAPTION/RATE_NVOL/USD/SOFR/15Y/5Y/Smile/0.015,0.0091972000
2025-02-10,SWAPTION/RATE_NVOL/USD/SOFR/15Y/5Y/Smile/0.02,0.0095834000
2025-02-10,SWAPTION/RATE_NVOL/USD/SOFR/15Y/5Y/Smile/0.03,0.0105329900
2025-02-10,SWAPTION/RATE_NVOL/USD/SOFR/15Y/5Y/Smile/0.04,0.0114045100
2025-02-10,SWAPTION/RATE_NVOL/USD/SOFR/15Y/6Y/ATM,0.0079845700
2025-02-10,SWAPTION/RATE_NVOL/USD/SOFR/15Y/7Y/ATM,0.0079007200
2025-02-10,SWAPTION/RATE_NVOL/USD/SOFR/15Y/8Y/ATM,0.0078456900
2025-02-10,SWAPTION/RATE_NVOL/USD/SOFR/15Y/9Y/ATM,0.0077941500
2025-02-10,SWAPTION/RATE_NVOL/USD/SOFR/18M/10Y/ATM,0.0098309700
2025-02-10,SWAPTION/RATE_NVOL/USD/SOFR/18M/15Y/ATM,0.0093727500
2025-02-10,SWAPTION/RATE_NVOL/USD/SOFR/18M/1Y/ATM,0.0107486900
2025-02-10,SWAPTION/RATE_NVOL/USD/SOFR/18M/20Y/ATM,0.0091142600
2025-02-10,SWAPTION/RATE_NVOL/USD/SOFR/18M/25Y/ATM,0.0089325100
2025-02-10,SWAPTION/RATE_NVOL/USD/SOFR/18M/2Y/ATM,0.0105960600
2025-02-10,SWAPTION/RATE_NVOL/USD/SOFR/18M/30Y/ATM,0.0088975300
2025-02-10,SWAPTION/RATE_NVOL/USD/SOFR/18M/3Y/ATM,0.0105076000
2025-02-10,SWAPTION/RATE_NVOL/USD/SOFR/18M/4Y/ATM,0.0103861800
2025-02-10,SWAPTION/RATE_NVOL/USD/SOFR/18M/5Y/ATM,0.0102940100
2025-02-10,SWAPTION/RATE_NVOL/USD/SOFR/18M/6Y/ATM,0.0101651600
2025-02-10,SWAPTION/RATE_NVOL/USD/SOFR/18M/7Y/ATM,0.0099890700
2025-02-10,SWAPTION/RATE_NVOL/USD/SOFR/18M/8Y/ATM,0.0099044800
2025-02-10,SWAPTION/RATE_NVOL/USD/SOFR/18M/9Y/ATM,0.0098322900
2025-02-10,SWAPTION/RATE_NVOL/USD/SOFR/1M/10Y/ATM,0.0090627200
2025-02-10,SWAPTION/RATE_NVOL/USD/SOFR/1M/10Y/Smile/-0.0025,0.0093772700
2025-02-10,SWAPTION/RATE_NVOL/USD/SOFR/1M/10Y/Smile/-0.005,0.0100852900
2025-02-10,SWAPTION/RATE_NVOL/USD/SOFR/1M/10Y/Smile/-0.0075,0.0110068500
2025-02-10,SWAPTION/RATE_NVOL/USD/SOFR/1M/10Y/Smile/-0.01,0.0120537400
2025-02-10,SWAPTION/RATE_NVOL/USD/SOFR/1M/10Y/Smile/-0.015,0.0140282700
2025-02-10,SWAPTION/RATE_NVOL/USD/SOFR/1M/10Y/Smile/-0.02,0.0158921800
2025-02-10,SWAPTION/RATE_NVOL/USD/SOFR/1M/10Y/Smile/-0.03,0.0192658300
2025-02-10,SWAPTION/RATE_NVOL/USD/SOFR/1M/10Y/Smile/-0.04,0.0219082500
2025-02-10,SWAPTION/RATE_NVOL/USD/SOFR/1M/10Y/Smile/0.0025,0.0092062400
2025-02-10,SWAPTION/RATE_NVOL/USD/SOFR/1M/10Y/Smile/0.005,0.0099407200
2025-02-10,SWAPTION/RATE_NVOL/USD/SOFR/1M/10Y/Smile/0.0075,0.0108676600
2025-02-10,SWAPTION/RATE_NVOL/USD/SOFR/1M/10Y/Smile/0.01,0.0119100700
2025-02-10,SWAPTION/RATE_NVOL/USD/SOFR/1M/10Y/Smile/0.015,0.0142355400
2025-02-10,SWAPTION/RATE_NVOL/USD/SOFR/1M/10Y/Smile/0.02,0.0165185500
2025-02-10,SWAPTION/RATE_NVOL/USD/SOFR/1M/10Y/Smile/0.03,0.0209012000
2025-02-10,SWAPTION/RATE_NVOL/USD/SOFR/1M/10Y/Smile/0.04,0.0252229200
2025-02-10,SWAPTION/RATE_NVOL/USD/SOFR/1M/15Y/ATM,0.0086859200
2025-02-10,SWAPTION/RATE_NVOL/USD/SOFR/1M/15Y/Smile/-0.0025,0.0089074700
2025-02-10,SWAPTION/RATE_NVOL/USD/SOFR/1M/15Y/Smile/-0.005,0.0095503300
2025-02-10,SWAPTION/RATE_NVOL/USD/SOFR/1M/15Y/Smile/-0.0075,0.0102272300
2025-02-10,SWAPTION/RATE_NVOL/USD/SOFR/1M/15Y/Smile/-0.01,0.0110504500
2025-02-10,SWAPTION/RATE_NVOL/USD/SOFR/1M/15Y/Smile/-0.015,0.0126371700
2025-02-10,SWAPTION/RATE_NVOL/USD/SOFR/1M/15Y/Smile/-0.02,0.0143128000
2025-02-10,SWAPTION/RATE_NVOL/USD/SOFR/1M/15Y/Smile/-0.03,0.0172131400
2025-02-10,SWAPTION/RATE_NVOL/USD/SOFR/1M/15Y/Smile/-0.04,0.0196376800
2025-02-10,SWAPTION/RATE_NVOL/USD/SOFR/1M/15Y/Smile/0.0025,0.0088571900
2025-02-10,SWAPTION/RATE_NVOL/USD/SOFR/1M/15Y/Smile/0.005,0.0094586700
2025-02-10,SWAPTION/RATE_NVOL/USD/SOFR/1M/15Y/Smile/0.0075,0.0102270300
2025-02-10,SWAPTION/RATE_NVOL/USD/SOFR/1M/15Y/Smile/0.01,0.0111759100
2025-02-10,SWAPTION/RATE_NVOL/USD/SOFR/1M/15Y/Smile/0.015,0.0130741900
2025-02-10,SWAPTION/RATE_NVOL/USD/SOFR/1M/15Y/Smile/0.02,0.0150962800
2025-02-10,SWAPTION/RATE_NVOL/USD/SOFR/1M/15Y/Smile/0.03,0.0189558900
2025-02-10,SWAPTION/RATE_NVOL/USD/SOFR/1M/15Y/Smile/0.04,0.0226511000
2025-02-10,SWAPTION/RATE_NVOL/USD/SOFR/1M/1Y/ATM,0.0055042200
2025-02-10,SWAPTION/RATE_NVOL/USD/SOFR/1M/1Y/Smile/-0.0025,0.0065803900
2025-02-10,SWAPTION/RATE_NVOL/USD/SOFR/1M/1Y/Smile/-0.005,0.0077186800
2025-02-10,SWAPTION/RATE_NVOL/USD/SOFR/1M/1Y/Smile/-0.0075,0.0087913900
2025-02-10,SWAPTION/RATE_NVOL/USD/SOFR/1M/1Y/Smile/-0.01,0.0099194700
2025-02-10,SWAPTION/RATE_NVOL/USD/SOFR/1M/1Y/Smile/-0.015,0.0118964500
2025-02-10,SWAPTION/RATE_NVOL/USD/SOFR/1M/1Y/Smile/-0.02,0.0137425900
2025-02-10,SWAPTION/RATE_NVOL/USD/SOFR/1M/1Y/Smile/-0.03,0.0168921800
2025-02-10,SWAPTION/RATE_NVOL/USD/SOFR/1M/1Y/Smile/-0.04,0.0192947000
2025-02-10,SWAPTION/RATE_NVOL/USD/SOFR/1M/1Y/Smile/0.0025,0.0049072900
2025-02-10,SWAPTION/RATE_NVOL/USD/SOFR/1M/1Y/Smile/0.005,0.0051564400
2025-02-10,SWAPTION/RATE_NVOL/USD/SOFR/1M/1Y/Smile/0.0075,0.0058153100
2025-02-10,SWAPTION/RATE_NVOL/USD/SOFR/1M/1Y/Smile/0.01,0.0066052000
2025-02-10,SWAPTION/RATE_NVOL/USD/SOFR/1M/1Y/Smile/0.015,0.0082741300
2025-02-10,SWAPTION/RATE_NVOL/USD/SOFR/1M/1Y/Smile/0.02,0.0098891700
2025-02-10,SWAPTION/RATE_NVOL/USD/SOFR/1M/1Y/Smile/0.03,0.0130468500
2025-02-10,SWAPTION/RATE_NVOL/USD/SOFR/1M/1Y/Smile/0.04,0.0160969200
2025-02-10,SWAPTION/RATE_NVOL/USD/SOFR/1M/20Y/ATM,0.0084373600
2025-02-10,SWAPTION/RATE_NVOL/USD/SOFR/1M/20Y/Smile/-0.0025,0.0085795800
2025-02-10,SWAPTION/RATE_NVOL/USD/SOFR/1M/20Y/Smile/-0.005,0.0089087800
2025-02-10,SWAPTION/RATE_NVOL/USD/SOFR/1M/20Y/Smile/-0.0075,0.0094854000
2025-02-10,SWAPTION/RATE_NVOL/USD/SOFR/1M/20Y/Smile/-0.01,0.0100829900
2025-02-10,SWAPTION/RATE_NVOL/USD/SOFR/1M/20Y/Smile/-0.015,0.0114093900
2025-02-10,SWAPTION/RATE_NVOL/USD/SOFR/1M/20Y/Smile/-0.02,0.0128214400
2025-02-10,SWAPTION/RATE_NVOL/USD/SOFR/1M/20Y/Smile/-0.03,0.0152042000
2025-02-10,SWAPTION/RATE_NVOL/USD/SOFR/1M/20Y/Smile/-0.04,0.0173076100
2025-02-10,SWAPTION/RATE_NVOL/USD/SOFR/1M/20Y/Smile/0.0025,0.0085893700
2025-02-10,SWAPTION/RATE_NVOL/USD/SOFR/1M/20Y/Smile/0.005,0.0090624800
2025-02-10,SWAPTION/RATE_NVOL/USD/SOFR/1M/20Y/Smile/0.0075,0.0097000500
2025-02-10,SWAPTION/RATE_NVOL/USD/SOFR/1M/20Y/Smile/0.01,0.0104335000
2025-02-10,SWAPTION/RATE_NVOL/USD/SOFR/1M/20Y/Smile/0.015,0.0120447300
2025-02-10,SWAPTION/RATE_NVOL/USD/SOFR/1M/20Y/Smile/0.02,0.0135999800
2025-02-10,SWAPTION/RATE_NVOL/USD/SOFR/1M/20Y/Smile/0.03,0.0169464800
2025-02-10,SWAPTION/RATE_NVOL/USD/SOFR/1M/20Y/Smile/0.04,0.0202217800
2025-02-10,SWAPTION/RATE_NVOL/USD/SOFR/1M/25Y/ATM,0.0083033500
2025-02-10,SWAPTION/RATE_NVOL/USD/SOFR/1M/2Y/ATM,0.0079977600
2025-02-10,SWAPTION/RATE_NVOL/USD/SOFR/1M/2Y/Smile/-0.0025,0.0091616300
2025-02-10,SWAPTION/RATE_NVOL/USD/SOFR/1M/2Y/Smile/-0.005,0.0103201100
2025-02-10,SWAPTION/RATE_NVOL/USD/SOFR/1M/2Y/Smile/-0.0075,0.0114839600
2025-02-10,SWAPTION/RATE_NVOL/USD/SOFR/1M/2Y/Smile/-0.01,0.0126152800
2025-02-10,SWAPTION/RATE_NVOL/USD/SOFR/1M/2Y/Smile/-0.015,0.0147958900
2025-02-10,SWAPTION/RATE_NVOL/USD/SOFR/1M/2Y/Smile/-0.02,0.0166817400
2025-02-10,SWAPTION/RATE_NVOL/USD/SOFR/1M/2Y/Smile/-0.03,0.0200503500
2025-02-10,SWAPTION/RATE_NVOL/USD/SOFR/1M/2Y/Smile/-0.04,0.0229440500
2025-02-10,SWAPTION/RATE_NVOL/USD/SOFR/1M/2Y/Smile/0.0025,0.0071154300
2025-02-10,SWAPTION/RATE_NVOL/USD/SOFR/1M/2Y/Smile/0.005,0.0068477000
2025-02-10,SWAPTION/RATE_NVOL/USD/SOFR/1M/2Y/Smile/0.0075,0.0071536700
2025-02-10,SWAPTION/RATE_NVOL/USD/SOFR/1M/2Y/Smile/0.01,0.0078004900
2025-02-10,SWAPTION/RATE_NVOL/USD/SOFR/1M/2Y/Smile/0.015,0.0094002800
2025-02-10,SWAPTION/RATE_NVOL/USD/SOFR/1M/2Y/Smile/0.02,0.0110169300
2025-02-10,SWAPTION/RATE_NVOL/USD/SOFR/1M/2Y/Smile/0.03,0.0142917200
2025-02-10,SWAPTION/RATE_NVOL/USD/SOFR/1M/2Y/Smile/0.04,0.0175017500
2025-02-10,SWAPTION/RATE_NVOL/USD/SOFR/1M/30Y/ATM,0.0082547400
2025-02-10,SWAPTION/RATE_NVOL/USD/SOFR/1M/30Y/Smile/-0.0025,0.0084524200
2025-02-10,SWAPTION/RATE_NVOL/USD/SOFR/1M/30Y/Smile/-0.005,0.0090596400
2025-02-10,SWAPTION/RATE_NVOL/USD/SOFR/1M/30Y/Smile/-0.0075,0.0098859300
2025-02-10,SWAPTION/RATE_NVOL/USD/SOFR/1M/30Y/Smile/-0.01,0.0108024500
2025-02-10,SWAPTION/RATE_NVOL/USD/SOFR/1M/30Y/Smile/-0.015,0.0125658100
2025-02-10,SWAPTION/RATE_NVOL/USD/SOFR/1M/30Y/Smile/-0.02,0.0142301000
2025-02-10,SWAPTION/RATE_NVOL/USD/SOFR/1M/30Y/Smile/-0.03,0.0174684400
2025-02-10,SWAPTION/RATE_NVOL/USD/SOFR/1M/30Y/Smile/-0.04,0.0201847800
2025-02-10,SWAPTION/RATE_NVOL/USD/SOFR/1M/30Y/Smile/0.0025,0.0085657600
2025-02-10,SWAPTION/RATE_NVOL/USD/SOFR/1M/30Y/Smile/0.005,0.0092088900
2025-02-10,SWAPTION/RATE_NVOL/USD/SOFR/1M/30Y/Smile/0.0075,0.0100909700
2025-02-10,SWAPTION/RATE_NVOL/USD/SOFR/1M/30Y/Smile/0.01,0.0111181300
2025-02-10,SWAPTION/RATE_NVOL/USD/SOFR/1M/30Y/Smile/0.015,0.0131686500
2025-02-10,SWAPTION/RATE_NVOL/USD/SOFR/1M/30Y/Smile/0.02,0.0152104400
2025-02-10,SWAPTION/RATE_NVOL/USD/SOFR/1M/30Y/Smile/0.03,0.0191937500
2025-02-10,SWAPTION/RATE_NVOL/USD/SOFR/1M/30Y/Smile/0.04,0.0229905900
2025-02-10,SWAPTION/RATE_NVOL/USD/SOFR/1M/3Y/ATM,0.0087437600
2025-02-10,SWAPTION/RATE_NVOL/USD/SOFR/1M/4Y/ATM,0.0091500800
2025-02-10,SWAPTION/RATE_NVOL/USD/SOFR/1M/5Y/ATM,0.0093932100
2025-02-10,SWAPTION/RATE_NVOL/USD/SOFR/1M/5Y/Smile/-0.0025,0.0099337700
2025-02-10,SWAPTION/RATE_NVOL/USD/SOFR/1M/5Y/Smile/-0.005,0.0108349900
2025-02-10,SWAPTION/RATE_NVOL/USD/SOFR/1M/5Y/Smile/-0.0075,0.0118313000
2025-02-10,SWAPTION/RATE_NVOL/USD/SOFR/1M/5Y/Smile/-0.01,0.0129411700
2025-02-10,SWAPTION/RATE_NVOL/USD/SOFR/1M/5Y/Smile/-0.015,0.0151620500
2025-02-10,SWAPTION/RATE_NVOL/USD/SOFR/1M/5Y/Smile/-0.02,0.0170960900
2025-02-10,SWAPTION/RATE_NVOL/USD/SOFR/1M/5Y/Smile/-0.03,0.0209387400
2025-02-10,SWAPTION/RATE_NVOL/USD/SOFR/1M/5Y/Smile/-0.04,0.0241473400
2025-02-10,SWAPTION/RATE_NVOL/USD/SOFR/1M/5Y/Smile/0.0025,0.0094721800
2025-02-10,SWAPTION/RATE_NVOL/USD/SOFR/1M/5Y/Smile/0.005,0.0100492800
2025-02-10,SWAPTION/RATE_NVOL/USD/SOFR/1M/5Y/Smile/0.0075,0.0109543600
2025-02-10,SWAPTION/RATE_NVOL/USD/SOFR/1M/5Y/Smile/0.01,0.0121235700
2025-02-10,SWAPTION/RATE_NVOL/USD/SOFR/1M/5Y/Smile/0.015,0.0143012400
2025-02-10,SWAPTION/RATE_NVOL/USD/SOFR/1M/5Y/Smile/0.02,0.0166604100
2025-02-10,SWAPTION/RATE_NVOL/USD/SOFR/1M/5Y/Smile/0.03,0.0212528900
2025-02-10,SWAPTION/RATE_NVOL/USD/SOFR/1M/5Y/Smile/0.04,0.0255775600
2025-02-10,SWAPTION/RATE_NVOL/USD/SOFR/1M/6Y/ATM,0.0093028800
2025-02-10,SWAPTION/RATE_NVOL/USD/SOFR/1M/7Y/ATM,0.0092419300
2025-02-10,SWAPTION/RATE_NVOL/USD/SOFR/1M/8Y/ATM,0.0091225700
2025-02-10,SWAPTION/RATE_NVOL/USD/SOFR/1M/9Y/ATM,0.0090659400
2025-02-10,SWAPTION/RATE_NVOL/USD/SOFR/1Y/10Y/ATM,0.0098111900
2025-02-10,SWAPTION/RATE_NVOL/USD/SOFR/1Y/10Y/Smile/-0.0025,0.0097559800
2025-02-10,SWAPTION/RATE_NVOL/USD/SOFR/1Y/10Y/Smile/-0.005,0.0097206800
2025-02-10,SWAPTION/RATE_NVOL/USD/SOFR/1Y/10Y/Smile/-0.0075,0.0097674100
2025-02-10,SWAPTION/RATE_NVOL/USD/SOFR/1Y/10Y/Smile/-0.01,0.0099525500
2025-02-10,SWAPTION/RATE_NVOL/USD/SOFR/1Y/10Y/Smile/-0.015,0.0102289200
2025-02-10,SWAPTION/RATE_NVOL/USD/SOFR/1Y/10Y/Smile/-0.02,0.0107831800
2025-02-10,SWAPTION/RATE_NVOL/USD/SOFR/1Y/10Y/Smile/-0.03,0.0117621700
2025-02-10,SWAPTION/RATE_NVOL/USD/SOFR/1Y/10Y/Smile/-0.04,0.0128097200
2025-02-10,SWAPTION/RATE_NVOL/USD/SOFR/1Y/10Y/Smile/0.0025,0.0099329300
2025-02-10,SWAPTION/RATE_NVOL/USD/SOFR/1Y/10Y/Smile/0.005,0.0100468100
2025-02-10,SWAPTION/RATE_NVOL/USD/SOFR/1Y/10Y/Smile/0.0075,0.0102876300
2025-02-10,SWAPTION/RATE_NVOL/USD/SOFR/1Y/10Y/Smile/0.01,0.0106486800
2025-02-10,SWAPTION/RATE_NVOL/USD/SOFR/1Y/10Y/Smile/0.015,0.0113181000
2025-02-10,SWAPTION/RATE_NVOL/USD/SOFR/1Y/10Y/Smile/0.02,0.0120943500
2025-02-10,SWAPTION/RATE_NVOL/USD/SOFR/1Y/10Y/Smile/0.03,0.0136972300
2025-02-10,SWAPTION/RATE_NVOL/USD/SOFR/1Y/10Y/Smile/0.04,0.0153975200
2025-02-10,SWAPTION/RATE_NVOL/USD/SOFR/1Y/15Y/ATM,0.0094083800
2025-02-10,SWAPTION/RATE_NVOL/USD/SOFR/1Y/15Y/Smile/-0.0025,0.0093175300
2025-02-10,SWAPTION/RATE_NVOL/USD/SOFR/1Y/15Y/Smile/-0.005,0.0092980800
2025-02-10,SWAPTION/RATE_NVOL/USD/SOFR/1Y/15Y/Smile/-0.0075,0.0093874300
2025-02-10,SWAPTION/RATE_NVOL/USD/SOFR/1Y/15Y/Smile/-0.01,0.0094690300
2025-02-10,SWAPTION/RATE_NVOL/USD/SOFR/1Y/15Y/Smile/-0.015,0.0097793200
2025-02-10,SWAPTION/RATE_NVOL/USD/SOFR/1Y/15Y/Smile/-0.02,0.0101525400
2025-02-10,SWAPTION/RATE_NVOL/USD/SOFR/1Y/15Y/Smile/-0.03,0.0111512600
2025-02-10,SWAPTION/RATE_NVOL/USD/SOFR/1Y/15Y/Smile/-0.04,0.0119478600
2025-02-10,SWAPTION/RATE_NVOL/USD/SOFR/1Y/15Y/Smile/0.0025,0.0095065300
2025-02-10,SWAPTION/RATE_NVOL/USD/SOFR/1Y/15Y/Smile/0.005,0.0096841600
2025-02-10,SWAPTION/RATE_NVOL/USD/SOFR/1Y/15Y/Smile/0.0075,0.0099112600
2025-02-10,SWAPTION/RATE_NVOL/USD/SOFR/1Y/15Y/Smile/0.01,0.0102119700
2025-02-10,SWAPTION/RATE_NVOL/USD/SOFR/1Y/15Y/Smile/0.015,0.0109675500
2025-02-10,SWAPTION/RATE_NVOL/USD/SOFR/1Y/15Y/Smile/0.02,0.0117057700
2025-02-10,SWAPTION/RATE_NVOL/USD/SOFR/1Y/15Y/Smile/0.03,0.0132268100
2025-02-10,SWAPTION/RATE_NVOL/USD/SOFR/1Y/15Y/Smile/0.04,0.0149735700
2025-02-10,SWAPTION/RATE_NVOL/USD/SOFR/1Y/1Y/ATM,0.0102485900
2025-02-10,SWAPTION/RATE_NVOL/USD/SOFR/1Y/1Y/Smile/-0.0025,0.0104325700
2025-02-10,SWAPTION/RATE_NVOL/USD/SOFR/1Y/1Y/Smile/-0.005,0.0107810000
2025-02-10,SWAPTION/RATE_NVOL/USD/SOFR/1Y/1Y/Smile/-0.0075,0.0110764200
2025-02-10,SWAPTION/RATE_NVOL/USD/SOFR/1Y/1Y/Smile/-0.01,0.0115633100
2025-02-10,SWAPTION/RATE_NVOL/USD/SOFR/1Y/1Y/Smile/-0.015,0.0124590700
2025-02-10,SWAPTION/RATE_NVOL/USD/SOFR/1Y/1Y/Smile/-0.02,0.0134000900
2025-02-10,SWAPTION/RATE_NVOL/USD/SOFR/1Y/1Y/Smile/-0.03,0.0152707100
2025-02-10,SWAPTION/RATE_NVOL/USD/SOFR/1Y/1Y/Smile/-0.04,0.0167769700
2025-02-10,SWAPTION/RATE_NVOL/USD/SOFR/1Y/1Y/Smile/0.0025,0.0100763400
2025-02-10,SWAPTION/RATE_NVOL/USD/SOFR/1Y/1Y/Smile/0.005,0.0101324500
2025-02-10,SWAPTION/RATE_NVOL/USD/SOFR/1Y/1Y/Smile/0.0075,0.0102746600
2025-02-10,SWAPTION/RATE_NVOL/USD/SOFR/1Y/1Y/Smile/0.01,0.0105301500
2025-02-10,SWAPTION/RATE_NVOL/USD/SOFR/1Y/1Y/Smile/0.015,0.0112869800
2025-02-10,SWAPTION/RATE_NVOL/USD/SOFR/1Y/1Y/Smile/0.02,0.0123291000
2025-02-10,SWAPTION/RATE_NVOL/USD/SOFR/1Y/1Y/Smile/0.03,0.0144640100
2025-02-10,SWAPTION/RATE_NVOL/USD/SOFR/1Y/1Y/Smile/0.04,0.0165144100
2025-02-10,SWAPTION/RATE_NVOL/USD/SOFR/1Y/20Y/ATM,0.0089819000
2025-02-10,SWAPTION/RATE_NVOL/USD/SOFR/1Y/20Y/Smile/-0.0025,0.0089138500
2025-02-10,SWAPTION/RATE_NVOL/USD/SOFR/1Y/20Y/Smile/-0.005,0.0089284500
2025-02-10,SWAPTION/RATE_NVOL/USD/SOFR/1Y/20Y/Smile/-0.0075,0.0089519200
2025-02-10,SWAPTION/RATE_NVOL/USD/SOFR/1Y/20Y/Smile/-0.01,0.0090109700
2025-02-10,SWAPTION/RATE_NVOL/USD/SOFR/1Y/20Y/Smile/-0.015,0.0092933000
2025-02-10,SWAPTION/RATE_NVOL/USD/SOFR/1Y/20Y/Smile/-0.02,0.0096821900
2025-02-10,SWAPTION/RATE_NVOL/USD/SOFR/1Y/20Y/Smile/-0.03,0.0104165800
2025-02-10,SWAPTION/RATE_NVOL/USD/SOFR/1Y/20Y/Smile/-0.04,0.0111178400
2025-02-10,SWAPTION/RATE_NVOL/USD/SOFR/1Y/20Y/Smile/0.0025,0.0091459500
2025-02-10,SWAPTION/RATE_NVOL/USD/SOFR/1Y/20Y/Smile/0.005,0.0093313000
2025-02-10,SWAPTION/RATE_NVOL/USD/SOFR/1Y/20Y/Smile/0.0075,0.0095594000
2025-02-10,SWAPTION/RATE_NVOL/USD/SOFR/1Y/20Y/Smile/0.01,0.0099185100
2025-02-10,SWAPTION/RATE_NVOL/USD/SOFR/1Y/20Y/Smile/0.015,0.0105279100
2025-02-10,SWAPTION/RATE_NVOL/USD/SOFR/1Y/20Y/Smile/0.02,0.0113042500
2025-02-10,SWAPTION/RATE_NVOL/USD/SOFR/1Y/20Y/Smile/0.03,0.0128763200
2025-02-10,SWAPTION/RATE_NVOL/USD/SOFR/1Y/20Y/Smile/0.04,0.0146061300
2025-02-10,SWAPTION/RATE_NVOL/USD/SOFR/1Y/25Y/ATM,0.0088634000
2025-02-10,SWAPTION/RATE_NVOL/USD/SOFR/1Y/2Y/ATM,0.0103997700
2025-02-10,SWAPTION/RATE_NVOL/USD/SOFR/1Y/2Y/Smile/-0.0025,0.0105001100
2025-02-10,SWAPTION/RATE_NVOL/USD/SOFR/1Y/2Y/Smile/-0.005,0.0107027200
2025-02-10,SWAPTION/RATE_NVOL/USD/SOFR/1Y/2Y/Smile/-0.0075,0.0110152600
2025-02-10,SWAPTION/RATE_NVOL/USD/SOFR/1Y/2Y/Smile/-0.01,0.0113363300
2025-02-10,SWAPTION/RATE_NVOL/USD/SOFR/1Y/2Y/Smile/-0.015,0.0119595600
2025-02-10,SWAPTION/RATE_NVOL/USD/SOFR/1Y/2Y/Smile/-0.02,0.0126063500
2025-02-10,SWAPTION/RATE_NVOL/USD/SOFR/1Y/2Y/Smile/-0.03,0.0139888200
2025-02-10,SWAPTION/RATE_NVOL/USD/SOFR/1Y/2Y/Smile/-0.04,0.0152014000
2025-02-10,SWAPTION/RATE_NVOL/USD/SOFR/1Y/2Y/Smile/0.0025,0.0103457500
2025-02-10,SWAPTION/RATE_NVOL/USD/SOFR/1Y/2Y/Smile/0.005,0.0103481600
2025-02-10,SWAPTION/RATE_NVOL/USD/SOFR/1Y/2Y/Smile/0.0075,0.0103843900
2025-02-10,SWAPTION/RATE_NVOL/USD/SOFR/1Y/2Y/Smile/0.01,0.0105644400
2025-02-10,SWAPTION/RATE_NVOL/USD/SOFR/1Y/2Y/Smile/0.015,0.0110514800
2025-02-10,SWAPTION/RATE_NVOL/USD/SOFR/1Y/2Y/Smile/0.02,0.0117450800
2025-02-10,SWAPTION/RATE_NVOL/USD/SOFR/1Y/2Y/Smile/0.03,0.0133909300
2025-02-10,SWAPTION/RATE_NVOL/USD/SOFR/1Y/2Y/Smile/0.04,0.0151214600
2025-02-10,SWAPTION/RATE_NVOL/USD/SOFR/1Y/30Y/ATM,0.0087773300
2025-02-10,SWAPTION/RATE_NVOL/USD/SOFR/1Y/30Y/Smile/-0.0025,0.0087115900
2025-02-10,SWAPTION/RATE_NVOL/USD/SOFR/1Y/30Y/Smile/-0.005,0.0086957300
2025-02-10,SWAPTION/RATE_NVOL/USD/SOFR/1Y/30Y/Smile/-0.0075,0.0087629900
2025-02-10,SWAPTION/RATE_NVOL/USD/SOFR/1Y/30Y/Smile/-0.01,0.0088951600
2025-02-10,SWAPTION/RATE_NVOL/USD/SOFR/1Y/30Y/Smile/-0.015,0.0093381600
2025-02-10,SWAPTION/RATE_NVOL/USD/SOFR/1Y/30Y/Smile/-0.02,0.0099502000
2025-02-10,SWAPTION/RATE_NVOL/USD/SOFR/1Y/30Y/Smile/-0.03,0.0111087300
2025-02-10,SWAPTION/RATE_NVOL/USD/SOFR/1Y/30Y/Smile/-0.04,0.0121667600
2025-02-10,SWAPTION/RATE_NVOL/USD/SOFR/1Y/30Y/Smile/0.0025,0.0089190200
2025-02-10,SWAPTION/RATE_NVOL/USD/SOFR/1Y/30Y/Smile/0.005,0.0091441400
2025-02-10,SWAPTION/RATE_NVOL/USD/SOFR/1Y/30Y/Smile/0.0075,0.0094663400
2025-02-10,SWAPTION/RATE_NVOL/USD/SOFR/1Y/30Y/Smile/0.01,0.0098514700
2025-02-10,SWAPTION/RATE_NVOL/USD/SOFR/1Y/30Y/Smile/0.015,0.0106229400
2025-02-10,SWAPTION/RATE_NVOL/USD/SOFR/1Y/30Y/Smile/0.02,0.0114985700
2025-02-10,SWAPTION/RATE_NVOL/USD/SOFR/1Y/30Y/Smile/0.03,0.0133719400
2025-02-10,SWAPTION/RATE_NVOL/USD/SOFR/1Y/30Y/Smile/0.04,0.0151134600
2025-02-10,SWAPTION/RATE_NVOL/USD/SOFR/1Y/3Y/ATM,0.0102870700
2025-02-10,SWAPTION/RATE_NVOL/USD/SOFR/1Y/4Y/ATM,0.0102901500
2025-02-10,SWAPTION/RATE_NVOL/USD/SOFR/1Y/5Y/ATM,0.0102234400
2025-02-10,SWAPTION/RATE_NVOL/USD/SOFR/1Y/5Y/Smile/-0.0025,0.0102144000
2025-02-10,SWAPTION/RATE_NVOL/USD/SOFR/1Y/5Y/Smile/-0.005,0.0103286000
2025-02-10,SWAPTION/RATE_NVOL/USD/SOFR/1Y/5Y/Smile/-0.0075,0.0104883300
2025-02-10,SWAPTION/RATE_NVOL/USD/SOFR/1Y/5Y/Smile/-0.01,0.0106865100
2025-02-10,SWAPTION/RATE_NVOL/USD/SOFR/1Y/5Y/Smile/-0.015,0.0112646700
2025-02-10,SWAPTION/RATE_NVOL/USD/SOFR/1Y/5Y/Smile/-0.02,0.0119192000
2025-02-10,SWAPTION/RATE_NVOL/USD/SOFR/1Y/5Y/Smile/-0.03,0.0131321700
2025-02-10,SWAPTION/RATE_NVOL/USD/SOFR/1Y/5Y/Smile/-0.04,0.0144684800
2025-02-10,SWAPTION/RATE_NVOL/USD/SOFR/1Y/5Y/Smile/0.0025,0.0102387600
2025-02-10,SWAPTION/RATE_NVOL/USD/SOFR/1Y/5Y/Smile/0.005,0.0103894200
2025-02-10,SWAPTION/RATE_NVOL/USD/SOFR/1Y/5Y/Smile/0.0075,0.0106130200
2025-02-10,SWAPTION/RATE_NVOL/USD/SOFR/1Y/5Y/Smile/0.01,0.0108433000
2025-02-10,SWAPTION/RATE_NVOL/USD/SOFR/1Y/5Y/Smile/0.015,0.0115522400
2025-02-10,SWAPTION/RATE_NVOL/USD/SOFR/1Y/5Y/Smile/0.02,0.0123191100
2025-02-10,SWAPTION/RATE_NVOL/USD/SOFR/1Y/5Y/Smile/0.03,0.0140309100
2025-02-10,SWAPTION/RATE_NVOL/USD/SOFR/1Y/5Y/Smile/0.04,0.0157575500
2025-02-10,SWAPTION/RATE_NVOL/USD/SOFR/1Y/6Y/ATM,0.0100887000
2025-02-10,SWAPTION/RATE_NVOL/USD/SOFR/1Y/7Y/ATM,0.0099774500
2025-02-10,SWAPTION/RATE_NVOL/USD/SOFR/1Y/8Y/ATM,0.0098618300
2025-02-10,SWAPTION/RATE_NVOL/USD/SOFR/1Y/9Y/ATM,0.0098721000
2025-02-10,SWAPTION/RATE_NVOL/USD/SOFR/20Y/10Y/ATM,0.0070274100
2025-02-10,SWAPTION/RATE_NVOL/USD/SOFR/20Y/10Y/Smile/-0.0025,0.0068972100
2025-02-10,SWAPTION/RATE_NVOL/USD/SOFR/20Y/10Y/Smile/-0.005,0.0067308200
2025-02-10,SWAPTION/RATE_NVOL/USD/SOFR/20Y/10Y/Smile/-0.0075,0.0066200500
2025-02-10,SWAPTION/RATE_NVOL/USD/SOFR/20Y/10Y/Smile/-0.01,0.0065451300
2025-02-10,SWAPTION/RATE_NVOL/USD/SOFR/20Y/10Y/Smile/-0.015,0.0063903000
2025-02-10,SWAPTION/RATE_NVOL/USD/SOFR/20Y/10Y/Smile/-0.02,0.0063218200
2025-02-10,SWAPTION/RATE_NVOL/USD/SOFR/20Y/10Y/Smile/-0.03,0.0063427700
2025-02-10,SWAPTION/RATE_NVOL/USD/SOFR/20Y/10Y/Smile/-0.04,0.0064730600
2025-02-10,SWAPTION/RATE_NVOL/USD/SOFR/20Y/10Y/Smile/0.0025,0.0071668900
2025-02-10,SWAPTION/RATE_NVOL/USD/SOFR/20Y/10Y/Smile/0.005,0.0073138400
2025-02-10,SWAPTION/RATE_NVOL/USD/SOFR/20Y/10Y/Smile/0.0075,0.0074611300
2025-02-10,SWAPTION/RATE_NVOL/USD/SOFR/20Y/10Y/Smile/0.01,0.0076787300
2025-02-10,SWAPTION/RATE_NVOL/USD/SOFR/20Y/10Y/Smile/0.015,0.0080171300
2025-02-10,SWAPTION/RATE_NVOL/USD/SOFR/20Y/10Y/Smile/0.02,0.0084246300
2025-02-10,SWAPTION/RATE_NVOL/USD/SOFR/20Y/10Y/Smile/0.03,0.0091239100
2025-02-10,SWAPTION/RATE_NVOL/USD/SOFR/20Y/10Y/Smile/0.04,0.0098969700
2025-02-10,SWAPTION/RATE_NVOL/USD/SOFR/20Y/15Y/ATM,0.0068360100
2025-02-10,SWAPTION/RATE_NVOL/USD/SOFR/20Y/15Y/Smile/-0.0025,0.0066789200
2025-02-10,SWAPTION/RATE_NVOL/USD/SOFR/20Y/15Y/Smile/-0.005,0.0065511900
2025-02-10,SWAPTION/RATE_NVOL/USD/SOFR/20Y/15Y/Smile/-0.0075,0.0064787900
2025-02-10,SWAPTION/RATE_NVOL/USD/SOFR/20Y/15Y/Smile/-0.01,0.0063616900
2025-02-10,SWAPTION/RATE_NVOL/USD/SOFR/20Y/15Y/Smile/-0.015,0.0062200900
2025-02-10,SWAPTION/RATE_NVOL/USD/SOFR/20Y/15Y/Smile/-0.02,0.0061024000
2025-02-10,SWAPTION/RATE_NVOL/USD/SOFR/20Y/15Y/Smile/-0.03,0.0060282900
2025-02-10,SWAPTION/RATE_NVOL/USD/SOFR/20Y/15Y/Smile/-0.04,0.0060891300
2025-02-10,SWAPTION/RATE_NVOL/USD/SOFR/20Y/15Y/Smile/0.0025,0.0069898100
2025-02-10,SWAPTION/RATE_NVOL/USD/SOFR/20Y/15Y/Smile/0.005,0.0071035800
2025-02-10,SWAPTION/RATE_NVOL/USD/SOFR/20Y/15Y/Smile/0.0075,0.0072479200
2025-02-10,SWAPTION/RATE_NVOL/USD/SOFR/20Y/15Y/Smile/0.01,0.0074358200
2025-02-10,SWAPTION/RATE_NVOL/USD/SOFR/20Y/15Y/Smile/0.015,0.0077775600
2025-02-10,SWAPTION/RATE_NVOL/USD/SOFR/20Y/15Y/Smile/0.02,0.0081290400
2025-02-10,SWAPTION/RATE_NVOL/USD/SOFR/20Y/15Y/Smile/0.03,0.0088703400
2025-02-10,SWAPTION/RATE_NVOL/USD/SOFR/20Y/15Y/Smile/0.04,0.0095514400
2025-02-10,SWAPTION/RATE_NVOL/USD/SOFR/20Y/1Y/ATM,0.0077547900
2025-02-10,SWAPTION/RATE_NVOL/USD/SOFR/20Y/1Y/Smile/-0.0025,0.0076530100
2025-02-10,SWAPTION/RATE_NVOL/USD/SOFR/20Y/1Y/Smile/-0.005,0.0075456700
2025-02-10,SWAPTION/RATE_NVOL/USD/SOFR/20Y/1Y/Smile/-0.0075,0.0075171300
2025-02-10,SWAPTION/RATE_NVOL/USD/SOFR/20Y/1Y/Smile/-0.01,0.0074221000
2025-02-10,SWAPTION/RATE_NVOL/USD/SOFR/20Y/1Y/Smile/-0.015,0.0074109000
2025-02-10,SWAPTION/RATE_NVOL/USD/SOFR/20Y/1Y/Smile/-0.02,0.0074157200
2025-02-10,SWAPTION/RATE_NVOL/USD/SOFR/20Y/1Y/Smile/-0.03,0.0076621500
2025-02-10,SWAPTION/RATE_NVOL/USD/SOFR/20Y/1Y/Smile/-0.04,0.0079786400
2025-02-10,SWAPTION/RATE_NVOL/USD/SOFR/20Y/1Y/Smile/0.0025,0.0078933800
2025-02-10,SWAPTION/RATE_NVOL/USD/SOFR/20Y/1Y/Smile/0.005,0.0080714800
2025-02-10,SWAPTION/RATE_NVOL/USD/SOFR/20Y/1Y/Smile/0.0075,0.0083008500
2025-02-10,SWAPTION/RATE_NVOL/USD/SOFR/20Y/1Y/Smile/0.01,0.0084424800
2025-02-10,SWAPTION/RATE_NVOL/USD/SOFR/20Y/1Y/Smile/0.015,0.0088530000
2025-02-10,SWAPTION/RATE_NVOL/USD/SOFR/20Y/1Y/Smile/0.02,0.0093485300
2025-02-10,SWAPTION/RATE_NVOL/USD/SOFR/20Y/1Y/Smile/0.03,0.0102597700
2025-02-10,SWAPTION/RATE_NVOL/USD/SOFR/20Y/1Y/Smile/0.04,0.0113157500
2025-02-10,SWAPTION/RATE_NVOL/USD/SOFR/20Y/20Y/ATM,0.0067527500
2025-02-10,SWAPTION/RATE_NVOL/USD/SOFR/20Y/20Y/Smile/-0.0025,0.0066729100
2025-02-10,SWAPTION/RATE_NVOL/USD/SOFR/20Y/20Y/Smile/-0.005,0.0065086900
2025-02-10,SWAPTION/RATE_NVOL/USD/SOFR/20Y/20Y/Smile/-0.0075,0.0063867400
2025-02-10,SWAPTION/RATE_NVOL/USD/SOFR/20Y/20Y/Smile/-0.01,0.0062976000
2025-02-10,SWAPTION/RATE_NVOL/USD/SOFR/20Y/20Y/Smile/-0.015,0.0060893900
2025-02-10,SWAPTION/RATE_NVOL/USD/SOFR/20Y/20Y/Smile/-0.02,0.0059802200
2025-02-10,SWAPTION/RATE_NVOL/USD/SOFR/20Y/20Y/Smile/-0.03,0.0057177100
2025-02-10,SWAPTION/RATE_NVOL/USD/SOFR/20Y/20Y/Smile/-0.04,0.0056745000
2025-02-10,SWAPTION/RATE_NVOL/USD/SOFR/20Y/20Y/Smile/0.0025,0.0068865100
2025-02-10,SWAPTION/RATE_NVOL/USD/SOFR/20Y/20Y/Smile/0.005,0.0070366200
2025-02-10,SWAPTION/RATE_NVOL/USD/SOFR/20Y/20Y/Smile/0.0075,0.0071707100
2025-02-10,SWAPTION/RATE_NVOL/USD/SOFR/20Y/20Y/Smile/0.01,0.0073434100
2025-02-10,SWAPTION/RATE_NVOL/USD/SOFR/20Y/20Y/Smile/0.015,0.0076697000
2025-02-10,SWAPTION/RATE_NVOL/USD/SOFR/20Y/20Y/Smile/0.02,0.0080188600
2025-02-10,SWAPTION/RATE_NVOL/USD/SOFR/20Y/20Y/Smile/0.03,0.0086929600
2025-02-10,SWAPTION/RATE_NVOL/USD/SOFR/20Y/20Y/Smile/0.04,0.0093679400
2025-02-10,SWAPTION/RATE_NVOL/USD/SOFR/20Y/25Y/ATM,0.0067431400
2025-02-10,SWAPTION/RATE_NVOL/USD/SOFR/20Y/2Y/ATM,0.0076369600
2025-02-10,SWAPTION/RATE_NVOL/USD/SOFR/20Y/2Y/Smile/-0.0025,0.0074762600
2025-02-10,SWAPTION/RATE_NVOL/USD/SOFR/20Y/2Y/Smile/-0.005,0.0073870800
2025-02-10,SWAPTION/RATE_NVOL/USD/SOFR/20Y/2Y/Smile/-0.0075,0.0073432600
2025-02-10,SWAPTION/RATE_NVOL/USD/SOFR/20Y/2Y/Smile/-0.01,0.0072785500
2025-02-10,SWAPTION/RATE_NVOL/USD/SOFR/20Y/2Y/Smile/-0.015,0.0072007500
2025-02-10,SWAPTION/RATE_NVOL/USD/SOFR/20Y/2Y/Smile/-0.02,0.0072608600
2025-02-10,SWAPTION/RATE_NVOL/USD/SOFR/20Y/2Y/Smile/-0.03,0.0074857700
2025-02-10,SWAPTION/RATE_NVOL/USD/SOFR/20Y/2Y/Smile/-0.04,0.0077456900
2025-02-10,SWAPTION/RATE_NVOL/USD/SOFR/20Y/2Y/Smile/0.0025,0.0077649600
2025-02-10,SWAPTION/RATE_NVOL/USD/SOFR/20Y/2Y/Smile/0.005,0.0079217200
2025-02-10,SWAPTION/RATE_NVOL/USD/SOFR/20Y/2Y/Smile/0.0075,0.0081391200
2025-02-10,SWAPTION/RATE_NVOL/USD/SOFR/20Y/2Y/Smile/0.01,0.0082664700
2025-02-10,SWAPTION/RATE_NVOL/USD/SOFR/20Y/2Y/Smile/0.015,0.0087468700
2025-02-10,SWAPTION/RATE_NVOL/USD/SOFR/20Y/2Y/Smile/0.02,0.0091711200
2025-02-10,SWAPTION/RATE_NVOL/USD/SOFR/20Y/2Y/Smile/0.03,0.0101912900
2025-02-10,SWAPTION/RATE_NVOL/USD/SOFR/20Y/2Y/Smile/0.04,0.0111931200
2025-02-10,SWAPTION/RATE_NVOL/USD/SOFR/20Y/30Y/ATM,0.0067325600
2025-02-10,SWAPTION/RATE_NVOL/USD/SOFR/20Y/30Y/Smile/-0.0025,0.0066028300
2025-02-10,SWAPTION/RATE_NVOL/USD/SOFR/20Y/30Y/Smile/-0.005,0.0065321500
2025-02-10,SWAPTION/RATE_NVOL/USD/SOFR/20Y/30Y/Smile/-0.0075,0.0064233100
2025-02-10,SWAPTION/RATE_NVOL/USD/SOFR/20Y/30Y/Smile/-0.01,0.0063362000
2025-02-10,SWAPTION/RATE_NVOL/USD/SOFR/20Y/30Y/Smile/-0.015,0.0061943700
2025-02-10,SWAPTION/RATE_NVOL/USD/SOFR/20Y/30Y/Smile/-0.02,0.0060817700
2025-02-10,SWAPTION/RATE_NVOL/USD/SOFR/20Y/30Y/Smile/-0.03,0.0060488500
2025-02-10,SWAPTION/RATE_NVOL/USD/SOFR/20Y/30Y/Smile/-0.04,0.0061791600
2025-02-10,SWAPTION/RATE_NVOL/USD/SOFR/20Y/30Y/Smile/0.0025,0.0068726600
2025-02-10,SWAPTION/RATE_NVOL/USD/SOFR/20Y/30Y/Smile/0.005,0.0070168400
2025-02-10,SWAPTION/RATE_NVOL/USD/SOFR/20Y/30Y/Smile/0.0075,0.0071026900
2025-02-10,SWAPTION/RATE_NVOL/USD/SOFR/20Y/30Y/Smile/0.01,0.0072625200
2025-02-10,SWAPTION/RATE_NVOL/USD/SOFR/20Y/30Y/Smile/0.015,0.0075824900
2025-02-10,SWAPTION/RATE_NVOL/USD/SOFR/20Y/30Y/Smile/0.02,0.0079218100
2025-02-10,SWAPTION/RATE_NVOL/USD/SOFR/20Y/30Y/Smile/0.03,0.0085335900
2025-02-10,SWAPTION/RATE_NVOL/USD/SOFR/20Y/30Y/Smile/0.04,0.0091869400
2025-02-10,SWAPTION/RATE_NVOL/USD/SOFR/20Y/3Y/ATM,0.0075263500
2025-02-10,SWAPTION/RATE_NVOL/USD/SOFR/20Y/4Y/ATM,0.0074111600
2025-02-10,SWAPTION/RATE_NVOL/USD/SOFR/20Y/5Y/ATM,0.0073404900
2025-02-10,SWAPTION/RATE_NVOL/USD/SOFR/20Y/5Y/Smile/-0.0025,0.0071807200
2025-02-10,SWAPTION/RATE_NVOL/USD/SOFR/20Y/5Y/Smile/-0.005,0.0070616500
2025-02-10,SWAPTION/RATE_NVOL/USD/SOFR/20Y/5Y/Smile/-0.0075,0.0069476500
2025-02-10,SWAPTION/RATE_NVOL/USD/SOFR/20Y/5Y/Smile/-0.01,0.0068303700
2025-02-10,SWAPTION/RATE_NVOL/USD/SOFR/20Y/5Y/Smile/-0.015,0.0066978100
2025-02-10,SWAPTION/RATE_NVOL/USD/SOFR/20Y/5Y/Smile/-0.02,0.0065977400
2025-02-10,SWAPTION/RATE_NVOL/USD/SOFR/20Y/5Y/Smile/-0.03,0.0065808000
2025-02-10,SWAPTION/RATE_NVOL/USD/SOFR/20Y/5Y/Smile/-0.04,0.0066706000
2025-02-10,SWAPTION/RATE_NVOL/USD/SOFR/20Y/5Y/Smile/0.0025,0.0074883600
2025-02-10,SWAPTION/RATE_NVOL/USD/SOFR/20Y/5Y/Smile/0.005,0.0076166800
2025-02-10,SWAPTION/RATE_NVOL/USD/SOFR/20Y/5Y/Smile/0.0075,0.0078405700
2025-02-10,SWAPTION/RATE_NVOL/USD/SOFR/20Y/5Y/Smile/0.01,0.0079499000
2025-02-10,SWAPTION/RATE_NVOL/USD/SOFR/20Y/5Y/Smile/0.015,0.0083434800
2025-02-10,SWAPTION/RATE_NVOL/USD/SOFR/20Y/5Y/Smile/0.02,0.0087660000
2025-02-10,SWAPTION/RATE_NVOL/USD/SOFR/20Y/5Y/Smile/0.03,0.0095617700
2025-02-10,SWAPTION/RATE_NVOL/USD/SOFR/20Y/5Y/Smile/0.04,0.0103598300
2025-02-10,SWAPTION/RATE_NVOL/USD/SOFR/20Y/6Y/ATM,0.0072477900
2025-02-10,SWAPTION/RATE_NVOL/USD/SOFR/20Y/7Y/ATM,0.0072347400
2025-02-10,SWAPTION/RATE_NVOL/USD/SOFR/20Y/8Y/ATM,0.0071617300
2025-02-10,SWAPTION/RATE_NVOL/USD/SOFR/20Y/9Y/ATM,0.0070933100
2025-02-10,SWAPTION/RATE_NVOL/USD/SOFR/25Y/10Y/ATM,0.0067932900
2025-02-10,SWAPTION/RATE_NVOL/USD/SOFR/25Y/10Y/Smile/-0.0025,0.0066358300
2025-02-10,SWAPTION/RATE_NVOL/USD/SOFR/25Y/10Y/Smile/-0.005,0.0065002400
2025-02-10,SWAPTION/RATE_NVOL/USD/SOFR/25Y/10Y/Smile/-0.0075,0.0063652900
2025-02-10,SWAPTION/RATE_NVOL/USD/SOFR/25Y/10Y/Smile/-0.01,0.0062619800
2025-02-10,SWAPTION/RATE_NVOL/USD/SOFR/25Y/10Y/Smile/-0.015,0.0061095300
2025-02-10,SWAPTION/RATE_NVOL/USD/SOFR/25Y/10Y/Smile/-0.02,0.0060574500
2025-02-10,SWAPTION/RATE_NVOL/USD/SOFR/25Y/10Y/Smile/-0.03,0.0060095800
2025-02-10,SWAPTION/RATE_NVOL/USD/SOFR/25Y/10Y/Smile/-0.04,0.0062231200
2025-02-10,SWAPTION/RATE_NVOL/USD/SOFR/25Y/10Y/Smile/0.0025,0.0068872500
2025-02-10,SWAPTION/RATE_NVOL/USD/SOFR/25Y/10Y/Smile/0.005,0.0070449800
2025-02-10,SWAPTION/RATE_NVOL/USD/SOFR/25Y/10Y/Smile/0.0075,0.0072583700
2025-02-10,SWAPTION/RATE_NVOL/USD/SOFR/25Y/10Y/Smile/0.01,0.0074238400
2025-02-10,SWAPTION/RATE_NVOL/USD/SOFR/25Y/10Y/Smile/0.015,0.0077677300
2025-02-10,SWAPTION/RATE_NVOL/USD/SOFR/25Y/10Y/Smile/0.02,0.0081242600
2025-02-10,SWAPTION/RATE_NVOL/USD/SOFR/25Y/10Y/Smile/0.03,0.0088796700
2025-02-10,SWAPTION/RATE_NVOL/USD/SOFR/25Y/10Y/Smile/0.04,0.0096368200
2025-02-10,SWAPTION/RATE_NVOL/USD/SOFR/25Y/15Y/ATM,0.0066792300
2025-02-10,SWAPTION/RATE_NVOL/USD/SOFR/25Y/15Y/Smile/-0.0025,0.0065453700
2025-02-10,SWAPTION/RATE_NVOL/USD/SOFR/25Y/15Y/Smile/-0.005,0.0064266300
2025-02-10,SWAPTION/RATE_NVOL/USD/SOFR/25Y/15Y/Smile/-0.0075,0.0063237100
2025-02-10,SWAPTION/RATE_NVOL/USD/SOFR/25Y/15Y/Smile/-0.01,0.0062075700
2025-02-10,SWAPTION/RATE_NVOL/USD/SOFR/25Y/15Y/Smile/-0.015,0.0060300300
2025-02-10,SWAPTION/RATE_NVOL/USD/SOFR/25Y/15Y/Smile/-0.02,0.0058940000
2025-02-10,SWAPTION/RATE_NVOL/USD/SOFR/25Y/15Y/Smile/-0.03,0.0057460100
2025-02-10,SWAPTION/RATE_NVOL/USD/SOFR/25Y/15Y/Smile/-0.04,0.0058183600
2025-02-10,SWAPTION/RATE_NVOL/USD/SOFR/25Y/15Y/Smile/0.0025,0.0067682100
2025-02-10,SWAPTION/RATE_NVOL/USD/SOFR/25Y/15Y/Smile/0.005,0.0069541200
2025-02-10,SWAPTION/RATE_NVOL/USD/SOFR/25Y/15Y/Smile/0.0075,0.0071178300
2025-02-10,SWAPTION/RATE_NVOL/USD/SOFR/25Y/15Y/Smile/0.01,0.0072435900
2025-02-10,SWAPTION/RATE_NVOL/USD/SOFR/25Y/15Y/Smile/0.015,0.0075286600
2025-02-10,SWAPTION/RATE_NVOL/USD/SOFR/25Y/15Y/Smile/0.02,0.0078992100
2025-02-10,SWAPTION/RATE_NVOL/USD/SOFR/25Y/15Y/Smile/0.03,0.0085782700
2025-02-10,SWAPTION/RATE_NVOL/USD/SOFR/25Y/15Y/Smile/0.04,0.0092509200
2025-02-10,SWAPTION/RATE_NVOL/USD/SOFR/25Y/1Y/ATM,0.0075225900
2025-02-10,SWAPTION/RATE_NVOL/USD/SOFR/25Y/1Y/Smile/-0.0025,0.0073913100
2025-02-10,SWAPTION/RATE_NVOL/USD/SOFR/25Y/1Y/Smile/-0.005,0.0073461000
2025-02-10,SWAPTION/RATE_NVOL/USD/SOFR/25Y/1Y/Smile/-0.0075,0.0072006900
2025-02-10,SWAPTION/RATE_NVOL/USD/SOFR/25Y/1Y/Smile/-0.01,0.0071661100
2025-02-10,SWAPTION/RATE_NVOL/USD/SOFR/25Y/1Y/Smile/-0.015,0.0071664000
2025-02-10,SWAPTION/RATE_NVOL/USD/SOFR/25Y/1Y/Smile/-0.02,0.0071403900
2025-02-10,SWAPTION/RATE_NVOL/USD/SOFR/25Y/1Y/Smile/-0.03,0.0073541400
2025-02-10,SWAPTION/RATE_NVOL/USD/SOFR/25Y/1Y/Smile/-0.04,0.0076426200
2025-02-10,SWAPTION/RATE_NVOL/USD/SOFR/25Y/1Y/Smile/0.0025,0.0077039600
2025-02-10,SWAPTION/RATE_NVOL/USD/SOFR/25Y/1Y/Smile/0.005,0.0078957900
2025-02-10,SWAPTION/RATE_NVOL/USD/SOFR/25Y/1Y/Smile/0.0075,0.0080833400
2025-02-10,SWAPTION/RATE_NVOL/USD/SOFR/25Y/1Y/Smile/0.01,0.0082388500
2025-02-10,SWAPTION/RATE_NVOL/USD/SOFR/25Y/1Y/Smile/0.015,0.0086474400
2025-02-10,SWAPTION/RATE_NVOL/USD/SOFR/25Y/1Y/Smile/0.02,0.0091735500
2025-02-10,SWAPTION/RATE_NVOL/USD/SOFR/25Y/1Y/Smile/0.03,0.0100910500
2025-02-10,SWAPTION/RATE_NVOL/USD/SOFR/25Y/1Y/Smile/0.04,0.0111371300
2025-02-10,SWAPTION/RATE_NVOL/USD/SOFR/25Y/20Y/ATM,0.0066468300
2025-02-10,SWAPTION/RATE_NVOL/USD/SOFR/25Y/20Y/Smile/-0.0025,0.0064975400
2025-02-10,SWAPTION/RATE_NVOL/USD/SOFR/25Y/20Y/Smile/-0.005,0.0063749900
2025-02-10,SWAPTION/RATE_NVOL/USD/SOFR/25Y/20Y/Smile/-0.0075,0.0062778300
2025-02-10,SWAPTION/RATE_NVOL/USD/SOFR/25Y/20Y/Smile/-0.01,0.0061611200
2025-02-10,SWAPTION/RATE_NVOL/USD/SOFR/25Y/20Y/Smile/-0.015,0.0059869900
2025-02-10,SWAPTION/RATE_NVOL/USD/SOFR/25Y/20Y/Smile/-0.02,0.0057908900
2025-02-10,SWAPTION/RATE_NVOL/USD/SOFR/25Y/20Y/Smile/-0.03,0.0055105600
2025-02-10,SWAPTION/RATE_NVOL/USD/SOFR/25Y/20Y/Smile/-0.04,0.0054847000
2025-02-10,SWAPTION/RATE_NVOL/USD/SOFR/25Y/20Y/Smile/0.0025,0.0067790900
2025-02-10,SWAPTION/RATE_NVOL/USD/SOFR/25Y/20Y/Smile/0.005,0.0068531100
2025-02-10,SWAPTION/RATE_NVOL/USD/SOFR/25Y/20Y/Smile/0.0075,0.0070468800
2025-02-10,SWAPTION/RATE_NVOL/USD/SOFR/25Y/20Y/Smile/0.01,0.0071550300
2025-02-10,SWAPTION/RATE_NVOL/USD/SOFR/25Y/20Y/Smile/0.015,0.0074403100
2025-02-10,SWAPTION/RATE_NVOL/USD/SOFR/25Y/20Y/Smile/0.02,0.0077539700
2025-02-10,SWAPTION/RATE_NVOL/USD/SOFR/25Y/20Y/Smile/0.03,0.0083239400
2025-02-10,SWAPTION/RATE_NVOL/USD/SOFR/25Y/20Y/Smile/0.04,0.0089625000
2025-02-10,SWAPTION/RATE_NVOL/USD/SOFR/25Y/25Y/ATM,0.0066487400
2025-02-10,SWAPTION/RATE_NVOL/USD/SOFR/25Y/2Y/ATM,0.0074323300
2025-02-10,SWAPTION/RATE_NVOL/USD/SOFR/25Y/2Y/Smile/-0.0025,0.0073332400
2025-02-10,SWAPTION/RATE_NVOL/USD/SOFR/25Y/2Y/Smile/-0.005,0.0072215700
2025-02-10,SWAPTION/RATE_NVOL/USD/SOFR/25Y/2Y/Smile/-0.0075,0.0071302000
2025-02-10,SWAPTION/RATE_NVOL/USD/SOFR/25Y/2Y/Smile/-0.01,0.0070810600
2025-02-10,SWAPTION/RATE_NVOL/USD/SOFR/25Y/2Y/Smile/-0.015,0.0070310400
2025-02-10,SWAPTION/RATE_NVOL/USD/SOFR/25Y/2Y/Smile/-0.02,0.0070374300
2025-02-10,SWAPTION/RATE_NVOL/USD/SOFR/25Y/2Y/Smile/-0.03,0.0071692900
2025-02-10,SWAPTION/RATE_NVOL/USD/SOFR/25Y/2Y/Smile/-0.04,0.0074524000
2025-02-10,SWAPTION/RATE_NVOL/USD/SOFR/25Y/2Y/Smile/0.0025,0.0075689100
2025-02-10,SWAPTION/RATE_NVOL/USD/SOFR/25Y/2Y/Smile/0.005,0.0077668200
2025-02-10,SWAPTION/RATE_NVOL/USD/SOFR/25Y/2Y/Smile/0.0075,0.0079278300
2025-02-10,SWAPTION/RATE_NVOL/USD/SOFR/25Y/2Y/Smile/0.01,0.0081624100
2025-02-10,SWAPTION/RATE_NVOL/USD/SOFR/25Y/2Y/Smile/0.015,0.0086003800
2025-02-10,SWAPTION/RATE_NVOL/USD/SOFR/25Y/2Y/Smile/0.02,0.0090177200
2025-02-10,SWAPTION/RATE_NVOL/USD/SOFR/25Y/2Y/Smile/0.03,0.0100574100
2025-02-10,SWAPTION/RATE_NVOL/USD/SOFR/25Y/2Y/Smile/0.04,0.0110237600
2025-02-10,SWAPTION/RATE_NVOL/USD/SOFR/25Y/30Y/ATM,0.0066419700
2025-02-10,SWAPTION/RATE_NVOL/USD/SOFR/25Y/30Y/Smile/-0.0025,0.0064717400
2025-02-10,SWAPTION/RATE_NVOL/USD/SOFR/25Y/30Y/Smile/-0.005,0.0063896400
2025-02-10,SWAPTION/RATE_NVOL/USD/SOFR/25Y/30Y/Smile/-0.0075,0.0062963300
2025-02-10,SWAPTION/RATE_NVOL/USD/SOFR/25Y/30Y/Smile/-0.01,0.0062270300
2025-02-10,SWAPTION/RATE_NVOL/USD/SOFR/25Y/30Y/Smile/-0.015,0.0060606300
2025-02-10,SWAPTION/RATE_NVOL/USD/SOFR/25Y/30Y/Smile/-0.02,0.0059349200
2025-02-10,SWAPTION/RATE_NVOL/USD/SOFR/25Y/30Y/Smile/-0.03,0.0058359500
2025-02-10,SWAPTION/RATE_NVOL/USD/SOFR/25Y/30Y/Smile/-0.04,0.0058857900
2025-02-10,SWAPTION/RATE_NVOL/USD/SOFR/25Y/30Y/Smile/0.0025,0.0067379200
2025-02-10,SWAPTION/RATE_NVOL/USD/SOFR/25Y/30Y/Smile/0.005,0.0068572900
2025-02-10,SWAPTION/RATE_NVOL/USD/SOFR/25Y/30Y/Smile/0.0075,0.0069438600
2025-02-10,SWAPTION/RATE_NVOL/USD/SOFR/25Y/30Y/Smile/0.01,0.0070728000
2025-02-10,SWAPTION/RATE_NVOL/USD/SOFR/25Y/30Y/Smile/0.015,0.0073993300
2025-02-10,SWAPTION/RATE_NVOL/USD/SOFR/25Y/30Y/Smile/0.02,0.0076532300
2025-02-10,SWAPTION/RATE_NVOL/USD/SOFR/25Y/30Y/Smile/0.03,0.0082108300
2025-02-10,SWAPTION/RATE_NVOL/USD/SOFR/25Y/30Y/Smile/0.04,0.0088827300
2025-02-10,SWAPTION/RATE_NVOL/USD/SOFR/25Y/3Y/ATM,0.0073821100
2025-02-10,SWAPTION/RATE_NVOL/USD/SOFR/25Y/4Y/ATM,0.0072548000
2025-02-10,SWAPTION/RATE_NVOL/USD/SOFR/25Y/5Y/ATM,0.0071481900
2025-02-10,SWAPTION/RATE_NVOL/USD/SOFR/25Y/5Y/Smile/-0.0025,0.0070085700
2025-02-10,SWAPTION/RATE_NVOL/USD/SOFR/25Y/5Y/Smile/-0.005,0.0068239800
2025-02-10,SWAPTION/RATE_NVOL/USD/SOFR/25Y/5Y/Smile/-0.0075,0.0067716900
2025-02-10,SWAPTION/RATE_NVOL/USD/SOFR/25Y/5Y/Smile/-0.01,0.0066411500
2025-02-10,SWAPTION/RATE_NVOL/USD/SOFR/25Y/5Y/Smile/-0.015,0.0065042300
2025-02-10,SWAPTION/RATE_NVOL/USD/SOFR/25Y/5Y/Smile/-0.02,0.0063741700
2025-02-10,SWAPTION/RATE_NVOL/USD/SOFR/25Y/5Y/Smile/-0.03,0.0062267100
2025-02-10,SWAPTION/RATE_NVOL/USD/SOFR/25Y/5Y/Smile/-0.04,0.0063162400
2025-02-10,SWAPTION/RATE_NVOL/USD/SOFR/25Y/5Y/Smile/0.0025,0.0072919900
2025-02-10,SWAPTION/RATE_NVOL/USD/SOFR/25Y/5Y/Smile/0.005,0.0074153500
2025-02-10,SWAPTION/RATE_NVOL/USD/SOFR/25Y/5Y/Smile/0.0075,0.0076063400
2025-02-10,SWAPTION/RATE_NVOL/USD/SOFR/25Y/5Y/Smile/0.01,0.0077646500
2025-02-10,SWAPTION/RATE_NVOL/USD/SOFR/25Y/5Y/Smile/0.015,0.0081142400
2025-02-10,SWAPTION/RATE_NVOL/USD/SOFR/25Y/5Y/Smile/0.02,0.0084563200
2025-02-10,SWAPTION/RATE_NVOL/USD/SOFR/25Y/5Y/Smile/0.03,0.0091513000
2025-02-10,SWAPTION/RATE_NVOL/USD/SOFR/25Y/5Y/Smile/0.04,0.0099785900
2025-02-10,SWAPTION/RATE_NVOL/USD/SOFR/25Y/6Y/ATM,0.0070635400
2025-02-10,SWAPTION/RATE_NVOL/USD/SOFR/25Y/7Y/ATM,0.0069606100
2025-02-10,SWAPTION/RATE_NVOL/USD/SOFR/25Y/8Y/ATM,0.0069532900
2025-02-10,SWAPTION/RATE_NVOL/USD/SOFR/25Y/9Y/ATM,0.0068430400
2025-02-10,SWAPTION/RATE_NVOL/USD/SOFR/2Y/10Y/ATM,0.0097906600
2025-02-10,SWAPTION/RATE_NVOL/USD/SOFR/2Y/10Y/Smile/-0.0025,0.0096795400
2025-02-10,SWAPTION/RATE_NVOL/USD/SOFR/2Y/10Y/Smile/-0.005,0.0096625500
2025-02-10,SWAPTION/RATE_NVOL/USD/SOFR/2Y/10Y/Smile/-0.0075,0.0096602200
2025-02-10,SWAPTION/RATE_NVOL/USD/SOFR/2Y/10Y/Smile/-0.01,0.0097150500
2025-02-10,SWAPTION/RATE_NVOL/USD/SOFR/2Y/10Y/Smile/-0.015,0.0098611800
2025-02-10,SWAPTION/RATE_NVOL/USD/SOFR/2Y/10Y/Smile/-0.02,0.0101105000
2025-02-10,SWAPTION/RATE_NVOL/USD/SOFR/2Y/10Y/Smile/-0.03,0.0108117600
2025-02-10,SWAPTION/RATE_NVOL/USD/SOFR/2Y/10Y/Smile/-0.04,0.0114844100
2025-02-10,SWAPTION/RATE_NVOL/USD/SOFR/2Y/10Y/Smile/0.0025,0.0099029600
2025-02-10,SWAPTION/RATE_NVOL/USD/SOFR/2Y/10Y/Smile/0.005,0.0100851800
2025-02-10,SWAPTION/RATE_NVOL/USD/SOFR/2Y/10Y/Smile/0.0075,0.0102430200
2025-02-10,SWAPTION/RATE_NVOL/USD/SOFR/2Y/10Y/Smile/0.01,0.0104593300
2025-02-10,SWAPTION/RATE_NVOL/USD/SOFR/2Y/10Y/Smile/0.015,0.0110052700
2025-02-10,SWAPTION/RATE_NVOL/USD/SOFR/2Y/10Y/Smile/0.02,0.0115588500
2025-02-10,SWAPTION/RATE_NVOL/USD/SOFR/2Y/10Y/Smile/0.03,0.0127878600
2025-02-10,SWAPTION/RATE_NVOL/USD/SOFR/2Y/10Y/Smile/0.04,0.0142092300
2025-02-10,SWAPTION/RATE_NVOL/USD/SOFR/2Y/15Y/ATM,0.0094296800
2025-02-10,SWAPTION/RATE_NVOL/USD/SOFR/2Y/15Y/Smile/-0.0025,0.0092755600
2025-02-10,SWAPTION/RATE_NVOL/USD/SOFR/2Y/15Y/Smile/-0.005,0.0092772400
2025-02-10,SWAPTION/RATE_NVOL/USD/SOFR/2Y/15Y/Smile/-0.0075,0.0092287200
2025-02-10,SWAPTION/RATE_NVOL/USD/SOFR/2Y/15Y/Smile/-0.01,0.0092353200
2025-02-10,SWAPTION/RATE_NVOL/USD/SOFR/2Y/15Y/Smile/-0.015,0.0093820400
2025-02-10,SWAPTION/RATE_NVOL/USD/SOFR/2Y/15Y/Smile/-0.02,0.0095579000
2025-02-10,SWAPTION/RATE_NVOL/USD/SOFR/2Y/15Y/Smile/-0.03,0.0100212200
2025-02-10,SWAPTION/RATE_NVOL/USD/SOFR/2Y/15Y/Smile/-0.04,0.0105917300
2025-02-10,SWAPTION/RATE_NVOL/USD/SOFR/2Y/15Y/Smile/0.0025,0.0095761400
2025-02-10,SWAPTION/RATE_NVOL/USD/SOFR/2Y/15Y/Smile/0.005,0.0096744600
2025-02-10,SWAPTION/RATE_NVOL/USD/SOFR/2Y/15Y/Smile/0.0075,0.0099020900
2025-02-10,SWAPTION/RATE_NVOL/USD/SOFR/2Y/15Y/Smile/0.01,0.0100770000
2025-02-10,SWAPTION/RATE_NVOL/USD/SOFR/2Y/15Y/Smile/0.015,0.0106046000
2025-02-10,SWAPTION/RATE_NVOL/USD/SOFR/2Y/15Y/Smile/0.02,0.0110863900
2025-02-10,SWAPTION/RATE_NVOL/USD/SOFR/2Y/15Y/Smile/0.03,0.0123612800
2025-02-10,SWAPTION/RATE_NVOL/USD/SOFR/2Y/15Y/Smile/0.04,0.0135316400
2025-02-10,SWAPTION/RATE_NVOL/USD/SOFR/2Y/1Y/ATM,0.0107771400
2025-02-10,SWAPTION/RATE_NVOL/USD/SOFR/2Y/1Y/Smile/-0.0025,0.0108069600
2025-02-10,SWAPTION/RATE_NVOL/USD/SOFR/2Y/1Y/Smile/-0.005,0.0108263500
2025-02-10,SWAPTION/RATE_NVOL/USD/SOFR/2Y/1Y/Smile/-0.0075,0.0108957400
2025-02-10,SWAPTION/RATE_NVOL/USD/SOFR/2Y/1Y/Smile/-0.01,0.0110622100
2025-02-10,SWAPTION/RATE_NVOL/USD/SOFR/2Y/1Y/Smile/-0.015,0.0114052000
2025-02-10,SWAPTION/RATE_NVOL/USD/SOFR/2Y/1Y/Smile/-0.02,0.0118776600
2025-02-10,SWAPTION/RATE_NVOL/USD/SOFR/2Y/1Y/Smile/-0.03,0.0129289100
2025-02-10,SWAPTION/RATE_NVOL/USD/SOFR/2Y/1Y/Smile/-0.04,0.0137947100
2025-02-10,SWAPTION/RATE_NVOL/USD/SOFR/2Y/1Y/Smile/0.0025,0.0108066100
2025-02-10,SWAPTION/RATE_NVOL/USD/SOFR/2Y/1Y/Smile/0.005,0.0109688900
2025-02-10,SWAPTION/RATE_NVOL/USD/SOFR/2Y/1Y/Smile/0.0075,0.0110393600
2025-02-10,SWAPTION/RATE_NVOL/USD/SOFR/2Y/1Y/Smile/0.01,0.0113068100
2025-02-10,SWAPTION/RATE_NVOL/USD/SOFR/2Y/1Y/Smile/0.015,0.0118411200
2025-02-10,SWAPTION/RATE_NVOL/USD/SOFR/2Y/1Y/Smile/0.02,0.0125424200
2025-02-10,SWAPTION/RATE_NVOL/USD/SOFR/2Y/1Y/Smile/0.03,0.0140369800
2025-02-10,SWAPTION/RATE_NVOL/USD/SOFR/2Y/1Y/Smile/0.04,0.0156155900
2025-02-10,SWAPTION/RATE_NVOL/USD/SOFR/2Y/20Y/ATM,0.0091169400
2025-02-10,SWAPTION/RATE_NVOL/USD/SOFR/2Y/20Y/Smile/-0.0025,0.0090182100
2025-02-10,SWAPTION/RATE_NVOL/USD/SOFR/2Y/20Y/Smile/-0.005,0.0089329800
2025-02-10,SWAPTION/RATE_NVOL/USD/SOFR/2Y/20Y/Smile/-0.0075,0.0088568400
2025-02-10,SWAPTION/RATE_NVOL/USD/SOFR/2Y/20Y/Smile/-0.01,0.0088432800
2025-02-10,SWAPTION/RATE_NVOL/USD/SOFR/2Y/20Y/Smile/-0.015,0.0089276800
2025-02-10,SWAPTION/RATE_NVOL/USD/SOFR/2Y/20Y/Smile/-0.02,0.0089807200
2025-02-10,SWAPTION/RATE_NVOL/USD/SOFR/2Y/20Y/Smile/-0.03,0.0093911600
2025-02-10,SWAPTION/RATE_NVOL/USD/SOFR/2Y/20Y/Smile/-0.04,0.0096448400
2025-02-10,SWAPTION/RATE_NVOL/USD/SOFR/2Y/20Y/Smile/0.0025,0.0091843700
2025-02-10,SWAPTION/RATE_NVOL/USD/SOFR/2Y/20Y/Smile/0.005,0.0094265000
2025-02-10,SWAPTION/RATE_NVOL/USD/SOFR/2Y/20Y/Smile/0.0075,0.0095280100
2025-02-10,SWAPTION/RATE_NVOL/USD/SOFR/2Y/20Y/Smile/0.01,0.0098130100
2025-02-10,SWAPTION/RATE_NVOL/USD/SOFR/2Y/20Y/Smile/0.015,0.0102699900
2025-02-10,SWAPTION/RATE_NVOL/USD/SOFR/2Y/20Y/Smile/0.02,0.0107460600
2025-02-10,SWAPTION/RATE_NVOL/USD/SOFR/2Y/20Y/Smile/0.03,0.0118602300
2025-02-10,SWAPTION/RATE_NVOL/USD/SOFR/2Y/20Y/Smile/0.04,0.0131333200
2025-02-10,SWAPTION/RATE_NVOL/USD/SOFR/2Y/25Y/ATM,0.0089187300
2025-02-10,SWAPTION/RATE_NVOL/USD/SOFR/2Y/2Y/ATM,0.0106956300
2025-02-10,SWAPTION/RATE_NVOL/USD/SOFR/2Y/2Y/Smile/-0.0025,0.0106370700
2025-02-10,SWAPTION/RATE_NVOL/USD/SOFR/2Y/2Y/Smile/-0.005,0.0106702600
2025-02-10,SWAPTION/RATE_NVOL/USD/SOFR/2Y/2Y/Smile/-0.0075,0.0106895800
2025-02-10,SWAPTION/RATE_NVOL/USD/SOFR/2Y/2Y/Smile/-0.01,0.0107224800
2025-02-10,SWAPTION/RATE_NVOL/USD/SOFR/2Y/2Y/Smile/-0.015,0.0108944900
2025-02-10,SWAPTION/RATE_NVOL/USD/SOFR/2Y/2Y/Smile/-0.02,0.0112112100
2025-02-10,SWAPTION/RATE_NVOL/USD/SOFR/2Y/2Y/Smile/-0.03,0.0117607500
2025-02-10,SWAPTION/RATE_NVOL/USD/SOFR/2Y/2Y/Smile/-0.04,0.0122157500
2025-02-10,SWAPTION/RATE_NVOL/USD/SOFR/2Y/2Y/Smile/0.0025,0.0106943600
2025-02-10,SWAPTION/RATE_NVOL/USD/SOFR/2Y/2Y/Smile/0.005,0.0108148100
2025-02-10,SWAPTION/RATE_NVOL/USD/SOFR/2Y/2Y/Smile/0.0075,0.0110133300
2025-02-10,SWAPTION/RATE_NVOL/USD/SOFR/2Y/2Y/Smile/0.01,0.0110956800
2025-02-10,SWAPTION/RATE_NVOL/USD/SOFR/2Y/2Y/Smile/0.015,0.0115629100
2025-02-10,SWAPTION/RATE_NVOL/USD/SOFR/2Y/2Y/Smile/0.02,0.0119845500
2025-02-10,SWAPTION/RATE_NVOL/USD/SOFR/2Y/2Y/Smile/0.03,0.0131195300
2025-02-10,SWAPTION/RATE_NVOL/USD/SOFR/2Y/2Y/Smile/0.04,0.0144953500
2025-02-10,SWAPTION/RATE_NVOL/USD/SOFR/2Y/30Y/ATM,0.0088859300
2025-02-10,SWAPTION/RATE_NVOL/USD/SOFR/2Y/30Y/Smile/-0.0025,0.0087936000
2025-02-10,SWAPTION/RATE_NVOL/USD/SOFR/2Y/30Y/Smile/-0.005,0.0087119300
2025-02-10,SWAPTION/RATE_NVOL/USD/SOFR/2Y/30Y/Smile/-0.0075,0.0086888300
2025-02-10,SWAPTION/RATE_NVOL/USD/SOFR/2Y/30Y/Smile/-0.01,0.0087230600
2025-02-10,SWAPTION/RATE_NVOL/USD/SOFR/2Y/30Y/Smile/-0.015,0.0088929600
2025-02-10,SWAPTION/RATE_NVOL/USD/SOFR/2Y/30Y/Smile/-0.02,0.0091446600
2025-02-10,SWAPTION/RATE_NVOL/USD/SOFR/2Y/30Y/Smile/-0.03,0.0096789000
2025-02-10,SWAPTION/RATE_NVOL/USD/SOFR/2Y/30Y/Smile/-0.04,0.0103425200
2025-02-10,SWAPTION/RATE_NVOL/USD/SOFR/2Y/30Y/Smile/0.0025,0.0090622500
2025-02-10,SWAPTION/RATE_NVOL/USD/SOFR/2Y/30Y/Smile/0.005,0.0092081600
2025-02-10,SWAPTION/RATE_NVOL/USD/SOFR/2Y/30Y/Smile/0.0075,0.0094578500
2025-02-10,SWAPTION/RATE_NVOL/USD/SOFR/2Y/30Y/Smile/0.01,0.0096425000
2025-02-10,SWAPTION/RATE_NVOL/USD/SOFR/2Y/30Y/Smile/0.015,0.0102480300
2025-02-10,SWAPTION/RATE_NVOL/USD/SOFR/2Y/30Y/Smile/0.02,0.0107897000
2025-02-10,SWAPTION/RATE_NVOL/USD/SOFR/2Y/30Y/Smile/0.03,0.0121369000
2025-02-10,SWAPTION/RATE_NVOL/USD/SOFR/2Y/30Y/Smile/0.04,0.0135298600
2025-02-10,SWAPTION/RATE_NVOL/USD/SOFR/2Y/3Y/ATM,0.0105038800
2025-02-10,SWAPTION/RATE_NVOL/USD/SOFR/2Y/4Y/ATM,0.0103819600
2025-02-10,SWAPTION/RATE_NVOL/USD/SOFR/2Y/5Y/ATM,0.0102890500
2025-02-10,SWAPTION/RATE_NVOL/USD/SOFR/2Y/5Y/Smile/-0.0025,0.0101721700
2025-02-10,SWAPTION/RATE_NVOL/USD/SOFR/2Y/5Y/Smile/-0.005,0.0101885700
2025-02-10,SWAPTION/RATE_NVOL/USD/SOFR/2Y/5Y/Smile/-0.0075,0.0102534300
2025-02-10,SWAPTION/RATE_NVOL/USD/SOFR/2Y/5Y/Smile/-0.01,0.0102886800
2025-02-10,SWAPTION/RATE_NVOL/USD/SOFR/2Y/5Y/Smile/-0.015,0.0105541800
2025-02-10,SWAPTION/RATE_NVOL/USD/SOFR/2Y/5Y/Smile/-0.02,0.0109533600
2025-02-10,SWAPTION/RATE_NVOL/USD/SOFR/2Y/5Y/Smile/-0.03,0.0118516200
2025-02-10,SWAPTION/RATE_NVOL/USD/SOFR/2Y/5Y/Smile/-0.04,0.0127296400
2025-02-10,SWAPTION/RATE_NVOL/USD/SOFR/2Y/5Y/Smile/0.0025,0.0103692100
2025-02-10,SWAPTION/RATE_NVOL/USD/SOFR/2Y/5Y/Smile/0.005,0.0105943100
2025-02-10,SWAPTION/RATE_NVOL/USD/SOFR/2Y/5Y/Smile/0.0075,0.0107344100
2025-02-10,SWAPTION/RATE_NVOL/USD/SOFR/2Y/5Y/Smile/0.01,0.0110369400
2025-02-10,SWAPTION/RATE_NVOL/USD/SOFR/2Y/5Y/Smile/0.015,0.0116083000
2025-02-10,SWAPTION/RATE_NVOL/USD/SOFR/2Y/5Y/Smile/0.02,0.0122609900
2025-02-10,SWAPTION/RATE_NVOL/USD/SOFR/2Y/5Y/Smile/0.03,0.0138182400
2025-02-10,SWAPTION/RATE_NVOL/USD/SOFR/2Y/5Y/Smile/0.04,0.0152978600
2025-02-10,SWAPTION/RATE_NVOL/USD/SOFR/2Y/6Y/ATM,0.0100991600
2025-02-10,SWAPTION/RATE_NVOL/USD/SOFR/2Y/7Y/ATM,0.0100023100
2025-02-10,SWAPTION/RATE_NVOL/USD/SOFR/2Y/8Y/ATM,0.0099555900
2025-02-10,SWAPTION/RATE_NVOL/USD/SOFR/2Y/9Y/ATM,0.0098428000
2025-02-10,SWAPTION/RATE_NVOL/USD/SOFR/30Y/10Y/ATM,0.0064230600
2025-02-10,SWAPTION/RATE_NVOL/USD/SOFR/30Y/10Y/Smile/-0.0025,0.0062893100
2025-02-10,SWAPTION/RATE_NVOL/USD/SOFR/30Y/10Y/Smile/-0.005,0.0061260000
2025-02-10,SWAPTION/RATE_NVOL/USD/SOFR/30Y/10Y/Smile/-0.0075,0.0060603900
2025-02-10,SWAPTION/RATE_NVOL/USD/SOFR/30Y/10Y/Smile/-0.01,0.0059547800
2025-02-10,SWAPTION/RATE_NVOL/USD/SOFR/30Y/10Y/Smile/-0.015,0.0058036200
2025-02-10,SWAPTION/RATE_NVOL/USD/SOFR/30Y/10Y/Smile/-0.02,0.0056535800
2025-02-10,SWAPTION/RATE_NVOL/USD/SOFR/30Y/10Y/Smile/-0.03,0.0056827600
2025-02-10,SWAPTION/RATE_NVOL/USD/SOFR/30Y/10Y/Smile/-0.04,0.0058795000
2025-02-10,SWAPTION/RATE_NVOL/USD/SOFR/30Y/10Y/Smile/0.0025,0.0065557300
2025-02-10,SWAPTION/RATE_NVOL/USD/SOFR/30Y/10Y/Smile/0.005,0.0066883700
2025-02-10,SWAPTION/RATE_NVOL/USD/SOFR/30Y/10Y/Smile/0.0075,0.0069070000
2025-02-10,SWAPTION/RATE_NVOL/USD/SOFR/30Y/10Y/Smile/0.01,0.0070223500
2025-02-10,SWAPTION/RATE_NVOL/USD/SOFR/30Y/10Y/Smile/0.015,0.0073738600
2025-02-10,SWAPTION/RATE_NVOL/USD/SOFR/30Y/10Y/Smile/0.02,0.0077589500
2025-02-10,SWAPTION/RATE_NVOL/USD/SOFR/30Y/10Y/Smile/0.03,0.0084544500
2025-02-10,SWAPTION/RATE_NVOL/USD/SOFR/30Y/10Y/Smile/0.04,0.0092029400
2025-02-10,SWAPTION/RATE_NVOL/USD/SOFR/30Y/15Y/ATM,0.0064014500
2025-02-10,SWAPTION/RATE_NVOL/USD/SOFR/30Y/15Y/Smile/-0.0025,0.0062427500
2025-02-10,SWAPTION/RATE_NVOL/USD/SOFR/30Y/15Y/Smile/-0.005,0.0061287000
2025-02-10,SWAPTION/RATE_NVOL/USD/SOFR/30Y/15Y/Smile/-0.0075,0.0060585100
2025-02-10,SWAPTION/RATE_NVOL/USD/SOFR/30Y/15Y/Smile/-0.01,0.0059296300
2025-02-10,SWAPTION/RATE_NVOL/USD/SOFR/30Y/15Y/Smile/-0.015,0.0057722800
2025-02-10,SWAPTION/RATE_NVOL/USD/SOFR/30Y/15Y/Smile/-0.02,0.0056214200
2025-02-10,SWAPTION/RATE_NVOL/USD/SOFR/30Y/15Y/Smile/-0.03,0.0054971800
2025-02-10,SWAPTION/RATE_NVOL/USD/SOFR/30Y/15Y/Smile/-0.04,0.0055197900
2025-02-10,SWAPTION/RATE_NVOL/USD/SOFR/30Y/15Y/Smile/0.0025,0.0064780600
2025-02-10,SWAPTION/RATE_NVOL/USD/SOFR/30Y/15Y/Smile/0.005,0.0066307800
2025-02-10,SWAPTION/RATE_NVOL/USD/SOFR/30Y/15Y/Smile/0.0075,0.0068083800
2025-02-10,SWAPTION/RATE_NVOL/USD/SOFR/30Y/15Y/Smile/0.01,0.0069293500
2025-02-10,SWAPTION/RATE_NVOL/USD/SOFR/30Y/15Y/Smile/0.015,0.0072493800
2025-02-10,SWAPTION/RATE_NVOL/USD/SOFR/30Y/15Y/Smile/0.02,0.0074895700
2025-02-10,SWAPTION/RATE_NVOL/USD/SOFR/30Y/15Y/Smile/0.03,0.0081796600
2025-02-10,SWAPTION/RATE_NVOL/USD/SOFR/30Y/15Y/Smile/0.04,0.0087393200
2025-02-10,SWAPTION/RATE_NVOL/USD/SOFR/30Y/1Y/ATM,0.0072141000
2025-02-10,SWAPTION/RATE_NVOL/USD/SOFR/30Y/1Y/Smile/-0.0025,0.0070590500
2025-02-10,SWAPTION/RATE_NVOL/USD/SOFR/30Y/1Y/Smile/-0.005,0.0069529300
2025-02-10,SWAPTION/RATE_NVOL/USD/SOFR/30Y/1Y/Smile/-0.0075,0.0068592800
2025-02-10,SWAPTION/RATE_NVOL/USD/SOFR/30Y/1Y/Smile/-0.01,0.0068288800
2025-02-10,SWAPTION/RATE_NVOL/USD/SOFR/30Y/1Y/Smile/-0.015,0.0068082900
2025-02-10,SWAPTION/RATE_NVOL/USD/SOFR/30Y/1Y/Smile/-0.02,0.0067818400
2025-02-10,SWAPTION/RATE_NVOL/USD/SOFR/30Y/1Y/Smile/-0.03,0.0069580600
2025-02-10,SWAPTION/RATE_NVOL/USD/SOFR/30Y/1Y/Smile/-0.04,0.0073352600
2025-02-10,SWAPTION/RATE_NVOL/USD/SOFR/30Y/1Y/Smile/0.0025,0.0073489900
2025-02-10,SWAPTION/RATE_NVOL/USD/SOFR/30Y/1Y/Smile/0.005,0.0075518300
2025-02-10,SWAPTION/RATE_NVOL/USD/SOFR/30Y/1Y/Smile/0.0075,0.0077219200
2025-02-10,SWAPTION/RATE_NVOL/USD/SOFR/30Y/1Y/Smile/0.01,0.0079561200
2025-02-10,SWAPTION/RATE_NVOL/USD/SOFR/30Y/1Y/Smile/0.015,0.0083963400
2025-02-10,SWAPTION/RATE_NVOL/USD/SOFR/30Y/1Y/Smile/0.02,0.0088159000
2025-02-10,SWAPTION/RATE_NVOL/USD/SOFR/30Y/1Y/Smile/0.03,0.0098559500
2025-02-10,SWAPTION/RATE_NVOL/USD/SOFR/30Y/1Y/Smile/0.04,0.0108992600
2025-02-10,SWAPTION/RATE_NVOL/USD/SOFR/30Y/20Y/ATM,0.0063451700
2025-02-10,SWAPTION/RATE_NVOL/USD/SOFR/30Y/20Y/Smile/-0.0025,0.0062871500
2025-02-10,SWAPTION/RATE_NVOL/USD/SOFR/30Y/20Y/Smile/-0.005,0.0061491200
2025-02-10,SWAPTION/RATE_NVOL/USD/SOFR/30Y/20Y/Smile/-0.0075,0.0060473400
2025-02-10,SWAPTION/RATE_NVOL/USD/SOFR/30Y/20Y/Smile/-0.01,0.0059450400
2025-02-10,SWAPTION/RATE_NVOL/USD/SOFR/30Y/20Y/Smile/-0.015,0.0057251700
2025-02-10,SWAPTION/RATE_NVOL/USD/SOFR/30Y/20Y/Smile/-0.02,0.0055403400
2025-02-10,SWAPTION/RATE_NVOL/USD/SOFR/30Y/20Y/Smile/-0.03,0.0052238700
2025-02-10,SWAPTION/RATE_NVOL/USD/SOFR/30Y/20Y/Smile/-0.04,0.0051295300
2025-02-10,SWAPTION/RATE_NVOL/USD/SOFR/30Y/20Y/Smile/0.0025,0.0064762400
2025-02-10,SWAPTION/RATE_NVOL/USD/SOFR/30Y/20Y/Smile/0.005,0.0066109100
2025-02-10,SWAPTION/RATE_NVOL/USD/SOFR/30Y/20Y/Smile/0.0075,0.0067041100
2025-02-10,SWAPTION/RATE_NVOL/USD/SOFR/30Y/20Y/Smile/0.01,0.0068504500
2025-02-10,SWAPTION/RATE_NVOL/USD/SOFR/30Y/20Y/Smile/0.015,0.0071117900
2025-02-10,SWAPTION/RATE_NVOL/USD/SOFR/30Y/20Y/Smile/0.02,0.0073658400
2025-02-10,SWAPTION/RATE_NVOL/USD/SOFR/30Y/20Y/Smile/0.03,0.0079094300
2025-02-10,SWAPTION/RATE_NVOL/USD/SOFR/30Y/20Y/Smile/0.04,0.0084478000
2025-02-10,SWAPTION/RATE_NVOL/USD/SOFR/30Y/25Y/ATM,0.0063892000
2025-02-10,SWAPTION/RATE_NVOL/USD/SOFR/30Y/2Y/ATM,0.0072634700
2025-02-10,SWAPTION/RATE_NVOL/USD/SOFR/30Y/2Y/Smile/-0.0025,0.0071638100
2025-02-10,SWAPTION/RATE_NVOL/USD/SOFR/30Y/2Y/Smile/-0.005,0.0070095500
2025-02-10,SWAPTION/RATE_NVOL/USD/SOFR/30Y/2Y/Smile/-0.0075,0.0069062800
2025-02-10,SWAPTION/RATE_NVOL/USD/SOFR/30Y/2Y/Smile/-0.01,0.0068759100
2025-02-10,SWAPTION/RATE_NVOL/USD/SOFR/30Y/2Y/Smile/-0.015,0.0067943900
2025-02-10,SWAPTION/RATE_NVOL/USD/SOFR/30Y/2Y/Smile/-0.02,0.0067493300
2025-02-10,SWAPTION/RATE_NVOL/USD/SOFR/30Y/2Y/Smile/-0.03,0.0068199600
2025-02-10,SWAPTION/RATE_NVOL/USD/SOFR/30Y/2Y/Smile/-0.04,0.0071257900
2025-02-10,SWAPTION/RATE_NVOL/USD/SOFR/30Y/2Y/Smile/0.0025,0.0074488100
2025-02-10,SWAPTION/RATE_NVOL/USD/SOFR/30Y/2Y/Smile/0.005,0.0076066300
2025-02-10,SWAPTION/RATE_NVOL/USD/SOFR/30Y/2Y/Smile/0.0075,0.0078271500
2025-02-10,SWAPTION/RATE_NVOL/USD/SOFR/30Y/2Y/Smile/0.01,0.0079897500
2025-02-10,SWAPTION/RATE_NVOL/USD/SOFR/30Y/2Y/Smile/0.015,0.0084501200
2025-02-10,SWAPTION/RATE_NVOL/USD/SOFR/30Y/2Y/Smile/0.02,0.0088645700
2025-02-10,SWAPTION/RATE_NVOL/USD/SOFR/30Y/2Y/Smile/0.03,0.0098562100
2025-02-10,SWAPTION/RATE_NVOL/USD/SOFR/30Y/2Y/Smile/0.04,0.0107931600
2025-02-10,SWAPTION/RATE_NVOL/USD/SOFR/30Y/30Y/ATM,0.0063875400
2025-02-10,SWAPTION/RATE_NVOL/USD/SOFR/30Y/30Y/Smile/-0.0025,0.0062524300
2025-02-10,SWAPTION/RATE_NVOL/USD/SOFR/30Y/30Y/Smile/-0.005,0.0061905700
2025-02-10,SWAPTION/RATE_NVOL/USD/SOFR/30Y/30Y/Smile/-0.0075,0.0061116100
2025-02-10,SWAPTION/RATE_NVOL/USD/SOFR/30Y/30Y/Smile/-0.01,0.0060093600
2025-02-10,SWAPTION/RATE_NVOL/USD/SOFR/30Y/30Y/Smile/-0.015,0.0058344500
2025-02-10,SWAPTION/RATE_NVOL/USD/SOFR/30Y/30Y/Smile/-0.02,0.0057159400
2025-02-10,SWAPTION/RATE_NVOL/USD/SOFR/30Y/30Y/Smile/-0.03,0.0055608000
2025-02-10,SWAPTION/RATE_NVOL/USD/SOFR/30Y/30Y/Smile/-0.04,0.0055258700
2025-02-10,SWAPTION/RATE_NVOL/USD/SOFR/30Y/30Y/Smile/0.0025,0.0064690800
2025-02-10,SWAPTION/RATE_NVOL/USD/SOFR/30Y/30Y/Smile/0.005,0.0065682900
2025-02-10,SWAPTION/RATE_NVOL/USD/SOFR/30Y/30Y/Smile/0.0075,0.0066968500
2025-02-10,SWAPTION/RATE_NVOL/USD/SOFR/30Y/30Y/Smile/0.01,0.0068241100
2025-02-10,SWAPTION/RATE_NVOL/USD/SOFR/30Y/30Y/Smile/0.015,0.0070158600
2025-02-10,SWAPTION/RATE_NVOL/USD/SOFR/30Y/30Y/Smile/0.02,0.0073206500
2025-02-10,SWAPTION/RATE_NVOL/USD/SOFR/30Y/30Y/Smile/0.03,0.0077744600
2025-02-10,SWAPTION/RATE_NVOL/USD/SOFR/30Y/30Y/Smile/0.04,0.0083177800
2025-02-10,SWAPTION/RATE_NVOL/USD/SOFR/30Y/3Y/ATM,0.0071948100
2025-02-10,SWAPTION/RATE_NVOL/USD/SOFR/30Y/4Y/ATM,0.0071226200
2025-02-10,SWAPTION/RATE_NVOL/USD/SOFR/30Y/5Y/ATM,0.0070362000
2025-02-10,SWAPTION/RATE_NVOL/USD/SOFR/30Y/5Y/Smile/-0.0025,0.0068925900
2025-02-10,SWAPTION/RATE_NVOL/USD/SOFR/30Y/5Y/Smile/-0.005,0.0067595900
2025-02-10,SWAPTION/RATE_NVOL/USD/SOFR/30Y/5Y/Smile/-0.0075,0.0066199700
2025-02-10,SWAPTION/RATE_NVOL/USD/SOFR/30Y/5Y/Smile/-0.01,0.0065472100
2025-02-10,SWAPTION/RATE_NVOL/USD/SOFR/30Y/5Y/Smile/-0.015,0.0063155400
2025-02-10,SWAPTION/RATE_NVOL/USD/SOFR/30Y/5Y/Smile/-0.02,0.0061990300
2025-02-10,SWAPTION/RATE_NVOL/USD/SOFR/30Y/5Y/Smile/-0.03,0.0059186200
2025-02-10,SWAPTION/RATE_NVOL/USD/SOFR/30Y/5Y/Smile/-0.04,0.0059469800
2025-02-10,SWAPTION/RATE_NVOL/USD/SOFR/30Y/5Y/Smile/0.0025,0.0071346700
2025-02-10,SWAPTION/RATE_NVOL/USD/SOFR/30Y/5Y/Smile/0.005,0.0073351100
2025-02-10,SWAPTION/RATE_NVOL/USD/SOFR/30Y/5Y/Smile/0.0075,0.0074996400
2025-02-10,SWAPTION/RATE_NVOL/USD/SOFR/30Y/5Y/Smile/0.01,0.0076091400
2025-02-10,SWAPTION/RATE_NVOL/USD/SOFR/30Y/5Y/Smile/0.015,0.0079484600
2025-02-10,SWAPTION/RATE_NVOL/USD/SOFR/30Y/5Y/Smile/0.02,0.0082540500
2025-02-10,SWAPTION/RATE_NVOL/USD/SOFR/30Y/5Y/Smile/0.03,0.0089324600
2025-02-10,SWAPTION/RATE_NVOL/USD/SOFR/30Y/5Y/Smile/0.04,0.0096280100
2025-02-10,SWAPTION/RATE_NVOL/USD/SOFR/30Y/6Y/ATM,0.0069486400
2025-02-10,SWAPTION/RATE_NVOL/USD/SOFR/30Y/7Y/ATM,0.0067693100
2025-02-10,SWAPTION/RATE_NVOL/USD/SOFR/30Y/8Y/ATM,0.0067271000
2025-02-10,SWAPTION/RATE_NVOL/USD/SOFR/30Y/9Y/ATM,0.0065703100
2025-02-10,SWAPTION/RATE_NVOL/USD/SOFR/3M/10Y/ATM,0.0093149200
2025-02-10,SWAPTION/RATE_NVOL/USD/SOFR/3M/10Y/Smile/-0.0025,0.0093958800
2025-02-10,SWAPTION/RATE_NVOL/USD/SOFR/3M/10Y/Smile/-0.005,0.0096362200
2025-02-10,SWAPTION/RATE_NVOL/USD/SOFR/3M/10Y/Smile/-0.0075,0.0099989200
2025-02-10,SWAPTION/RATE_NVOL/USD/SOFR/3M/10Y/Smile/-0.01,0.0104262400
2025-02-10,SWAPTION/RATE_NVOL/USD/SOFR/3M/10Y/Smile/-0.015,0.0114005000
2025-02-10,SWAPTION/RATE_NVOL/USD/SOFR/3M/10Y/Smile/-0.02,0.0124579400
2025-02-10,SWAPTION/RATE_NVOL/USD/SOFR/3M/10Y/Smile/-0.03,0.0143716400
2025-02-10,SWAPTION/RATE_NVOL/USD/SOFR/3M/10Y/Smile/-0.04,0.0159839200
2025-02-10,SWAPTION/RATE_NVOL/USD/SOFR/3M/10Y/Smile/0.0025,0.0094058300
2025-02-10,SWAPTION/RATE_NVOL/USD/SOFR/3M/10Y/Smile/0.005,0.0097402400
2025-02-10,SWAPTION/RATE_NVOL/USD/SOFR/3M/10Y/Smile/0.0075,0.0101403000
2025-02-10,SWAPTION/RATE_NVOL/USD/SOFR/3M/10Y/Smile/0.01,0.0106421200
2025-02-10,SWAPTION/RATE_NVOL/USD/SOFR/3M/10Y/Smile/0.015,0.0118847900
2025-02-10,SWAPTION/RATE_NVOL/USD/SOFR/3M/10Y/Smile/0.02,0.0132735000
2025-02-10,SWAPTION/RATE_NVOL/USD/SOFR/3M/10Y/Smile/0.03,0.0158630400
2025-02-10,SWAPTION/RATE_NVOL/USD/SOFR/3M/10Y/Smile/0.04,0.0186048500
2025-02-10,SWAPTION/RATE_NVOL/USD/SOFR/3M/15Y/ATM,0.0089391500
2025-02-10,SWAPTION/RATE_NVOL/USD/SOFR/3M/15Y/Smile/-0.0025,0.0090273500
2025-02-10,SWAPTION/RATE_NVOL/USD/SOFR/3M/15Y/Smile/-0.005,0.0093157900
2025-02-10,SWAPTION/RATE_NVOL/USD/SOFR/3M/15Y/Smile/-0.0075,0.0096957500
2025-02-10,SWAPTION/RATE_NVOL/USD/SOFR/3M/15Y/Smile/-0.01,0.0102353700
2025-02-10,SWAPTION/RATE_NVOL/USD/SOFR/3M/15Y/Smile/-0.015,0.0112585300
2025-02-10,SWAPTION/RATE_NVOL/USD/SOFR/3M/15Y/Smile/-0.02,0.0123376100
2025-02-10,SWAPTION/RATE_NVOL/USD/SOFR/3M/15Y/Smile/-0.03,0.0144027400
2025-02-10,SWAPTION/RATE_NVOL/USD/SOFR/3M/15Y/Smile/-0.04,0.0162045000
2025-02-10,SWAPTION/RATE_NVOL/USD/SOFR/3M/15Y/Smile/0.0025,0.0091304400
2025-02-10,SWAPTION/RATE_NVOL/USD/SOFR/3M/15Y/Smile/0.005,0.0094231100
2025-02-10,SWAPTION/RATE_NVOL/USD/SOFR/3M/15Y/Smile/0.0075,0.0098902000
2025-02-10,SWAPTION/RATE_NVOL/USD/SOFR/3M/15Y/Smile/0.01,0.0104612100
2025-02-10,SWAPTION/RATE_NVOL/USD/SOFR/3M/15Y/Smile/0.015,0.0117870200
2025-02-10,SWAPTION/RATE_NVOL/USD/SOFR/3M/15Y/Smile/0.02,0.0131947400
2025-02-10,SWAPTION/RATE_NVOL/USD/SOFR/3M/15Y/Smile/0.03,0.0160766800
2025-02-10,SWAPTION/RATE_NVOL/USD/SOFR/3M/15Y/Smile/0.04,0.0188886000
2025-02-10,SWAPTION/RATE_NVOL/USD/SOFR/3M/1Y/ATM,0.0069434200
2025-02-10,SWAPTION/RATE_NVOL/USD/SOFR/3M/1Y/Smile/-0.0025,0.0076209600
2025-02-10,SWAPTION/RATE_NVOL/USD/SOFR/3M/1Y/Smile/-0.005,0.0084987400
2025-02-10,SWAPTION/RATE_NVOL/USD/SOFR/3M/1Y/Smile/-0.0075,0.0094233900
2025-02-10,SWAPTION/RATE_NVOL/USD/SOFR/3M/1Y/Smile/-0.01,0.0103240700
2025-02-10,SWAPTION/RATE_NVOL/USD/SOFR/3M/1Y/Smile/-0.015,0.0120973500
2025-02-10,SWAPTION/RATE_NVOL/USD/SOFR/3M/1Y/Smile/-0.02,0.0136806100
2025-02-10,SWAPTION/RATE_NVOL/USD/SOFR/3M/1Y/Smile/-0.03,0.0165053600
2025-02-10,SWAPTION/RATE_NVOL/USD/SOFR/3M/1Y/Smile/-0.04,0.0187615500
2025-02-10,SWAPTION/RATE_NVOL/USD/SOFR/3M/1Y/Smile/0.0025,0.0064885100
2025-02-10,SWAPTION/RATE_NVOL/USD/SOFR/3M/1Y/Smile/0.005,0.0065577100
2025-02-10,SWAPTION/RATE_NVOL/USD/SOFR/3M/1Y/Smile/0.0075,0.0070049000
2025-02-10,SWAPTION/RATE_NVOL/USD/SOFR/3M/1Y/Smile/0.01,0.0076920300
2025-02-10,SWAPTION/RATE_NVOL/USD/SOFR/3M/1Y/Smile/0.015,0.0091339700
2025-02-10,SWAPTION/RATE_NVOL/USD/SOFR/3M/1Y/Smile/0.02,0.0106915300
2025-02-10,SWAPTION/RATE_NVOL/USD/SOFR/3M/1Y/Smile/0.03,0.0136410300
2025-02-10,SWAPTION/RATE_NVOL/USD/SOFR/3M/1Y/Smile/0.04,0.0165929900
2025-02-10,SWAPTION/RATE_NVOL/USD/SOFR/3M/20Y/ATM,0.0086402500
2025-02-10,SWAPTION/RATE_NVOL/USD/SOFR/3M/20Y/Smile/-0.0025,0.0087003200
2025-02-10,SWAPTION/RATE_NVOL/USD/SOFR/3M/20Y/Smile/-0.005,0.0089699200
2025-02-10,SWAPTION/RATE_NVOL/USD/SOFR/3M/20Y/Smile/-0.0075,0.0094541600
2025-02-10,SWAPTION/RATE_NVOL/USD/SOFR/3M/20Y/Smile/-0.01,0.0099562900
2025-02-10,SWAPTION/RATE_NVOL/USD/SOFR/3M/20Y/Smile/-0.015,0.0111218400
2025-02-10,SWAPTION/RATE_NVOL/USD/SOFR/3M/20Y/Smile/-0.02,0.0121788700
2025-02-10,SWAPTION/RATE_NVOL/USD/SOFR/3M/20Y/Smile/-0.03,0.0144221600
2025-02-10,SWAPTION/RATE_NVOL/USD/SOFR/3M/20Y/Smile/-0.04,0.0161436000
2025-02-10,SWAPTION/RATE_NVOL/USD/SOFR/3M/20Y/Smile/0.0025,0.0087488600
2025-02-10,SWAPTION/RATE_NVOL/USD/SOFR/3M/20Y/Smile/0.005,0.0092005100
2025-02-10,SWAPTION/RATE_NVOL/USD/SOFR/3M/20Y/Smile/0.0075,0.0096642100
2025-02-10,SWAPTION/RATE_NVOL/USD/SOFR/3M/20Y/Smile/0.01,0.0103010200
2025-02-10,SWAPTION/RATE_NVOL/USD/SOFR/3M/20Y/Smile/0.015,0.0116637300
2025-02-10,SWAPTION/RATE_NVOL/USD/SOFR/3M/20Y/Smile/0.02,0.0131935500
2025-02-10,SWAPTION/RATE_NVOL/USD/SOFR/3M/20Y/Smile/0.03,0.0161121900
2025-02-10,SWAPTION/RATE_NVOL/USD/SOFR/3M/20Y/Smile/0.04,0.0188967600
2025-02-10,SWAPTION/RATE_NVOL/USD/SOFR/3M/25Y/ATM,0.0084756200
2025-02-10,SWAPTION/RATE_NVOL/USD/SOFR/3M/2Y/ATM,0.0087586700
2025-02-10,SWAPTION/RATE_NVOL/USD/SOFR/3M/2Y/Smile/-0.0025,0.0092729800
2025-02-10,SWAPTION/RATE_NVOL/USD/SOFR/3M/2Y/Smile/-0.005,0.0099070700
2025-02-10,SWAPTION/RATE_NVOL/USD/SOFR/3M/2Y/Smile/-0.0075,0.0105805900
2025-02-10,SWAPTION/RATE_NVOL/USD/SOFR/3M/2Y/Smile/-0.01,0.0112389400
2025-02-10,SWAPTION/RATE_NVOL/USD/SOFR/3M/2Y/Smile/-0.015,0.0126324400
2025-02-10,SWAPTION/RATE_NVOL/USD/SOFR/3M/2Y/Smile/-0.02,0.0138817000
2025-02-10,SWAPTION/RATE_NVOL/USD/SOFR/3M/2Y/Smile/-0.03,0.0161926600
2025-02-10,SWAPTION/RATE_NVOL/USD/SOFR/3M/2Y/Smile/-0.04,0.0182117600
2025-02-10,SWAPTION/RATE_NVOL/USD/SOFR/3M/2Y/Smile/0.0025,0.0084200200
2025-02-10,SWAPTION/RATE_NVOL/USD/SOFR/3M/2Y/Smile/0.005,0.0084210100
2025-02-10,SWAPTION/RATE_NVOL/USD/SOFR/3M/2Y/Smile/0.0075,0.0085933800
2025-02-10,SWAPTION/RATE_NVOL/USD/SOFR/3M/2Y/Smile/0.01,0.0088968800
2025-02-10,SWAPTION/RATE_NVOL/USD/SOFR/3M/2Y/Smile/0.015,0.0099754800
2025-02-10,SWAPTION/RATE_NVOL/USD/SOFR/3M/2Y/Smile/0.02,0.0111191400
2025-02-10,SWAPTION/RATE_NVOL/USD/SOFR/3M/2Y/Smile/0.03,0.0137084900
2025-02-10,SWAPTION/RATE_NVOL/USD/SOFR/3M/2Y/Smile/0.04,0.0163582300
2025-02-10,SWAPTION/RATE_NVOL/USD/SOFR/3M/30Y/ATM,0.0083896500
2025-02-10,SWAPTION/RATE_NVOL/USD/SOFR/3M/30Y/Smile/-0.0025,0.0084981100
2025-02-10,SWAPTION/RATE_NVOL/USD/SOFR/3M/30Y/Smile/-0.005,0.0087154400
2025-02-10,SWAPTION/RATE_NVOL/USD/SOFR/3M/30Y/Smile/-0.0075,0.0092022900
2025-02-10,SWAPTION/RATE_NVOL/USD/SOFR/3M/30Y/Smile/-0.01,0.0097106900
2025-02-10,SWAPTION/RATE_NVOL/USD/SOFR/3M/30Y/Smile/-0.015,0.0107822600
2025-02-10,SWAPTION/RATE_NVOL/USD/SOFR/3M/30Y/Smile/-0.02,0.0120657800
2025-02-10,SWAPTION/RATE_NVOL/USD/SOFR/3M/30Y/Smile/-0.03,0.0142103500
2025-02-10,SWAPTION/RATE_NVOL/USD/SOFR/3M/30Y/Smile/-0.04,0.0162734200
2025-02-10,SWAPTION/RATE_NVOL/USD/SOFR/3M/30Y/Smile/0.0025,0.0085718700
2025-02-10,SWAPTION/RATE_NVOL/USD/SOFR/3M/30Y/Smile/0.005,0.0089972500
2025-02-10,SWAPTION/RATE_NVOL/USD/SOFR/3M/30Y/Smile/0.0075,0.0095484100
2025-02-10,SWAPTION/RATE_NVOL/USD/SOFR/3M/30Y/Smile/0.01,0.0101359200
2025-02-10,SWAPTION/RATE_NVOL/USD/SOFR/3M/30Y/Smile/0.015,0.0114985900
2025-02-10,SWAPTION/RATE_NVOL/USD/SOFR/3M/30Y/Smile/0.02,0.0130512400
2025-02-10,SWAPTION/RATE_NVOL/USD/SOFR/3M/30Y/Smile/0.03,0.0159231000
2025-02-10,SWAPTION/RATE_NVOL/USD/SOFR/3M/30Y/Smile/0.04,0.0187679300
2025-02-10,SWAPTION/RATE_NVOL/USD/SOFR/3M/3Y/ATM,0.0090896000
2025-02-10,SWAPTION/RATE_NVOL/USD/SOFR/3M/4Y/ATM,0.0093859000
2025-02-10,SWAPTION/RATE_NVOL/USD/SOFR/3M/5Y/ATM,0.0096191800
2025-02-10,SWAPTION/RATE_NVOL/USD/SOFR/3M/5Y/Smile/-0.0025,0.0098003100
2025-02-10,SWAPTION/RATE_NVOL/USD/SOFR/3M/5Y/Smile/-0.005,0.0102458400
2025-02-10,SWAPTION/RATE_NVOL/USD/SOFR/3M/5Y/Smile/-0.0075,0.0109053700
2025-02-10,SWAPTION/RATE_NVOL/USD/SOFR/3M/5Y/Smile/-0.01,0.0115191800
2025-02-10,SWAPTION/RATE_NVOL/USD/SOFR/3M/5Y/Smile/-0.015,0.0128873400
2025-02-10,SWAPTION/RATE_NVOL/USD/SOFR/3M/5Y/Smile/-0.02,0.0141960100
2025-02-10,SWAPTION/RATE_NVOL/USD/SOFR/3M/5Y/Smile/-0.03,0.0167344100
2025-02-10,SWAPTION/RATE_NVOL/USD/SOFR/3M/5Y/Smile/-0.04,0.0189795600
2025-02-10,SWAPTION/RATE_NVOL/USD/SOFR/3M/5Y/Smile/0.0025,0.0096591700
2025-02-10,SWAPTION/RATE_NVOL/USD/SOFR/3M/5Y/Smile/0.005,0.0098558900
2025-02-10,SWAPTION/RATE_NVOL/USD/SOFR/3M/5Y/Smile/0.0075,0.0103641800
2025-02-10,SWAPTION/RATE_NVOL/USD/SOFR/3M/5Y/Smile/0.01,0.0109082400
2025-02-10,SWAPTION/RATE_NVOL/USD/SOFR/3M/5Y/Smile/0.015,0.0123744400
2025-02-10,SWAPTION/RATE_NVOL/USD/SOFR/3M/5Y/Smile/0.02,0.0138412800
2025-02-10,SWAPTION/RATE_NVOL/USD/SOFR/3M/5Y/Smile/0.03,0.0169681000
2025-02-10,SWAPTION/RATE_NVOL/USD/SOFR/3M/5Y/Smile/0.04,0.0199909200
2025-02-10,SWAPTION/RATE_NVOL/USD/SOFR/3M/6Y/ATM,0.0094830000
2025-02-10,SWAPTION/RATE_NVOL/USD/SOFR/3M/7Y/ATM,0.0094092600
2025-02-10,SWAPTION/RATE_NVOL/USD/SOFR/3M/8Y/ATM,0.0093640800
2025-02-10,SWAPTION/RATE_NVOL/USD/SOFR/3M/9Y/ATM,0.0093774300
2025-02-10,SWAPTION/RATE_NVOL/USD/SOFR/3Y/10Y/ATM,0.0096518800
2025-02-10,SWAPTION/RATE_NVOL/USD/SOFR/3Y/10Y/Smile/-0.0025,0.0096289400
2025-02-10,SWAPTION/RATE_NVOL/USD/SOFR/3Y/10Y/Smile/-0.005,0.0095063600
2025-02-10,SWAPTION/RATE_NVOL/USD/SOFR/3Y/10Y/Smile/-0.0075,0.0095037900
2025-02-10,SWAPTION/RATE_NVOL/USD/SOFR/3Y/10Y/Smile/-0.01,0.0095386800
2025-02-10,SWAPTION/RATE_NVOL/USD/SOFR/3Y/10Y/Smile/-0.015,0.0095738300
2025-02-10,SWAPTION/RATE_NVOL/USD/SOFR/3Y/10Y/Smile/-0.02,0.0096815700
2025-02-10,SWAPTION/RATE_NVOL/USD/SOFR/3Y/10Y/Smile/-0.03,0.0101743000
2025-02-10,SWAPTION/RATE_NVOL/USD/SOFR/3Y/10Y/Smile/-0.04,0.0106726200
2025-02-10,SWAPTION/RATE_NVOL/USD/SOFR/3Y/10Y/Smile/0.0025,0.0098626600
2025-02-10,SWAPTION/RATE_NVOL/USD/SOFR/3Y/10Y/Smile/0.005,0.0099372500
2025-02-10,SWAPTION/RATE_NVOL/USD/SOFR/3Y/10Y/Smile/0.0075,0.0101056900
2025-02-10,SWAPTION/RATE_NVOL/USD/SOFR/3Y/10Y/Smile/0.01,0.0103201900
2025-02-10,SWAPTION/RATE_NVOL/USD/SOFR/3Y/10Y/Smile/0.015,0.0108029700
2025-02-10,SWAPTION/RATE_NVOL/USD/SOFR/3Y/10Y/Smile/0.02,0.0113139900
2025-02-10,SWAPTION/RATE_NVOL/USD/SOFR/3Y/10Y/Smile/0.03,0.0124375200
2025-02-10,SWAPTION/RATE_NVOL/USD/SOFR/3Y/10Y/Smile/0.04,0.0135735900
2025-02-10,SWAPTION/RATE_NVOL/USD/SOFR/3Y/15Y/ATM,0.0093634500
2025-02-10,SWAPTION/RATE_NVOL/USD/SOFR/3Y/15Y/Smile/-0.0025,0.0091845300
2025-02-10,SWAPTION/RATE_NVOL/USD/SOFR/3Y/15Y/Smile/-0.005,0.0091116800
2025-02-10,SWAPTION/RATE_NVOL/USD/SOFR/3Y/15Y/Smile/-0.0075,0.0090975300
2025-02-10,SWAPTION/RATE_NVOL/USD/SOFR/3Y/15Y/Smile/-0.01,0.0090158300
2025-02-10,SWAPTION/RATE_NVOL/USD/SOFR/3Y/15Y/Smile/-0.015,0.0090504300
2025-02-10,SWAPTION/RATE_NVOL/USD/SOFR/3Y/15Y/Smile/-0.02,0.0091171500
2025-02-10,SWAPTION/RATE_NVOL/USD/SOFR/3Y/15Y/Smile/-0.03,0.0094090500
2025-02-10,SWAPTION/RATE_NVOL/USD/SOFR/3Y/15Y/Smile/-0.04,0.0096994800
2025-02-10,SWAPTION/RATE_NVOL/USD/SOFR/3Y/15Y/Smile/0.0025,0.0094757200
2025-02-10,SWAPTION/RATE_NVOL/USD/SOFR/3Y/15Y/Smile/0.005,0.0096370500
2025-02-10,SWAPTION/RATE_NVOL/USD/SOFR/3Y/15Y/Smile/0.0075,0.0097411500
2025-02-10,SWAPTION/RATE_NVOL/USD/SOFR/3Y/15Y/Smile/0.01,0.0099217900
2025-02-10,SWAPTION/RATE_NVOL/USD/SOFR/3Y/15Y/Smile/0.015,0.0103230500
2025-02-10,SWAPTION/RATE_NVOL/USD/SOFR/3Y/15Y/Smile/0.02,0.0107821100
2025-02-10,SWAPTION/RATE_NVOL/USD/SOFR/3Y/15Y/Smile/0.03,0.0118412400
2025-02-10,SWAPTION/RATE_NVOL/USD/SOFR/3Y/15Y/Smile/0.04,0.0128378700
2025-02-10,SWAPTION/RATE_NVOL/USD/SOFR/3Y/1Y/ATM,0.0106901800
2025-02-10,SWAPTION/RATE_NVOL/USD/SOFR/3Y/1Y/Smile/-0.0025,0.0105516000
2025-02-10,SWAPTION/RATE_NVOL/USD/SOFR/3Y/1Y/Smile/-0.005,0.0105509300
2025-02-10,SWAPTION/RATE_NVOL/USD/SOFR/3Y/1Y/Smile/-0.0075,0.0105810700
2025-02-10,SWAPTION/RATE_NVOL/USD/SOFR/3Y/1Y/Smile/-0.01,0.0106335200
2025-02-10,SWAPTION/RATE_NVOL/USD/SOFR/3Y/1Y/Smile/-0.015,0.0107007700
2025-02-10,SWAPTION/RATE_NVOL/USD/SOFR/3Y/1Y/Smile/-0.02,0.0109877900
2025-02-10,SWAPTION/RATE_NVOL/USD/SOFR/3Y/1Y/Smile/-0.03,0.0115901100
2025-02-10,SWAPTION/RATE_NVOL/USD/SOFR/3Y/1Y/Smile/-0.04,0.0120986600
2025-02-10,SWAPTION/RATE_NVOL/USD/SOFR/3Y/1Y/Smile/0.0025,0.0107415500
2025-02-10,SWAPTION/RATE_NVOL/USD/SOFR/3Y/1Y/Smile/0.005,0.0109858900
2025-02-10,SWAPTION/RATE_NVOL/USD/SOFR/3Y/1Y/Smile/0.0075,0.0111601300
2025-02-10,SWAPTION/RATE_NVOL/USD/SOFR/3Y/1Y/Smile/0.01,0.0112795500
2025-02-10,SWAPTION/RATE_NVOL/USD/SOFR/3Y/1Y/Smile/0.015,0.0118008100
2025-02-10,SWAPTION/RATE_NVOL/USD/SOFR/3Y/1Y/Smile/0.02,0.0123314400
2025-02-10,SWAPTION/RATE_NVOL/USD/SOFR/3Y/1Y/Smile/0.03,0.0137349300
2025-02-10,SWAPTION/RATE_NVOL/USD/SOFR/3Y/1Y/Smile/0.04,0.0150641900
2025-02-10,SWAPTION/RATE_NVOL/USD/SOFR/3Y/20Y/ATM,0.0090118700
2025-02-10,SWAPTION/RATE_NVOL/USD/SOFR/3Y/20Y/Smile/-0.0025,0.0088941200
2025-02-10,SWAPTION/RATE_NVOL/USD/SOFR/3Y/20Y/Smile/-0.005,0.0087933800
2025-02-10,SWAPTION/RATE_NVOL/USD/SOFR/3Y/20Y/Smile/-0.0075,0.0087751200
2025-02-10,SWAPTION/RATE_NVOL/USD/SOFR/3Y/20Y/Smile/-0.01,0.0086479600
2025-02-10,SWAPTION/RATE_NVOL/USD/SOFR/3Y/20Y/Smile/-0.015,0.0086703400
2025-02-10,SWAPTION/RATE_NVOL/USD/SOFR/3Y/20Y/Smile/-0.02,0.0085820700
2025-02-10,SWAPTION/RATE_NVOL/USD/SOFR/3Y/20Y/Smile/-0.03,0.0087197700
2025-02-10,SWAPTION/RATE_NVOL/USD/SOFR/3Y/20Y/Smile/-0.04,0.0088408600
2025-02-10,SWAPTION/RATE_NVOL/USD/SOFR/3Y/20Y/Smile/0.0025,0.0091997600
2025-02-10,SWAPTION/RATE_NVOL/USD/SOFR/3Y/20Y/Smile/0.005,0.0093147800
2025-02-10,SWAPTION/RATE_NVOL/USD/SOFR/3Y/20Y/Smile/0.0075,0.0095053400
2025-02-10,SWAPTION/RATE_NVOL/USD/SOFR/3Y/20Y/Smile/0.01,0.0095862200
2025-02-10,SWAPTION/RATE_NVOL/USD/SOFR/3Y/20Y/Smile/0.015,0.0100538500
2025-02-10,SWAPTION/RATE_NVOL/USD/SOFR/3Y/20Y/Smile/0.02,0.0104671300
2025-02-10,SWAPTION/RATE_NVOL/USD/SOFR/3Y/20Y/Smile/0.03,0.0113996800
2025-02-10,SWAPTION/RATE_NVOL/USD/SOFR/3Y/20Y/Smile/0.04,0.0123080300
2025-02-10,SWAPTION/RATE_NVOL/USD/SOFR/3Y/25Y/ATM,0.0088896900
2025-02-10,SWAPTION/RATE_NVOL/USD/SOFR/3Y/2Y/ATM,0.0105349800
2025-02-10,SWAPTION/RATE_NVOL/USD/SOFR/3Y/2Y/Smile/-0.0025,0.0104537000
2025-02-10,SWAPTION/RATE_NVOL/USD/SOFR/3Y/2Y/Smile/-0.005,0.0103454400
2025-02-10,SWAPTION/RATE_NVOL/USD/SOFR/3Y/2Y/Smile/-0.0075,0.0102731200
2025-02-10,SWAPTION/RATE_NVOL/USD/SOFR/3Y/2Y/Smile/-0.01,0.0102663400
2025-02-10,SWAPTION/RATE_NVOL/USD/SOFR/3Y/2Y/Smile/-0.015,0.0102964700
2025-02-10,SWAPTION/RATE_NVOL/USD/SOFR/3Y/2Y/Smile/-0.02,0.0104805500
2025-02-10,SWAPTION/RATE_NVOL/USD/SOFR/3Y/2Y/Smile/-0.03,0.0108287100
2025-02-10,SWAPTION/RATE_NVOL/USD/SOFR/3Y/2Y/Smile/-0.04,0.0112491200
2025-02-10,SWAPTION/RATE_NVOL/USD/SOFR/3Y/2Y/Smile/0.0025,0.0106010900
2025-02-10,SWAPTION/RATE_NVOL/USD/SOFR/3Y/2Y/Smile/0.005,0.0107484700
2025-02-10,SWAPTION/RATE_NVOL/USD/SOFR/3Y/2Y/Smile/0.0075,0.0109802000
2025-02-10,SWAPTION/RATE_NVOL/USD/SOFR/3Y/2Y/Smile/0.01,0.0111409400
2025-02-10,SWAPTION/RATE_NVOL/USD/SOFR/3Y/2Y/Smile/0.015,0.0117143500
2025-02-10,SWAPTION/RATE_NVOL/USD/SOFR/3Y/2Y/Smile/0.02,0.0122509300
2025-02-10,SWAPTION/RATE_NVOL/USD/SOFR/3Y/2Y/Smile/0.03,0.0133485700
2025-02-10,SWAPTION/RATE_NVOL/USD/SOFR/3Y/2Y/Smile/0.04,0.0147116100
2025-02-10,SWAPTION/RATE_NVOL/USD/SOFR/3Y/30Y/ATM,0.0088232300
2025-02-10,SWAPTION/RATE_NVOL/USD/SOFR/3Y/30Y/Smile/-0.0025,0.0087337700
2025-02-10,SWAPTION/RATE_NVOL/USD/SOFR/3Y/30Y/Smile/-0.005,0.0086546100
2025-02-10,SWAPTION/RATE_NVOL/USD/SOFR/3Y/30Y/Smile/-0.0075,0.0086421800
2025-02-10,SWAPTION/RATE_NVOL/USD/SOFR/3Y/30Y/Smile/-0.01,0.0086430100
2025-02-10,SWAPTION/RATE_NVOL/USD/SOFR/3Y/30Y/Smile/-0.015,0.0086729600
2025-02-10,SWAPTION/RATE_NVOL/USD/SOFR/3Y/30Y/Smile/-0.02,0.0088280600
2025-02-10,SWAPTION/RATE_NVOL/USD/SOFR/3Y/30Y/Smile/-0.03,0.0092724300
2025-02-10,SWAPTION/RATE_NVOL/USD/SOFR/3Y/30Y/Smile/-0.04,0.0097544800
2025-02-10,SWAPTION/RATE_NVOL/USD/SOFR/3Y/30Y/Smile/0.0025,0.0090246000
2025-02-10,SWAPTION/RATE_NVOL/USD/SOFR/3Y/30Y/Smile/0.005,0.0091427600
2025-02-10,SWAPTION/RATE_NVOL/USD/SOFR/3Y/30Y/Smile/0.0075,0.0094129600
2025-02-10,SWAPTION/RATE_NVOL/USD/SOFR/3Y/30Y/Smile/0.01,0.0095641400
2025-02-10,SWAPTION/RATE_NVOL/USD/SOFR/3Y/30Y/Smile/0.015,0.0100957100
2025-02-10,SWAPTION/RATE_NVOL/USD/SOFR/3Y/30Y/Smile/0.02,0.0106937600
2025-02-10,SWAPTION/RATE_NVOL/USD/SOFR/3Y/30Y/Smile/0.03,0.0118087300
2025-02-10,SWAPTION/RATE_NVOL/USD/SOFR/3Y/30Y/Smile/0.04,0.0130156400
2025-02-10,SWAPTION/RATE_NVOL/USD/SOFR/3Y/3Y/ATM,0.0104203700
2025-02-10,SWAPTION/RATE_NVOL/USD/SOFR/3Y/4Y/ATM,0.0102716400
2025-02-10,SWAPTION/RATE_NVOL/USD/SOFR/3Y/5Y/ATM,0.0102025200
2025-02-10,SWAPTION/RATE_NVOL/USD/SOFR/3Y/5Y/Smile/-0.0025,0.0100220800
2025-02-10,SWAPTION/RATE_NVOL/USD/SOFR/3Y/5Y/Smile/-0.005,0.0099636400
2025-02-10,SWAPTION/RATE_NVOL/USD/SOFR/3Y/5Y/Smile/-0.0075,0.0099356000
2025-02-10,SWAPTION/RATE_NVOL/USD/SOFR/3Y/5Y/Smile/-0.01,0.0100188600
2025-02-10,SWAPTION/RATE_NVOL/USD/SOFR/3Y/5Y/Smile/-0.015,0.0100778500
2025-02-10,SWAPTION/RATE_NVOL/USD/SOFR/3Y/5Y/Smile/-0.02,0.0103658500
2025-02-10,SWAPTION/RATE_NVOL/USD/SOFR/3Y/5Y/Smile/-0.03,0.0110353500
2025-02-10,SWAPTION/RATE_NVOL/USD/SOFR/3Y/5Y/Smile/-0.04,0.0116875600
2025-02-10,SWAPTION/RATE_NVOL/USD/SOFR/3Y/5Y/Smile/0.0025,0.0103179800
2025-02-10,SWAPTION/RATE_NVOL/USD/SOFR/3Y/5Y/Smile/0.005,0.0104949600
2025-02-10,SWAPTION/RATE_NVOL/USD/SOFR/3Y/5Y/Smile/0.0075,0.0106725300
2025-02-10,SWAPTION/RATE_NVOL/USD/SOFR/3Y/5Y/Smile/0.01,0.0109566800
2025-02-10,SWAPTION/RATE_NVOL/USD/SOFR/3Y/5Y/Smile/0.015,0.0114352800
2025-02-10,SWAPTION/RATE_NVOL/USD/SOFR/3Y/5Y/Smile/0.02,0.0120559100
2025-02-10,SWAPTION/RATE_NVOL/USD/SOFR/3Y/5Y/Smile/0.03,0.0133783600
2025-02-10,SWAPTION/RATE_NVOL/USD/SOFR/3Y/5Y/Smile/0.04,0.0147400400
2025-02-10,SWAPTION/RATE_NVOL/USD/SOFR/3Y/6Y/ATM,0.0100338200
2025-02-10,SWAPTION/RATE_NVOL/USD/SOFR/3Y/7Y/ATM,0.0099572400
2025-02-10,SWAPTION/RATE_NVOL/USD/SOFR/3Y/8Y/ATM,0.0098464500
2025-02-10,SWAPTION/RATE_NVOL/USD/SOFR/3Y/9Y/ATM,0.0097906000
2025-02-10,SWAPTION/RATE_NVOL/USD/SOFR/4Y/10Y/ATM,0.0095848500
2025-02-10,SWAPTION/RATE_NVOL/USD/SOFR/4Y/15Y/ATM,0.0091834400
2025-02-10,SWAPTION/RATE_NVOL/USD/SOFR/4Y/1Y/ATM,0.0104500700
2025-02-10,SWAPTION/RATE_NVOL/USD/SOFR/4Y/20Y/ATM,0.0089231700
2025-02-10,SWAPTION/RATE_NVOL/USD/SOFR/4Y/25Y/ATM,0.0087834100
2025-02-10,SWAPTION/RATE_NVOL/USD/SOFR/4Y/2Y/ATM,0.0102653300
2025-02-10,SWAPTION/RATE_NVOL/USD/SOFR/4Y/30Y/ATM,0.0087516700
2025-02-10,SWAPTION/RATE_NVOL/USD/SOFR/4Y/3Y/ATM,0.0101567500
2025-02-10,SWAPTION/RATE_NVOL/USD/SOFR/4Y/4Y/ATM,0.0100512700
2025-02-10,SWAPTION/RATE_NVOL/USD/SOFR/4Y/5Y/ATM,0.0099321400
2025-02-10,SWAPTION/RATE_NVOL/USD/SOFR/4Y/6Y/ATM,0.0098642400
2025-02-10,SWAPTION/RATE_NVOL/USD/SOFR/4Y/7Y/ATM,0.0098003300
2025-02-10,SWAPTION/RATE_NVOL/USD/SOFR/4Y/8Y/ATM,0.0096846200
2025-02-10,SWAPTION/RATE_NVOL/USD/SOFR/4Y/9Y/ATM,0.0096485400
2025-02-10,SWAPTION/RATE_NVOL/USD/SOFR/5Y/10Y/ATM,0.0094313900
2025-02-10,SWAPTION/RATE_NVOL/USD/SOFR/5Y/10Y/Smile/-0.0025,0.0093636000
2025-02-10,SWAPTION/RATE_NVOL/USD/SOFR/5Y/10Y/Smile/-0.005,0.0092468200
2025-02-10,SWAPTION/RATE_NVOL/USD/SOFR/5Y/10Y/Smile/-0.0075,0.0091924000
2025-02-10,SWAPTION/RATE_NVOL/USD/SOFR/5Y/10Y/Smile/-0.01,0.0091211400
2025-02-10,SWAPTION/RATE_NVOL/USD/SOFR/5Y/10Y/Smile/-0.015,0.0091068600
2025-02-10,SWAPTION/RATE_NVOL/USD/SOFR/5Y/10Y/Smile/-0.02,0.0091030000
2025-02-10,SWAPTION/RATE_NVOL/USD/SOFR/5Y/10Y/Smile/-0.03,0.0094982300
2025-02-10,SWAPTION/RATE_NVOL/USD/SOFR/5Y/10Y/Smile/-0.04,0.0098437100
2025-02-10,SWAPTION/RATE_NVOL/USD/SOFR/5Y/10Y/Smile/0.0025,0.0096305300
2025-02-10,SWAPTION/RATE_NVOL/USD/SOFR/5Y/10Y/Smile/0.005,0.0098085700
2025-02-10,SWAPTION/RATE_NVOL/USD/SOFR/5Y/10Y/Smile/0.0075,0.0099444100
2025-02-10,SWAPTION/RATE_NVOL/USD/SOFR/5Y/10Y/Smile/0.01,0.0101211200
2025-02-10,SWAPTION/RATE_NVOL/USD/SOFR/5Y/10Y/Smile/0.015,0.0106276800
2025-02-10,SWAPTION/RATE_NVOL/USD/SOFR/5Y/10Y/Smile/0.02,0.0110898800
2025-02-10,SWAPTION/RATE_NVOL/USD/SOFR/5Y/10Y/Smile/0.03,0.0122153600
2025-02-10,SWAPTION/RATE_NVOL/USD/SOFR/5Y/10Y/Smile/0.04,0.0132182800
2025-02-10,SWAPTION/RATE_NVOL/USD/SOFR/5Y/15Y/ATM,0.0090839900
2025-02-10,SWAPTION/RATE_NVOL/USD/SOFR/5Y/15Y/Smile/-0.0025,0.0089989000
2025-02-10,SWAPTION/RATE_NVOL/USD/SOFR/5Y/15Y/Smile/-0.005,0.0088641700
2025-02-10,SWAPTION/RATE_NVOL/USD/SOFR/5Y/15Y/Smile/-0.0075,0.0087820900
2025-02-10,SWAPTION/RATE_NVOL/USD/SOFR/5Y/15Y/Smile/-0.01,0.0086973900
2025-02-10,SWAPTION/RATE_NVOL/USD/SOFR/5Y/15Y/Smile/-0.015,0.0086828400
2025-02-10,SWAPTION/RATE_NVOL/USD/SOFR/5Y/15Y/Smile/-0.02,0.0086610600
2025-02-10,SWAPTION/RATE_NVOL/USD/SOFR/5Y/15Y/Smile/-0.03,0.0088959500
2025-02-10,SWAPTION/RATE_NVOL/USD/SOFR/5Y/15Y/Smile/-0.04,0.0091047400
2025-02-10,SWAPTION/RATE_NVOL/USD/SOFR/5Y/15Y/Smile/0.0025,0.0092649200
2025-02-10,SWAPTION/RATE_NVOL/USD/SOFR/5Y/15Y/Smile/0.005,0.0094226000
2025-02-10,SWAPTION/RATE_NVOL/USD/SOFR/5Y/15Y/Smile/0.0075,0.0095235800
2025-02-10,SWAPTION/RATE_NVOL/USD/SOFR/5Y/15Y/Smile/0.01,0.0097349900
2025-02-10,SWAPTION/RATE_NVOL/USD/SOFR/5Y/15Y/Smile/0.015,0.0102158000
2025-02-10,SWAPTION/RATE_NVOL/USD/SOFR/5Y/15Y/Smile/0.02,0.0106537100
2025-02-10,SWAPTION/RATE_NVOL/USD/SOFR/5Y/15Y/Smile/0.03,0.0116278400
2025-02-10,SWAPTION/RATE_NVOL/USD/SOFR/5Y/15Y/Smile/0.04,0.0126089100
2025-02-10,SWAPTION/RATE_NVOL/USD/SOFR/5Y/1Y/ATM,0.0102942800
2025-02-10,SWAPTION/RATE_NVOL/USD/SOFR/5Y/1Y/Smile/-0.0025,0.0101390700
2025-02-10,SWAPTION/RATE_NVOL/USD/SOFR/5Y/1Y/Smile/-0.005,0.0100624400
2025-02-10,SWAPTION/RATE_NVOL/USD/SOFR/5Y/1Y/Smile/-0.0075,0.0100353700
2025-02-10,SWAPTION/RATE_NVOL/USD/SOFR/5Y/1Y/Smile/-0.01,0.0099494900
2025-02-10,SWAPTION/RATE_NVOL/USD/SOFR/5Y/1Y/Smile/-0.015,0.0099786200
2025-02-10,SWAPTION/RATE_NVOL/USD/SOFR/5Y/1Y/Smile/-0.02,0.0099287100
2025-02-10,SWAPTION/RATE_NVOL/USD/SOFR/5Y/1Y/Smile/-0.03,0.0101828200
2025-02-10,SWAPTION/RATE_NVOL/USD/SOFR/5Y/1Y/Smile/-0.04,0.0103573400
2025-02-10,SWAPTION/RATE_NVOL/USD/SOFR/5Y/1Y/Smile/0.0025,0.0104727200
2025-02-10,SWAPTION/RATE_NVOL/USD/SOFR/5Y/1Y/Smile/0.005,0.0105369100
2025-02-10,SWAPTION/RATE_NVOL/USD/SOFR/5Y/1Y/Smile/0.0075,0.0107713900
2025-02-10,SWAPTION/RATE_NVOL/USD/SOFR/5Y/1Y/Smile/0.01,0.0108989900
2025-02-10,SWAPTION/RATE_NVOL/USD/SOFR/5Y/1Y/Smile/0.015,0.0113931700
2025-02-10,SWAPTION/RATE_NVOL/USD/SOFR/5Y/1Y/Smile/0.02,0.0118208500
2025-02-10,SWAPTION/RATE_NVOL/USD/SOFR/5Y/1Y/Smile/0.03,0.0127860400
2025-02-10,SWAPTION/RATE_NVOL/USD/SOFR/5Y/1Y/Smile/0.04,0.0138636900
2025-02-10,SWAPTION/RATE_NVOL/USD/SOFR/5Y/20Y/ATM,0.0088490400
2025-02-10,SWAPTION/RATE_NVOL/USD/SOFR/5Y/20Y/Smile/-0.0025,0.0087552500
2025-02-10,SWAPTION/RATE_NVOL/USD/SOFR/5Y/20Y/Smile/-0.005,0.0086513100
2025-02-10,SWAPTION/RATE_NVOL/USD/SOFR/5Y/20Y/Smile/-0.0075,0.0085443400
2025-02-10,SWAPTION/RATE_NVOL/USD/SOFR/5Y/20Y/Smile/-0.01,0.0084361100
2025-02-10,SWAPTION/RATE_NVOL/USD/SOFR/5Y/20Y/Smile/-0.015,0.0083325800
2025-02-10,SWAPTION/RATE_NVOL/USD/SOFR/5Y/20Y/Smile/-0.02,0.0083118600
2025-02-10,SWAPTION/RATE_NVOL/USD/SOFR/5Y/20Y/Smile/-0.03,0.0083188700
2025-02-10,SWAPTION/RATE_NVOL/USD/SOFR/5Y/20Y/Smile/-0.04,0.0083565600
2025-02-10,SWAPTION/RATE_NVOL/USD/SOFR/5Y/20Y/Smile/0.0025,0.0090119700
2025-02-10,SWAPTION/RATE_NVOL/USD/SOFR/5Y/20Y/Smile/0.005,0.0091533700
2025-02-10,SWAPTION/RATE_NVOL/USD/SOFR/5Y/20Y/Smile/0.0075,0.0092925400
2025-02-10,SWAPTION/RATE_NVOL/USD/SOFR/5Y/20Y/Smile/0.01,0.0094678900
2025-02-10,SWAPTION/RATE_NVOL/USD/SOFR/5Y/20Y/Smile/0.015,0.0098908100
2025-02-10,SWAPTION/RATE_NVOL/USD/SOFR/5Y/20Y/Smile/0.02,0.0102778900
2025-02-10,SWAPTION/RATE_NVOL/USD/SOFR/5Y/20Y/Smile/0.03,0.0112310300
2025-02-10,SWAPTION/RATE_NVOL/USD/SOFR/5Y/20Y/Smile/0.04,0.0121079300
2025-02-10,SWAPTION/RATE_NVOL/USD/SOFR/5Y/25Y/ATM,0.0086900300
2025-02-10,SWAPTION/RATE_NVOL/USD/SOFR/5Y/2Y/ATM,0.0101284300
2025-02-10,SWAPTION/RATE_NVOL/USD/SOFR/5Y/2Y/Smile/-0.0025,0.0100229600
2025-02-10,SWAPTION/RATE_NVOL/USD/SOFR/5Y/2Y/Smile/-0.005,0.0099268700
2025-02-10,SWAPTION/RATE_NVOL/USD/SOFR/5Y/2Y/Smile/-0.0075,0.0098259200
2025-02-10,SWAPTION/RATE_NVOL/USD/SOFR/5Y/2Y/Smile/-0.01,0.0097888800
2025-02-10,SWAPTION/RATE_NVOL/USD/SOFR/5Y/2Y/Smile/-0.015,0.0097719900
2025-02-10,SWAPTION/RATE_NVOL/USD/SOFR/5Y/2Y/Smile/-0.02,0.0099277000
2025-02-10,SWAPTION/RATE_NVOL/USD/SOFR/5Y/2Y/Smile/-0.03,0.0102236400
2025-02-10,SWAPTION/RATE_NVOL/USD/SOFR/5Y/2Y/Smile/-0.04,0.0106586000
2025-02-10,SWAPTION/RATE_NVOL/USD/SOFR/5Y/2Y/Smile/0.0025,0.0102399800
2025-02-10,SWAPTION/RATE_NVOL/USD/SOFR/5Y/2Y/Smile/0.005,0.0104595100
2025-02-10,SWAPTION/RATE_NVOL/USD/SOFR/5Y/2Y/Smile/0.0075,0.0106539400
2025-02-10,SWAPTION/RATE_NVOL/USD/SOFR/5Y/2Y/Smile/0.01,0.0108132900
2025-02-10,SWAPTION/RATE_NVOL/USD/SOFR/5Y/2Y/Smile/0.015,0.0113558300
2025-02-10,SWAPTION/RATE_NVOL/USD/SOFR/5Y/2Y/Smile/0.02,0.0118404800
2025-02-10,SWAPTION/RATE_NVOL/USD/SOFR/5Y/2Y/Smile/0.03,0.0130845000
2025-02-10,SWAPTION/RATE_NVOL/USD/SOFR/5Y/2Y/Smile/0.04,0.0143698000
2025-02-10,SWAPTION/RATE_NVOL/USD/SOFR/5Y/30Y/ATM,0.0086898800
2025-02-10,SWAPTION/RATE_NVOL/USD/SOFR/5Y/30Y/Smile/-0.0025,0.0085338700
2025-02-10,SWAPTION/RATE_NVOL/USD/SOFR/5Y/30Y/Smile/-0.005,0.0084580700
2025-02-10,SWAPTION/RATE_NVOL/USD/SOFR/5Y/30Y/Smile/-0.0075,0.0083824000
2025-02-10,SWAPTION/RATE_NVOL/USD/SOFR/5Y/30Y/Smile/-0.01,0.0083481000
2025-02-10,SWAPTION/RATE_NVOL/USD/SOFR/5Y/30Y/Smile/-0.015,0.0083027900
2025-02-10,SWAPTION/RATE_NVOL/USD/SOFR/5Y/30Y/Smile/-0.02,0.0083046800
2025-02-10,SWAPTION/RATE_NVOL/USD/SOFR/5Y/30Y/Smile/-0.03,0.0084962000
2025-02-10,SWAPTION/RATE_NVOL/USD/SOFR/5Y/30Y/Smile/-0.04,0.0087510400
2025-02-10,SWAPTION/RATE_NVOL/USD/SOFR/5Y/30Y/Smile/0.0025,0.0088373600
2025-02-10,SWAPTION/RATE_NVOL/USD/SOFR/5Y/30Y/Smile/0.005,0.0089592700
2025-02-10,SWAPTION/RATE_NVOL/USD/SOFR/5Y/30Y/Smile/0.0075,0.0091711200
2025-02-10,SWAPTION/RATE_NVOL/USD/SOFR/5Y/30Y/Smile/0.01,0.0093831400
2025-02-10,SWAPTION/RATE_NVOL/USD/SOFR/5Y/30Y/Smile/0.015,0.0098022600
2025-02-10,SWAPTION/RATE_NVOL/USD/SOFR/5Y/30Y/Smile/0.02,0.0102596400
2025-02-10,SWAPTION/RATE_NVOL/USD/SOFR/5Y/30Y/Smile/0.03,0.0111260800
2025-02-10,SWAPTION/RATE_NVOL/USD/SOFR/5Y/30Y/Smile/0.04,0.0121815800
2025-02-10,SWAPTION/RATE_NVOL/USD/SOFR/5Y/3Y/ATM,0.0100474400
2025-02-10,SWAPTION/RATE_NVOL/USD/SOFR/5Y/4Y/ATM,0.0099106600
2025-02-10,SWAPTION/RATE_NVOL/USD/SOFR/5Y/5Y/ATM,0.0098259300
2025-02-10,SWAPTION/RATE_NVOL/USD/SOFR/5Y/5Y/Smile/-0.0025,0.0096623900
2025-02-10,SWAPTION/RATE_NVOL/USD/SOFR/5Y/5Y/Smile/-0.005,0.0096390600
2025-02-10,SWAPTION/RATE_NVOL/USD/SOFR/5Y/5Y/Smile/-0.0075,0.0095726400
2025-02-10,SWAPTION/RATE_NVOL/USD/SOFR/5Y/5Y/Smile/-0.01,0.0094467200
2025-02-10,SWAPTION/RATE_NVOL/USD/SOFR/5Y/5Y/Smile/-0.015,0.0095083400
2025-02-10,SWAPTION/RATE_NVOL/USD/SOFR/5Y/5Y/Smile/-0.02,0.0095552500
2025-02-10,SWAPTION/RATE_NVOL/USD/SOFR/5Y/5Y/Smile/-0.03,0.0098806600
2025-02-10,SWAPTION/RATE_NVOL/USD/SOFR/5Y/5Y/Smile/-0.04,0.0103082400
2025-02-10,SWAPTION/RATE_NVOL/USD/SOFR/5Y/5Y/Smile/0.0025,0.0099743800
2025-02-10,SWAPTION/RATE_NVOL/USD/SOFR/5Y/5Y/Smile/0.005,0.0101599200
2025-02-10,SWAPTION/RATE_NVOL/USD/SOFR/5Y/5Y/Smile/0.0075,0.0103587500
2025-02-10,SWAPTION/RATE_NVOL/USD/SOFR/5Y/5Y/Smile/0.01,0.0106012500
2025-02-10,SWAPTION/RATE_NVOL/USD/SOFR/5Y/5Y/Smile/0.015,0.0110758800
2025-02-10,SWAPTION/RATE_NVOL/USD/SOFR/5Y/5Y/Smile/0.02,0.0115269700
2025-02-10,SWAPTION/RATE_NVOL/USD/SOFR/5Y/5Y/Smile/0.03,0.0126953100
2025-02-10,SWAPTION/RATE_NVOL/USD/SOFR/5Y/5Y/Smile/0.04,0.0138273400
2025-02-10,SWAPTION/RATE_NVOL/USD/SOFR/5Y/6Y/ATM,0.0097851700
2025-02-10,SWAPTION/RATE_NVOL/USD/SOFR/5Y/7Y/ATM,0.0096813200
2025-02-10,SWAPTION/RATE_NVOL/USD/SOFR/5Y/8Y/ATM,0.0096268700
2025-02-10,SWAPTION/RATE_NVOL/USD/SOFR/5Y/9Y/ATM,0.0095018100
2025-02-10,SWAPTION/RATE_NVOL/USD/SOFR/6M/10Y/ATM,0.0094967200
2025-02-10,SWAPTION/RATE_NVOL/USD/SOFR/6M/10Y/Smile/-0.0025,0.0095547700
2025-02-10,SWAPTION/RATE_NVOL/USD/SOFR/6M/10Y/Smile/-0.005,0.0096441600
2025-02-10,SWAPTION/RATE_NVOL/USD/SOFR/6M/10Y/Smile/-0.0075,0.0098569100
2025-02-10,SWAPTION/RATE_NVOL/USD/SOFR/6M/10Y/Smile/-0.01,0.0102180200
2025-02-10,SWAPTION/RATE_NVOL/USD/SOFR/6M/10Y/Smile/-0.015,0.0109229800
2025-02-10,SWAPTION/RATE_NVOL/USD/SOFR/6M/10Y/Smile/-0.02,0.0117497500
2025-02-10,SWAPTION/RATE_NVOL/USD/SOFR/6M/10Y/Smile/-0.03,0.0133158500
2025-02-10,SWAPTION/RATE_NVOL/USD/SOFR/6M/10Y/Smile/-0.04,0.0148262500
2025-02-10,SWAPTION/RATE_NVOL/USD/SOFR/6M/10Y/Smile/0.0025,0.0096834600
2025-02-10,SWAPTION/RATE_NVOL/USD/SOFR/6M/10Y/Smile/0.005,0.0099204700
2025-02-10,SWAPTION/RATE_NVOL/USD/SOFR/6M/10Y/Smile/0.0075,0.0102808000
2025-02-10,SWAPTION/RATE_NVOL/USD/SOFR/6M/10Y/Smile/0.01,0.0107145000
2025-02-10,SWAPTION/RATE_NVOL/USD/SOFR/6M/10Y/Smile/0.015,0.0117716900
2025-02-10,SWAPTION/RATE_NVOL/USD/SOFR/6M/10Y/Smile/0.02,0.0127867300
2025-02-10,SWAPTION/RATE_NVOL/USD/SOFR/6M/10Y/Smile/0.03,0.0151912100
2025-02-10,SWAPTION/RATE_NVOL/USD/SOFR/6M/10Y/Smile/0.04,0.0175763700
2025-02-10,SWAPTION/RATE_NVOL/USD/SOFR/6M/15Y/ATM,0.0091497100
2025-02-10,SWAPTION/RATE_NVOL/USD/SOFR/6M/15Y/Smile/-0.0025,0.0090876500
2025-02-10,SWAPTION/RATE_NVOL/USD/SOFR/6M/15Y/Smile/-0.005,0.0092537300
2025-02-10,SWAPTION/RATE_NVOL/USD/SOFR/6M/15Y/Smile/-0.0075,0.0095333100
2025-02-10,SWAPTION/RATE_NVOL/USD/SOFR/6M/15Y/Smile/-0.01,0.0097761900
2025-02-10,SWAPTION/RATE_NVOL/USD/SOFR/6M/15Y/Smile/-0.015,0.0104810800
2025-02-10,SWAPTION/RATE_NVOL/USD/SOFR/6M/15Y/Smile/-0.02,0.0113734700
2025-02-10,SWAPTION/RATE_NVOL/USD/SOFR/6M/15Y/Smile/-0.03,0.0128414300
2025-02-10,SWAPTION/RATE_NVOL/USD/SOFR/6M/15Y/Smile/-0.04,0.0142319700
2025-02-10,SWAPTION/RATE_NVOL/USD/SOFR/6M/15Y/Smile/0.0025,0.0092643700
2025-02-10,SWAPTION/RATE_NVOL/USD/SOFR/6M/15Y/Smile/0.005,0.0095695100
2025-02-10,SWAPTION/RATE_NVOL/USD/SOFR/6M/15Y/Smile/0.0075,0.0098998000
2025-02-10,SWAPTION/RATE_NVOL/USD/SOFR/6M/15Y/Smile/0.01,0.0103442800
2025-02-10,SWAPTION/RATE_NVOL/USD/SOFR/6M/15Y/Smile/0.015,0.0113655300
2025-02-10,SWAPTION/RATE_NVOL/USD/SOFR/6M/15Y/Smile/0.02,0.0123985200
2025-02-10,SWAPTION/RATE_NVOL/USD/SOFR/6M/15Y/Smile/0.03,0.0147352100
2025-02-10,SWAPTION/RATE_NVOL/USD/SOFR/6M/15Y/Smile/0.04,0.0170181700
2025-02-10,SWAPTION/RATE_NVOL/USD/SOFR/6M/1Y/ATM,0.0084551900
2025-02-10,SWAPTION/RATE_NVOL/USD/SOFR/6M/1Y/Smile/-0.0025,0.0089672200
2025-02-10,SWAPTION/RATE_NVOL/USD/SOFR/6M/1Y/Smile/-0.005,0.0095477300
2025-02-10,SWAPTION/RATE_NVOL/USD/SOFR/6M/1Y/Smile/-0.0075,0.0102883600
2025-02-10,SWAPTION/RATE_NVOL/USD/SOFR/6M/1Y/Smile/-0.01,0.0109572500
2025-02-10,SWAPTION/RATE_NVOL/USD/SOFR/6M/1Y/Smile/-0.015,0.0124760700
2025-02-10,SWAPTION/RATE_NVOL/USD/SOFR/6M/1Y/Smile/-0.02,0.0138314400
2025-02-10,SWAPTION/RATE_NVOL/USD/SOFR/6M/1Y/Smile/-0.03,0.0164492000
2025-02-10,SWAPTION/RATE_NVOL/USD/SOFR/6M/1Y/Smile/-0.04,0.0183542700
2025-02-10,SWAPTION/RATE_NVOL/USD/SOFR/6M/1Y/Smile/0.0025,0.0082319200
2025-02-10,SWAPTION/RATE_NVOL/USD/SOFR/6M/1Y/Smile/0.005,0.0083901300
2025-02-10,SWAPTION/RATE_NVOL/USD/SOFR/6M/1Y/Smile/0.0075,0.0087642200
2025-02-10,SWAPTION/RATE_NVOL/USD/SOFR/6M/1Y/Smile/0.01,0.0093399900
2025-02-10,SWAPTION/RATE_NVOL/USD/SOFR/6M/1Y/Smile/0.015,0.0106508700
2025-02-10,SWAPTION/RATE_NVOL/USD/SOFR/6M/1Y/Smile/0.02,0.0120358400
2025-02-10,SWAPTION/RATE_NVOL/USD/SOFR/6M/1Y/Smile/0.03,0.0149878500
2025-02-10,SWAPTION/RATE_NVOL/USD/SOFR/6M/1Y/Smile/0.04,0.0179307100
2025-02-10,SWAPTION/RATE_NVOL/USD/SOFR/6M/20Y/ATM,0.0088099200
2025-02-10,SWAPTION/RATE_NVOL/USD/SOFR/6M/20Y/Smile/-0.0025,0.0087892600
2025-02-10,SWAPTION/RATE_NVOL/USD/SOFR/6M/20Y/Smile/-0.005,0.0089127200
2025-02-10,SWAPTION/RATE_NVOL/USD/SOFR/6M/20Y/Smile/-0.0075,0.0091223700
2025-02-10,SWAPTION/RATE_NVOL/USD/SOFR/6M/20Y/Smile/-0.01,0.0094196700
2025-02-10,SWAPTION/RATE_NVOL/USD/SOFR/6M/20Y/Smile/-0.015,0.0100970000
2025-02-10,SWAPTION/RATE_NVOL/USD/SOFR/6M/20Y/Smile/-0.02,0.0109349200
2025-02-10,SWAPTION/RATE_NVOL/USD/SOFR/6M/20Y/Smile/-0.03,0.0124662000
2025-02-10,SWAPTION/RATE_NVOL/USD/SOFR/6M/20Y/Smile/-0.04,0.0137170300
2025-02-10,SWAPTION/RATE_NVOL/USD/SOFR/6M/20Y/Smile/0.0025,0.0089027700
2025-02-10,SWAPTION/RATE_NVOL/USD/SOFR/6M/20Y/Smile/0.005,0.0091860000
2025-02-10,SWAPTION/RATE_NVOL/USD/SOFR/6M/20Y/Smile/0.0075,0.0095641100
2025-02-10,SWAPTION/RATE_NVOL/USD/SOFR/6M/20Y/Smile/0.01,0.0099895900
2025-02-10,SWAPTION/RATE_NVOL/USD/SOFR/6M/20Y/Smile/0.015,0.0109864600
2025-02-10,SWAPTION/RATE_NVOL/USD/SOFR/6M/20Y/Smile/0.02,0.0120528200
2025-02-10,SWAPTION/RATE_NVOL/USD/SOFR/6M/20Y/Smile/0.03,0.0142733400
2025-02-10,SWAPTION/RATE_NVOL/USD/SOFR/6M/20Y/Smile/0.04,0.0165345600
2025-02-10,SWAPTION/RATE_NVOL/USD/SOFR/6M/25Y/ATM,0.0085611800
2025-02-10,SWAPTION/RATE_NVOL/USD/SOFR/6M/2Y/ATM,0.0096340500
2025-02-10,SWAPTION/RATE_NVOL/USD/SOFR/6M/2Y/Smile/-0.0025,0.0099764900
2025-02-10,SWAPTION/RATE_NVOL/USD/SOFR/6M/2Y/Smile/-0.005,0.0104395000
2025-02-10,SWAPTION/RATE_NVOL/USD/SOFR/6M/2Y/Smile/-0.0075,0.0108685000
2025-02-10,SWAPTION/RATE_NVOL/USD/SOFR/6M/2Y/Smile/-0.01,0.0113976800
2025-02-10,SWAPTION/RATE_NVOL/USD/SOFR/6M/2Y/Smile/-0.015,0.0123757300
2025-02-10,SWAPTION/RATE_NVOL/USD/SOFR/6M/2Y/Smile/-0.02,0.0134093900
2025-02-10,SWAPTION/RATE_NVOL/USD/SOFR/6M/2Y/Smile/-0.03,0.0151904000
2025-02-10,SWAPTION/RATE_NVOL/USD/SOFR/6M/2Y/Smile/-0.04,0.0166941500
2025-02-10,SWAPTION/RATE_NVOL/USD/SOFR/6M/2Y/Smile/0.0025,0.0094324300
2025-02-10,SWAPTION/RATE_NVOL/USD/SOFR/6M/2Y/Smile/0.005,0.0093624100
2025-02-10,SWAPTION/RATE_NVOL/USD/SOFR/6M/2Y/Smile/0.0075,0.0094255300
2025-02-10,SWAPTION/RATE_NVOL/USD/SOFR/6M/2Y/Smile/0.01,0.0095858900
2025-02-10,SWAPTION/RATE_NVOL/USD/SOFR/6M/2Y/Smile/0.015,0.0103351800
2025-02-10,SWAPTION/RATE_NVOL/USD/SOFR/6M/2Y/Smile/0.02,0.0112307300
2025-02-10,SWAPTION/RATE_NVOL/USD/SOFR/6M/2Y/Smile/0.03,0.0132426800
2025-02-10,SWAPTION/RATE_NVOL/USD/SOFR/6M/2Y/Smile/0.04,0.0154598400
2025-02-10,SWAPTION/RATE_NVOL/USD/SOFR/6M/30Y/ATM,0.0085004500
2025-02-10,SWAPTION/RATE_NVOL/USD/SOFR/6M/30Y/Smile/-0.0025,0.0084933500
2025-02-10,SWAPTION/RATE_NVOL/USD/SOFR/6M/30Y/Smile/-0.005,0.0086367700
2025-02-10,SWAPTION/RATE_NVOL/USD/SOFR/6M/30Y/Smile/-0.0075,0.0088698200
2025-02-10,SWAPTION/RATE_NVOL/USD/SOFR/6M/30Y/Smile/-0.01,0.0092880200
2025-02-10,SWAPTION/RATE_NVOL/USD/SOFR/6M/30Y/Smile/-0.015,0.0100424400
2025-02-10,SWAPTION/RATE_NVOL/USD/SOFR/6M/30Y/Smile/-0.02,0.0109414800
2025-02-10,SWAPTION/RATE_NVOL/USD/SOFR/6M/30Y/Smile/-0.03,0.0127171300
2025-02-10,SWAPTION/RATE_NVOL/USD/SOFR/6M/30Y/Smile/-0.04,0.0143064700
2025-02-10,SWAPTION/RATE_NVOL/USD/SOFR/6M/30Y/Smile/0.0025,0.0086688400
2025-02-10,SWAPTION/RATE_NVOL/USD/SOFR/6M/30Y/Smile/0.005,0.0089766800
2025-02-10,SWAPTION/RATE_NVOL/USD/SOFR/6M/30Y/Smile/0.0075,0.0094459500
2025-02-10,SWAPTION/RATE_NVOL/USD/SOFR/6M/30Y/Smile/0.01,0.0099276000
2025-02-10,SWAPTION/RATE_NVOL/USD/SOFR/6M/30Y/Smile/0.015,0.0110044600
2025-02-10,SWAPTION/RATE_NVOL/USD/SOFR/6M/30Y/Smile/0.02,0.0122591300
2025-02-10,SWAPTION/RATE_NVOL/USD/SOFR/6M/30Y/Smile/0.03,0.0146666700
2025-02-10,SWAPTION/RATE_NVOL/USD/SOFR/6M/30Y/Smile/0.04,0.0170435800
2025-02-10,SWAPTION/RATE_NVOL/USD/SOFR/6M/3Y/ATM,0.0097687200
2025-02-10,SWAPTION/RATE_NVOL/USD/SOFR/6M/4Y/ATM,0.0098368900
2025-02-10,SWAPTION/RATE_NVOL/USD/SOFR/6M/5Y/ATM,0.0098898700
2025-02-10,SWAPTION/RATE_NVOL/USD/SOFR/6M/5Y/Smile/-0.0025,0.0100369900
2025-02-10,SWAPTION/RATE_NVOL/USD/SOFR/6M/5Y/Smile/-0.005,0.0103086900
2025-02-10,SWAPTION/RATE_NVOL/USD/SOFR/6M/5Y/Smile/-0.0075,0.0107491600
2025-02-10,SWAPTION/RATE_NVOL/USD/SOFR/6M/5Y/Smile/-0.01,0.0111782300
2025-02-10,SWAPTION/RATE_NVOL/USD/SOFR/6M/5Y/Smile/-0.015,0.0122614700
2025-02-10,SWAPTION/RATE_NVOL/USD/SOFR/6M/5Y/Smile/-0.02,0.0132971100
2025-02-10,SWAPTION/RATE_NVOL/USD/SOFR/6M/5Y/Smile/-0.03,0.0153800500
2025-02-10,SWAPTION/RATE_NVOL/USD/SOFR/6M/5Y/Smile/-0.04,0.0171567800
2025-02-10,SWAPTION/RATE_NVOL/USD/SOFR/6M/5Y/Smile/0.0025,0.0099224600
2025-02-10,SWAPTION/RATE_NVOL/USD/SOFR/6M/5Y/Smile/0.005,0.0100594300
2025-02-10,SWAPTION/RATE_NVOL/USD/SOFR/6M/5Y/Smile/0.0075,0.0103602800
2025-02-10,SWAPTION/RATE_NVOL/USD/SOFR/6M/5Y/Smile/0.01,0.0107349900
2025-02-10,SWAPTION/RATE_NVOL/USD/SOFR/6M/5Y/Smile/0.015,0.0118257700
2025-02-10,SWAPTION/RATE_NVOL/USD/SOFR/6M/5Y/Smile/0.02,0.0129887200
2025-02-10,SWAPTION/RATE_NVOL/USD/SOFR/6M/5Y/Smile/0.03,0.0154462900
2025-02-10,SWAPTION/RATE_NVOL/USD/SOFR/6M/5Y/Smile/0.04,0.0179954100
2025-02-10,SWAPTION/RATE_NVOL/USD/SOFR/6M/6Y/ATM,0.0097706600
2025-02-10,SWAPTION/RATE_NVOL/USD/SOFR/6M/7Y/ATM,0.0097198400
2025-02-10,SWAPTION/RATE_NVOL/USD/SOFR/6M/8Y/ATM,0.0096436300
2025-02-10,SWAPTION/RATE_NVOL/USD/SOFR/6M/9Y/ATM,0.0095576800
2025-02-10,SWAPTION/RATE_NVOL/USD/SOFR/6Y/10Y/ATM,0.0093431100
2025-02-10,SWAPTION/RATE_NVOL/USD/SOFR/6Y/15Y/ATM,0.0088947000
2025-02-10,SWAPTION/RATE_NVOL/USD/SOFR/6Y/1Y/ATM,0.0100297200
2025-02-10,SWAPTION/RATE_NVOL/USD/SOFR/6Y/20Y/ATM,0.0086975200
2025-02-10,SWAPTION/RATE_NVOL/USD/SOFR/6Y/25Y/ATM,0.0086066800
2025-02-10,SWAPTION/RATE_NVOL/USD/SOFR/6Y/2Y/ATM,0.0098669000
2025-02-10,SWAPTION/RATE_NVOL/USD/SOFR/6Y/30Y/ATM,0.0085484800
2025-02-10,SWAPTION/RATE_NVOL/USD/SOFR/6Y/3Y/ATM,0.0098163400
2025-02-10,SWAPTION/RATE_NVOL/USD/SOFR/6Y/4Y/ATM,0.0097548000
2025-02-10,SWAPTION/RATE_NVOL/USD/SOFR/6Y/5Y/ATM,0.0097155500
2025-02-10,SWAPTION/RATE_NVOL/USD/SOFR/6Y/6Y/ATM,0.0095714300
2025-02-10,SWAPTION/RATE_NVOL/USD/SOFR/6Y/7Y/ATM,0.0094800200
2025-02-10,SWAPTION/RATE_NVOL/USD/SOFR/6Y/8Y/ATM,0.0094347200
2025-02-10,SWAPTION/RATE_NVOL/USD/SOFR/6Y/9Y/ATM,0.0093380200
2025-02-10,SWAPTION/RATE_NVOL/USD/SOFR/7Y/10Y/ATM,0.0091592300
2025-02-10,SWAPTION/RATE_NVOL/USD/SOFR/7Y/10Y/Smile/-0.0025,0.0090346800
2025-02-10,SWAPTION/RATE_NVOL/USD/SOFR/7Y/10Y/Smile/-0.005,0.0088927300
2025-02-10,SWAPTION/RATE_NVOL/USD/SOFR/7Y/10Y/Smile/-0.0075,0.0087854200
2025-02-10,SWAPTION/RATE_NVOL/USD/SOFR/7Y/10Y/Smile/-0.01,0.0087486400
2025-02-10,SWAPTION/RATE_NVOL/USD/SOFR/7Y/10Y/Smile/-0.015,0.0086729100
2025-02-10,SWAPTION/RATE_NVOL/USD/SOFR/7Y/10Y/Smile/-0.02,0.0086496200
2025-02-10,SWAPTION/RATE_NVOL/USD/SOFR/7Y/10Y/Smile/-0.03,0.0088517400
2025-02-10,SWAPTION/RATE_NVOL/USD/SOFR/7Y/10Y/Smile/-0.04,0.0091584500
2025-02-10,SWAPTION/RATE_NVOL/USD/SOFR/7Y/10Y/Smile/0.0025,0.0092771700
2025-02-10,SWAPTION/RATE_NVOL/USD/SOFR/7Y/10Y/Smile/0.005,0.0095032000
2025-02-10,SWAPTION/RATE_NVOL/USD/SOFR/7Y/10Y/Smile/0.0075,0.0096570900
2025-02-10,SWAPTION/RATE_NVOL/USD/SOFR/7Y/10Y/Smile/0.01,0.0098223900
2025-02-10,SWAPTION/RATE_NVOL/USD/SOFR/7Y/10Y/Smile/0.015,0.0103219600
2025-02-10,SWAPTION/RATE_NVOL/USD/SOFR/7Y/10Y/Smile/0.02,0.0107202400
2025-02-10,SWAPTION/RATE_NVOL/USD/SOFR/7Y/10Y/Smile/0.03,0.0117127800
2025-02-10,SWAPTION/RATE_NVOL/USD/SOFR/7Y/10Y/Smile/0.04,0.0127675400
2025-02-10,SWAPTION/RATE_NVOL/USD/SOFR/7Y/15Y/ATM,0.0087699300
2025-02-10,SWAPTION/RATE_NVOL/USD/SOFR/7Y/15Y/Smile/-0.0025,0.0085938100
2025-02-10,SWAPTION/RATE_NVOL/USD/SOFR/7Y/15Y/Smile/-0.005,0.0084962400
2025-02-10,SWAPTION/RATE_NVOL/USD/SOFR/7Y/15Y/Smile/-0.0075,0.0084289600
2025-02-10,SWAPTION/RATE_NVOL/USD/SOFR/7Y/15Y/Smile/-0.01,0.0083653300
2025-02-10,SWAPTION/RATE_NVOL/USD/SOFR/7Y/15Y/Smile/-0.015,0.0082189900
2025-02-10,SWAPTION/RATE_NVOL/USD/SOFR/7Y/15Y/Smile/-0.02,0.0082258000
2025-02-10,SWAPTION/RATE_NVOL/USD/SOFR/7Y/15Y/Smile/-0.03,0.0082902900
2025-02-10,SWAPTION/RATE_NVOL/USD/SOFR/7Y/15Y/Smile/-0.04,0.0084923400
2025-02-10,SWAPTION/RATE_NVOL/USD/SOFR/7Y/15Y/Smile/0.0025,0.0089557300
2025-02-10,SWAPTION/RATE_NVOL/USD/SOFR/7Y/15Y/Smile/0.005,0.0090438800
2025-02-10,SWAPTION/RATE_NVOL/USD/SOFR/7Y/15Y/Smile/0.0075,0.0092305400
2025-02-10,SWAPTION/RATE_NVOL/USD/SOFR/7Y/15Y/Smile/0.01,0.0094727700
2025-02-10,SWAPTION/RATE_NVOL/USD/SOFR/7Y/15Y/Smile/0.015,0.0098274500
2025-02-10,SWAPTION/RATE_NVOL/USD/SOFR/7Y/15Y/Smile/0.02,0.0103541400
2025-02-10,SWAPTION/RATE_NVOL/USD/SOFR/7Y/15Y/Smile/0.03,0.0112157500
2025-02-10,SWAPTION/RATE_NVOL/USD/SOFR/7Y/15Y/Smile/0.04,0.0122183400
2025-02-10,SWAPTION/RATE_NVOL/USD/SOFR/7Y/1Y/ATM,0.0099109900
2025-02-10,SWAPTION/RATE_NVOL/USD/SOFR/7Y/1Y/Smile/-0.0025,0.0098423300
2025-02-10,SWAPTION/RATE_NVOL/USD/SOFR/7Y/1Y/Smile/-0.005,0.0097366900
2025-02-10,SWAPTION/RATE_NVOL/USD/SOFR/7Y/1Y/Smile/-0.0075,0.0096710200
2025-02-10,SWAPTION/RATE_NVOL/USD/SOFR/7Y/1Y/Smile/-0.01,0.0095625700
2025-02-10,SWAPTION/RATE_NVOL/USD/SOFR/7Y/1Y/Smile/-0.015,0.0095070900
2025-02-10,SWAPTION/RATE_NVOL/USD/SOFR/7Y/1Y/Smile/-0.02,0.0096106900
2025-02-10,SWAPTION/RATE_NVOL/USD/SOFR/7Y/1Y/Smile/-0.03,0.0097864100
2025-02-10,SWAPTION/RATE_NVOL/USD/SOFR/7Y/1Y/Smile/-0.04,0.0100551900
2025-02-10,SWAPTION/RATE_NVOL/USD/SOFR/7Y/1Y/Smile/0.0025,0.0100409200
2025-02-10,SWAPTION/RATE_NVOL/USD/SOFR/7Y/1Y/Smile/0.005,0.0102122300
2025-02-10,SWAPTION/RATE_NVOL/USD/SOFR/7Y/1Y/Smile/0.0075,0.0104181600
2025-02-10,SWAPTION/RATE_NVOL/USD/SOFR/7Y/1Y/Smile/0.01,0.0106330500
2025-02-10,SWAPTION/RATE_NVOL/USD/SOFR/7Y/1Y/Smile/0.015,0.0110660600
2025-02-10,SWAPTION/RATE_NVOL/USD/SOFR/7Y/1Y/Smile/0.02,0.0115008800
2025-02-10,SWAPTION/RATE_NVOL/USD/SOFR/7Y/1Y/Smile/0.03,0.0124883300
2025-02-10,SWAPTION/RATE_NVOL/USD/SOFR/7Y/1Y/Smile/0.04,0.0136139800
2025-02-10,SWAPTION/RATE_NVOL/USD/SOFR/7Y/20Y/ATM,0.0086106300
2025-02-10,SWAPTION/RATE_NVOL/USD/SOFR/7Y/20Y/Smile/-0.0025,0.0084322900
2025-02-10,SWAPTION/RATE_NVOL/USD/SOFR/7Y/20Y/Smile/-0.005,0.0083140200
2025-02-10,SWAPTION/RATE_NVOL/USD/SOFR/7Y/20Y/Smile/-0.0075,0.0082021500
2025-02-10,SWAPTION/RATE_NVOL/USD/SOFR/7Y/20Y/Smile/-0.01,0.0080994800
2025-02-10,SWAPTION/RATE_NVOL/USD/SOFR/7Y/20Y/Smile/-0.015,0.0079444700
2025-02-10,SWAPTION/RATE_NVOL/USD/SOFR/7Y/20Y/Smile/-0.02,0.0078924200
2025-02-10,SWAPTION/RATE_NVOL/USD/SOFR/7Y/20Y/Smile/-0.03,0.0079062000
2025-02-10,SWAPTION/RATE_NVOL/USD/SOFR/7Y/20Y/Smile/-0.04,0.0079447500
2025-02-10,SWAPTION/RATE_NVOL/USD/SOFR/7Y/20Y/Smile/0.0025,0.0087350700
2025-02-10,SWAPTION/RATE_NVOL/USD/SOFR/7Y/20Y/Smile/0.005,0.0088670200
2025-02-10,SWAPTION/RATE_NVOL/USD/SOFR/7Y/20Y/Smile/0.0075,0.0090268600
2025-02-10,SWAPTION/RATE_NVOL/USD/SOFR/7Y/20Y/Smile/0.01,0.0092453300
2025-02-10,SWAPTION/RATE_NVOL/USD/SOFR/7Y/20Y/Smile/0.015,0.0096948400
2025-02-10,SWAPTION/RATE_NVOL/USD/SOFR/7Y/20Y/Smile/0.02,0.0100556000
2025-02-10,SWAPTION/RATE_NVOL/USD/SOFR/7Y/20Y/Smile/0.03,0.0110290100
2025-02-10,SWAPTION/RATE_NVOL/USD/SOFR/7Y/20Y/Smile/0.04,0.0119604000
2025-02-10,SWAPTION/RATE_NVOL/USD/SOFR/7Y/25Y/ATM,0.0084848400
2025-02-10,SWAPTION/RATE_NVOL/USD/SOFR/7Y/2Y/ATM,0.0097797300
2025-02-10,SWAPTION/RATE_NVOL/USD/SOFR/7Y/2Y/Smile/-0.0025,0.0096643800
2025-02-10,SWAPTION/RATE_NVOL/USD/SOFR/7Y/2Y/Smile/-0.005,0.0095595000
2025-02-10,SWAPTION/RATE_NVOL/USD/SOFR/7Y/2Y/Smile/-0.0075,0.0094411800
2025-02-10,SWAPTION/RATE_NVOL/USD/SOFR/7Y/2Y/Smile/-0.01,0.0094208200
2025-02-10,SWAPTION/RATE_NVOL/USD/SOFR/7Y/2Y/Smile/-0.015,0.0093244500
2025-02-10,SWAPTION/RATE_NVOL/USD/SOFR/7Y/2Y/Smile/-0.02,0.0093317500
2025-02-10,SWAPTION/RATE_NVOL/USD/SOFR/7Y/2Y/Smile/-0.03,0.0094854400
2025-02-10,SWAPTION/RATE_NVOL/USD/SOFR/7Y/2Y/Smile/-0.04,0.0097541300
2025-02-10,SWAPTION/RATE_NVOL/USD/SOFR/7Y/2Y/Smile/0.0025,0.0099329400
2025-02-10,SWAPTION/RATE_NVOL/USD/SOFR/7Y/2Y/Smile/0.005,0.0100670700
2025-02-10,SWAPTION/RATE_NVOL/USD/SOFR/7Y/2Y/Smile/0.0075,0.0102855200
2025-02-10,SWAPTION/RATE_NVOL/USD/SOFR/7Y/2Y/Smile/0.01,0.0104797100
2025-02-10,SWAPTION/RATE_NVOL/USD/SOFR/7Y/2Y/Smile/0.015,0.0108819100
2025-02-10,SWAPTION/RATE_NVOL/USD/SOFR/7Y/2Y/Smile/0.02,0.0113888300
2025-02-10,SWAPTION/RATE_NVOL/USD/SOFR/7Y/2Y/Smile/0.03,0.0123457500
2025-02-10,SWAPTION/RATE_NVOL/USD/SOFR/7Y/2Y/Smile/0.04,0.0134006100
2025-02-10,SWAPTION/RATE_NVOL/USD/SOFR/7Y/30Y/ATM,0.0083871300
2025-02-10,SWAPTION/RATE_NVOL/USD/SOFR/7Y/30Y/Smile/-0.0025,0.0082620700
2025-02-10,SWAPTION/RATE_NVOL/USD/SOFR/7Y/30Y/Smile/-0.005,0.0081914700
2025-02-10,SWAPTION/RATE_NVOL/USD/SOFR/7Y/30Y/Smile/-0.0075,0.0080467900
2025-02-10,SWAPTION/RATE_NVOL/USD/SOFR/7Y/30Y/Smile/-0.01,0.0080286400
2025-02-10,SWAPTION/RATE_NVOL/USD/SOFR/7Y/30Y/Smile/-0.015,0.0079171000
2025-02-10,SWAPTION/RATE_NVOL/USD/SOFR/7Y/30Y/Smile/-0.02,0.0078522500
2025-02-10,SWAPTION/RATE_NVOL/USD/SOFR/7Y/30Y/Smile/-0.03,0.0080071600
2025-02-10,SWAPTION/RATE_NVOL/USD/SOFR/7Y/30Y/Smile/-0.04,0.0082126700
2025-02-10,SWAPTION/RATE_NVOL/USD/SOFR/7Y/30Y/Smile/0.0025,0.0085603200
2025-02-10,SWAPTION/RATE_NVOL/USD/SOFR/7Y/30Y/Smile/0.005,0.0086987400
2025-02-10,SWAPTION/RATE_NVOL/USD/SOFR/7Y/30Y/Smile/0.0075,0.0089378700
2025-02-10,SWAPTION/RATE_NVOL/USD/SOFR/7Y/30Y/Smile/0.01,0.0090934500
2025-02-10,SWAPTION/RATE_NVOL/USD/SOFR/7Y/30Y/Smile/0.015,0.0094975500
2025-02-10,SWAPTION/RATE_NVOL/USD/SOFR/7Y/30Y/Smile/0.02,0.0099727500
2025-02-10,SWAPTION/RATE_NVOL/USD/SOFR/7Y/30Y/Smile/0.03,0.0108806000
2025-02-10,SWAPTION/RATE_NVOL/USD/SOFR/7Y/30Y/Smile/0.04,0.0119401100
2025-02-10,SWAPTION/RATE_NVOL/USD/SOFR/7Y/3Y/ATM,0.0097144500
2025-02-10,SWAPTION/RATE_NVOL/USD/SOFR/7Y/4Y/ATM,0.0096031200
2025-02-10,SWAPTION/RATE_NVOL/USD/SOFR/7Y/5Y/ATM,0.0095145400
2025-02-10,SWAPTION/RATE_NVOL/USD/SOFR/7Y/5Y/Smile/-0.0025,0.0093750700
2025-02-10,SWAPTION/RATE_NVOL/USD/SOFR/7Y/5Y/Smile/-0.005,0.0092344100
2025-02-10,SWAPTION/RATE_NVOL/USD/SOFR/7Y/5Y/Smile/-0.0075,0.0090923600
2025-02-10,SWAPTION/RATE_NVOL/USD/SOFR/7Y/5Y/Smile/-0.01,0.0090189700
2025-02-10,SWAPTION/RATE_NVOL/USD/SOFR/7Y/5Y/Smile/-0.015,0.0089636700
2025-02-10,SWAPTION/RATE_NVOL/USD/SOFR/7Y/5Y/Smile/-0.02,0.0090087400
2025-02-10,SWAPTION/RATE_NVOL/USD/SOFR/7Y/5Y/Smile/-0.03,0.0092223200
2025-02-10,SWAPTION/RATE_NVOL/USD/SOFR/7Y/5Y/Smile/-0.04,0.0095317300
2025-02-10,SWAPTION/RATE_NVOL/USD/SOFR/7Y/5Y/Smile/0.0025,0.0096671100
2025-02-10,SWAPTION/RATE_NVOL/USD/SOFR/7Y/5Y/Smile/0.005,0.0099126900
2025-02-10,SWAPTION/RATE_NVOL/USD/SOFR/7Y/5Y/Smile/0.0075,0.0100857600
2025-02-10,SWAPTION/RATE_NVOL/USD/SOFR/7Y/5Y/Smile/0.01,0.0103216400
2025-02-10,SWAPTION/RATE_NVOL/USD/SOFR/7Y/5Y/Smile/0.015,0.0107881500
2025-02-10,SWAPTION/RATE_NVOL/USD/SOFR/7Y/5Y/Smile/0.02,0.0113435200
2025-02-10,SWAPTION/RATE_NVOL/USD/SOFR/7Y/5Y/Smile/0.03,0.0124983300
2025-02-10,SWAPTION/RATE_NVOL/USD/SOFR/7Y/5Y/Smile/0.04,0.0136019300
2025-02-10,SWAPTION/RATE_NVOL/USD/SOFR/7Y/6Y/ATM,0.0094145800
2025-02-10,SWAPTION/RATE_NVOL/USD/SOFR/7Y/7Y/ATM,0.0093002400
2025-02-10,SWAPTION/RATE_NVOL/USD/SOFR/7Y/8Y/ATM,0.0093153200
2025-02-10,SWAPTION/RATE_NVOL/USD/SOFR/7Y/9Y/ATM,0.0092170600
2025-02-10,SWAPTION/RATE_NVOL/USD/SOFR/8Y/10Y/ATM,0.0089758600
2025-02-10,SWAPTION/RATE_NVOL/USD/SOFR/8Y/15Y/ATM,0.0085746200
2025-02-10,SWAPTION/RATE_NVOL/USD/SOFR/8Y/1Y/ATM,0.0097089200
2025-02-10,SWAPTION/RATE_NVOL/USD/SOFR/8Y/20Y/ATM,0.0084301400
2025-02-10,SWAPTION/RATE_NVOL/USD/SOFR/8Y/25Y/ATM,0.0082923700
2025-02-10,SWAPTION/RATE_NVOL/USD/SOFR/8Y/2Y/ATM,0.0095405300
2025-02-10,SWAPTION/RATE_NVOL/USD/SOFR/8Y/30Y/ATM,0.0082921800
2025-02-10,SWAPTION/RATE_NVOL/USD/SOFR/8Y/3Y/ATM,0.0094254100
2025-02-10,SWAPTION/RATE_NVOL/USD/SOFR/8Y/4Y/ATM,0.0093835400
2025-02-10,SWAPTION/RATE_NVOL/USD/SOFR/8Y/5Y/ATM,0.0092882500
2025-02-10,SWAPTION/RATE_NVOL/USD/SOFR/8Y/6Y/ATM,0.0092553800
2025-02-10,SWAPTION/RATE_NVOL/USD/SOFR/8Y/7Y/ATM,0.0091309100
2025-02-10,SWAPTION/RATE_NVOL/USD/SOFR/8Y/8Y/ATM,0.0091375300
2025-02-10,SWAPTION/RATE_NVOL/USD/SOFR/8Y/9Y/ATM,0.0089848200
2025-02-10,SWAPTION/RATE_NVOL/USD/SOFR/9M/10Y/ATM,0.0097099700
2025-02-10,SWAPTION/RATE_NVOL/USD/SOFR/9M/10Y/Smile/-0.0025,0.0097112100
2025-02-10,SWAPTION/RATE_NVOL/USD/SOFR/9M/10Y/Smile/-0.005,0.0097050700
2025-02-10,SWAPTION/RATE_NVOL/USD/SOFR/9M/10Y/Smile/-0.0075,0.0098463900
2025-02-10,SWAPTION/RATE_NVOL/USD/SOFR/9M/10Y/Smile/-0.01,0.0101159900
2025-02-10,SWAPTION/RATE_NVOL/USD/SOFR/9M/10Y/Smile/-0.015,0.0105535500
2025-02-10,SWAPTION/RATE_NVOL/USD/SOFR/9M/10Y/Smile/-0.02,0.0112564000
2025-02-10,SWAPTION/RATE_NVOL/USD/SOFR/9M/10Y/Smile/-0.03,0.0125716900
2025-02-10,SWAPTION/RATE_NVOL/USD/SOFR/9M/10Y/Smile/-0.04,0.0138019200
2025-02-10,SWAPTION/RATE_NVOL/USD/SOFR/9M/10Y/Smile/0.0025,0.0098445900
2025-02-10,SWAPTION/RATE_NVOL/USD/SOFR/9M/10Y/Smile/0.005,0.0100780100
2025-02-10,SWAPTION/RATE_NVOL/USD/SOFR/9M/10Y/Smile/0.0075,0.0103868200
2025-02-10,SWAPTION/RATE_NVOL/USD/SOFR/9M/10Y/Smile/0.01,0.0106965300
2025-02-10,SWAPTION/RATE_NVOL/USD/SOFR/9M/10Y/Smile/0.015,0.0115392300
2025-02-10,SWAPTION/RATE_NVOL/USD/SOFR/9M/10Y/Smile/0.02,0.0124581800
2025-02-10,SWAPTION/RATE_NVOL/USD/SOFR/9M/10Y/Smile/0.03,0.0144294500
2025-02-10,SWAPTION/RATE_NVOL/USD/SOFR/9M/10Y/Smile/0.04,0.0163987300
2025-02-10,SWAPTION/RATE_NVOL/USD/SOFR/9M/15Y/ATM,0.0092716800
2025-02-10,SWAPTION/RATE_NVOL/USD/SOFR/9M/15Y/Smile/-0.0025,0.0092601800
2025-02-10,SWAPTION/RATE_NVOL/USD/SOFR/9M/15Y/Smile/-0.005,0.0092669400
2025-02-10,SWAPTION/RATE_NVOL/USD/SOFR/9M/15Y/Smile/-0.0075,0.0094416600
2025-02-10,SWAPTION/RATE_NVOL/USD/SOFR/9M/15Y/Smile/-0.01,0.0096414100
2025-02-10,SWAPTION/RATE_NVOL/USD/SOFR/9M/15Y/Smile/-0.015,0.0100717000
2025-02-10,SWAPTION/RATE_NVOL/USD/SOFR/9M/15Y/Smile/-0.02,0.0107348400
2025-02-10,SWAPTION/RATE_NVOL/USD/SOFR/9M/15Y/Smile/-0.03,0.0119953000
2025-02-10,SWAPTION/RATE_NVOL/USD/SOFR/9M/15Y/Smile/-0.04,0.0130168700
2025-02-10,SWAPTION/RATE_NVOL/USD/SOFR/9M/15Y/Smile/0.0025,0.0094851600
2025-02-10,SWAPTION/RATE_NVOL/USD/SOFR/9M/15Y/Smile/0.005,0.0097067400
2025-02-10,SWAPTION/RATE_NVOL/USD/SOFR/9M/15Y/Smile/0.0075,0.0099085200
2025-02-10,SWAPTION/RATE_NVOL/USD/SOFR/9M/15Y/Smile/0.01,0.0102791500
2025-02-10,SWAPTION/RATE_NVOL/USD/SOFR/9M/15Y/Smile/0.015,0.0111508700
2025-02-10,SWAPTION/RATE_NVOL/USD/SOFR/9M/15Y/Smile/0.02,0.0120038000
2025-02-10,SWAPTION/RATE_NVOL/USD/SOFR/9M/15Y/Smile/0.03,0.0139093900
2025-02-10,SWAPTION/RATE_NVOL/USD/SOFR/9M/15Y/Smile/0.04,0.0158898800
2025-02-10,SWAPTION/RATE_NVOL/USD/SOFR/9M/1Y/ATM,0.0095300000
2025-02-10,SWAPTION/RATE_NVOL/USD/SOFR/9M/1Y/Smile/-0.0025,0.0098658400
2025-02-10,SWAPTION/RATE_NVOL/USD/SOFR/9M/1Y/Smile/-0.005,0.0102946100
2025-02-10,SWAPTION/RATE_NVOL/USD/SOFR/9M/1Y/Smile/-0.0075,0.0108233600
2025-02-10,SWAPTION/RATE_NVOL/USD/SOFR/9M/1Y/Smile/-0.01,0.0113252400
2025-02-10,SWAPTION/RATE_NVOL/USD/SOFR/9M/1Y/Smile/-0.015,0.0124347400
2025-02-10,SWAPTION/RATE_NVOL/USD/SOFR/9M/1Y/Smile/-0.02,0.0135592700
2025-02-10,SWAPTION/RATE_NVOL/USD/SOFR/9M/1Y/Smile/-0.03,0.0154942700
2025-02-10,SWAPTION/RATE_NVOL/USD/SOFR/9M/1Y/Smile/-0.04,0.0170370000
2025-02-10,SWAPTION/RATE_NVOL/USD/SOFR/9M/1Y/Smile/0.0025,0.0094427900
2025-02-10,SWAPTION/RATE_NVOL/USD/SOFR/9M/1Y/Smile/0.005,0.0093744500
2025-02-10,SWAPTION/RATE_NVOL/USD/SOFR/9M/1Y/Smile/0.0075,0.0095673200
2025-02-10,SWAPTION/RATE_NVOL/USD/SOFR/9M/1Y/Smile/0.01,0.0099074300
2025-02-10,SWAPTION/RATE_NVOL/USD/SOFR/9M/1Y/Smile/0.015,0.0108958800
2025-02-10,SWAPTION/RATE_NVOL/USD/SOFR/9M/1Y/Smile/0.02,0.0119429000
2025-02-10,SWAPTION/RATE_NVOL/USD/SOFR/9M/1Y/Smile/0.03,0.0142880700
2025-02-10,SWAPTION/RATE_NVOL/USD/SOFR/9M/1Y/Smile/0.04,0.0167295800
2025-02-10,SWAPTION/RATE_NVOL/USD/SOFR/9M/20Y/ATM,0.0089233500
2025-02-10,SWAPTION/RATE_NVOL/USD/SOFR/9M/20Y/Smile/-0.0025,0.0088739400
2025-02-10,SWAPTION/RATE_NVOL/USD/SOFR/9M/20Y/Smile/-0.005,0.0089056100
2025-02-10,SWAPTION/RATE_NVOL/USD/SOFR/9M/20Y/Smile/-0.0075,0.0089979600
2025-02-10,SWAPTION/RATE_NVOL/USD/SOFR/9M/20Y/Smile/-0.01,0.0091548400
2025-02-10,SWAPTION/RATE_NVOL/USD/SOFR/9M/20Y/Smile/-0.015,0.0096355600
2025-02-10,SWAPTION/RATE_NVOL/USD/SOFR/9M/20Y/Smile/-0.02,0.0102212700
2025-02-10,SWAPTION/RATE_NVOL/USD/SOFR/9M/20Y/Smile/-0.03,0.0113533900
2025-02-10,SWAPTION/RATE_NVOL/USD/SOFR/9M/20Y/Smile/-0.04,0.0123368900
2025-02-10,SWAPTION/RATE_NVOL/USD/SOFR/9M/20Y/Smile/0.0025,0.0091051800
2025-02-10,SWAPTION/RATE_NVOL/USD/SOFR/9M/20Y/Smile/0.005,0.0092810900
2025-02-10,SWAPTION/RATE_NVOL/USD/SOFR/9M/20Y/Smile/0.0075,0.0095613500
2025-02-10,SWAPTION/RATE_NVOL/USD/SOFR/9M/20Y/Smile/0.01,0.0099168700
2025-02-10,SWAPTION/RATE_NVOL/USD/SOFR/9M/20Y/Smile/0.015,0.0107787600
2025-02-10,SWAPTION/RATE_NVOL/USD/SOFR/9M/20Y/Smile/0.02,0.0117346500
2025-02-10,SWAPTION/RATE_NVOL/USD/SOFR/9M/20Y/Smile/0.03,0.0135537200
2025-02-10,SWAPTION/RATE_NVOL/USD/SOFR/9M/20Y/Smile/0.04,0.0154962500
2025-02-10,SWAPTION/RATE_NVOL/USD/SOFR/9M/25Y/ATM,0.0087479600
2025-02-10,SWAPTION/RATE_NVOL/USD/SOFR/9M/2Y/ATM,0.0101615000
2025-02-10,SWAPTION/RATE_NVOL/USD/SOFR/9M/2Y/Smile/-0.0025,0.0103822400
2025-02-10,SWAPTION/RATE_NVOL/USD/SOFR/9M/2Y/Smile/-0.005,0.0106977700
2025-02-10,SWAPTION/RATE_NVOL/USD/SOFR/9M/2Y/Smile/-0.0075,0.0111507400
2025-02-10,SWAPTION/RATE_NVOL/USD/SOFR/9M/2Y/Smile/-0.01,0.0115175200
2025-02-10,SWAPTION/RATE_NVOL/USD/SOFR/9M/2Y/Smile/-0.015,0.0123409900
2025-02-10,SWAPTION/RATE_NVOL/USD/SOFR/9M/2Y/Smile/-0.02,0.0132316400
2025-02-10,SWAPTION/RATE_NVOL/USD/SOFR/9M/2Y/Smile/-0.03,0.0149158100
2025-02-10,SWAPTION/RATE_NVOL/USD/SOFR/9M/2Y/Smile/-0.04,0.0162943900
2025-02-10,SWAPTION/RATE_NVOL/USD/SOFR/9M/2Y/Smile/0.0025,0.0100547400
2025-02-10,SWAPTION/RATE_NVOL/USD/SOFR/9M/2Y/Smile/0.005,0.0100352600
2025-02-10,SWAPTION/RATE_NVOL/USD/SOFR/9M/2Y/Smile/0.0075,0.0101429000
2025-02-10,SWAPTION/RATE_NVOL/USD/SOFR/9M/2Y/Smile/0.01,0.0103094500
2025-02-10,SWAPTION/RATE_NVOL/USD/SOFR/9M/2Y/Smile/0.015,0.0109280300
2025-02-10,SWAPTION/RATE_NVOL/USD/SOFR/9M/2Y/Smile/0.02,0.0117425100
2025-02-10,SWAPTION/RATE_NVOL/USD/SOFR/9M/2Y/Smile/0.03,0.0137616200
2025-02-10,SWAPTION/RATE_NVOL/USD/SOFR/9M/2Y/Smile/0.04,0.0157757400
2025-02-10,SWAPTION/RATE_NVOL/USD/SOFR/9M/30Y/ATM,0.0086799000
2025-02-10,SWAPTION/RATE_NVOL/USD/SOFR/9M/30Y/Smile/-0.0025,0.0086596500
2025-02-10,SWAPTION/RATE_NVOL/USD/SOFR/9M/30Y/Smile/-0.005,0.0087016200
2025-02-10,SWAPTION/RATE_NVOL/USD/SOFR/9M/30Y/Smile/-0.0075,0.0088313100
2025-02-10,SWAPTION/RATE_NVOL/USD/SOFR/9M/30Y/Smile/-0.01,0.0090464500
2025-02-10,SWAPTION/RATE_NVOL/USD/SOFR/9M/30Y/Smile/-0.015,0.0096156500
2025-02-10,SWAPTION/RATE_NVOL/USD/SOFR/9M/30Y/Smile/-0.02,0.0103514300
2025-02-10,SWAPTION/RATE_NVOL/USD/SOFR/9M/30Y/Smile/-0.03,0.0117532800
2025-02-10,SWAPTION/RATE_NVOL/USD/SOFR/9M/30Y/Smile/-0.04,0.0131062800
2025-02-10,SWAPTION/RATE_NVOL/USD/SOFR/9M/30Y/Smile/0.0025,0.0088600900
2025-02-10,SWAPTION/RATE_NVOL/USD/SOFR/9M/30Y/Smile/0.005,0.0091137500
2025-02-10,SWAPTION/RATE_NVOL/USD/SOFR/9M/30Y/Smile/0.0075,0.0094924400
2025-02-10,SWAPTION/RATE_NVOL/USD/SOFR/9M/30Y/Smile/0.01,0.0099590100
2025-02-10,SWAPTION/RATE_NVOL/USD/SOFR/9M/30Y/Smile/0.015,0.0108350100
2025-02-10,SWAPTION/RATE_NVOL/USD/SOFR/9M/30Y/Smile/0.02,0.0117944900
2025-02-10,SWAPTION/RATE_NVOL/USD/SOFR/9M/30Y/Smile/0.03,0.0139692100
2025-02-10,SWAPTION/RATE_NVOL/USD/SOFR/9M/30Y/Smile/0.04,0.0159681700
2025-02-10,SWAPTION/RATE_NVOL/USD/SOFR/9M/3Y/ATM,0.0101317800
2025-02-10,SWAPTION/RATE_NVOL/USD/SOFR/9M/4Y/ATM,0.0101276000
2025-02-10,SWAPTION/RATE_NVOL/USD/SOFR/9M/5Y/ATM,0.0101857400
2025-02-10,SWAPTION/RATE_NVOL/USD/SOFR/9M/5Y/Smile/-0.0025,0.0102712000
2025-02-10,SWAPTION/RATE_NVOL/USD/SOFR/9M/5Y/Smile/-0.005,0.0103504600
2025-02-10,SWAPTION/RATE_NVOL/USD/SOFR/9M/5Y/Smile/-0.0075,0.0106319600
2025-02-10,SWAPTION/RATE_NVOL/USD/SOFR/9M/5Y/Smile/-0.01,0.0109203700
2025-02-10,SWAPTION/RATE_NVOL/USD/SOFR/9M/5Y/Smile/-0.015,0.0116208400
2025-02-10,SWAPTION/RATE_NVOL/USD/SOFR/9M/5Y/Smile/-0.02,0.0123979800
2025-02-10,SWAPTION/RATE_NVOL/USD/SOFR/9M/5Y/Smile/-0.03,0.0139409800
2025-02-10,SWAPTION/RATE_NVOL/USD/SOFR/9M/5Y/Smile/-0.04,0.0153213400
2025-02-10,SWAPTION/RATE_NVOL/USD/SOFR/9M/5Y/Smile/0.0025,0.0101955000
2025-02-10,SWAPTION/RATE_NVOL/USD/SOFR/9M/5Y/Smile/0.005,0.0102992500
2025-02-10,SWAPTION/RATE_NVOL/USD/SOFR/9M/5Y/Smile/0.0075,0.0105563700
2025-02-10,SWAPTION/RATE_NVOL/USD/SOFR/9M/5Y/Smile/0.01,0.0108656700
2025-02-10,SWAPTION/RATE_NVOL/USD/SOFR/9M/5Y/Smile/0.015,0.0116276700
2025-02-10,SWAPTION/RATE_NVOL/USD/SOFR/9M/5Y/Smile/0.02,0.0125119800
2025-02-10,SWAPTION/RATE_NVOL/USD/SOFR/9M/5Y/Smile/0.03,0.0144550700
2025-02-10,SWAPTION/RATE_NVOL/USD/SOFR/9M/5Y/Smile/0.04,0.0165614400
2025-02-10,SWAPTION/RATE_NVOL/USD/SOFR/9M/6Y/ATM,0.0099961800
2025-02-10,SWAPTION/RATE_NVOL/USD/SOFR/9M/7Y/ATM,0.0099270900
2025-02-10,SWAPTION/RATE_NVOL/USD/SOFR/9M/8Y/ATM,0.0098912600
2025-02-10,SWAPTION/RATE_NVOL/USD/SOFR/9M/9Y/ATM,0.0097608500
2025-02-10,SWAPTION/RATE_NVOL/USD/SOFR/9Y/10Y/ATM,0.0087491300
2025-02-10,SWAPTION/RATE_NVOL/USD/SOFR/9Y/15Y/ATM,0.0083850800
2025-02-10,SWAPTION/RATE_NVOL/USD/SOFR/9Y/1Y/ATM,0.0095138600
2025-02-10,SWAPTION/RATE_NVOL/USD/SOFR/9Y/20Y/ATM,0.0082594800
2025-02-10,SWAPTION/RATE_NVOL/USD/SOFR/9Y/25Y/ATM,0.0081078000
2025-02-10,SWAPTION/RATE_NVOL/USD/SOFR/9Y/2Y/ATM,0.0093584300
2025-02-10,SWAPTION/RATE_NVOL/USD/SOFR/9Y/30Y/ATM,0.0081010200
2025-02-10,SWAPTION/RATE_NVOL/USD/SOFR/9Y/3Y/ATM,0.0092485200
2025-02-10,SWAPTION/RATE_NVOL/USD/SOFR/9Y/4Y/ATM,0.0091697900
2025-02-10,SWAPTION/RATE_NVOL/USD/SOFR/9Y/5Y/ATM,0.0091163500
2025-02-10,SWAPTION/RATE_NVOL/USD/SOFR/9Y/6Y/ATM,0.0090682400
2025-02-10,SWAPTION/RATE_NVOL/USD/SOFR/9Y/7Y/ATM,0.0089380300
2025-02-10,SWAPTION/RATE_NVOL/USD/SOFR/9Y/8Y/ATM,0.0088982500
2025-02-10,SWAPTION/RATE_NVOL/USD/SOFR/9Y/9Y/ATM,0.0088490100
