#MarketObjectType,MarketObjectId,PillarDate,RateHelperType,MdLabel,CashflowNo,LegNo,PayDate,FlowType,Amount,Currency,Coupon,Accrual,AccrualStartDate,AccrualEndDate,AccruedAmount,fixingDate,fixingValue,Notional,DiscountFactor,PresentValue,FXRate(Local-Base),PresentValue(Base),BaseCurrency
yieldCurve,USD-SOFR,2025-02-11,Deposit,MM/RATE/USD/SOFR/0D/1D,1,0,2025-02-11,Interest,120.9577222223,USD,0.0435447800,0.0027777778,2025-02-10,2025-02-11,0.0000000000,2025-02-10,0.0435447800,1000000.0000,0.9998790569,120.9430932212,1.0000000000,120.9430932212,USD
yieldCurve,USD-SOFR,2025-02-11,Deposit,MM/RATE/USD/SOFR/0D/1D,2,0,2025-02-11,Notional,1000000.0000000000,USD,#N/A,#N/A,#N/A,#N/A,#N/A,#N/A,#N/A,#N/A,0.9998790569,999879.0569067788,1.0000000000,999879.0569067788,USD
yieldCurve,USD-SOFR,2025-02-11,Deposit,MM/RATE/USD/SOFR/0D/1D,3,0,2025-02-10,Notional,-1000000.0000000000,USD,#N/A,#N/A,#N/A,#N/A,#N/A,#N/A,#N/A,#N/A,1.0000000000,-1000000.0000000000,1.0000000000,-1000000.0000000000,USD
yieldCurve,USD-SOFR,2025-03-19,Short OI Future,OI_FUTURE/PRICE/USD/2024-12/XCME:SRA/3M,1,0,2025-03-19,Interest,11330.3265327631,USD,0.0448232698,0.2527777778,2024-12-18,2025-03-19,6723.4904699913,#N/A,#N/A,1000000.0000,0.9952636926,11276.6626236798,1.0000000000,11276.6626236798,USD
yieldCurve,USD-SOFR,2025-03-19,Short OI Future,OI_FUTURE/PRICE/USD/2024-12/XCME:SRA/3M,2,0,2025-03-19,Notional,1000000.0000000000,USD,#N/A,#N/A,#N/A,#N/A,#N/A,#N/A,#N/A,#N/A,0.9952636926,995263.6926280851,1.0000000000,995263.6926280851,USD
yieldCurve,USD-SOFR,2025-03-19,Short OI Future,OI_FUTURE/PRICE/USD/2024-12/XCME:SRA/3M,3,0,2024-12-18,Notional,-1000000.0000000000,USD,#N/A,#N/A,#N/A,#N/A,#N/A,#N/A,#N/A,#N/A,0.0000000000,0.0000000000,1.0000000000,0.0000000000,USD
yieldCurve,USD-SOFR,2025-03-19,Short OI Future,OI_FUTURE/PRICE/USD/2024-12/XCME:SRA/3M,1,1,2025-03-19,Interest,-11330.3265327778,USD,0.0448232698,0.2527777778,2024-12-18,2025-03-19,-6723.4904700000,#N/A,#N/A,1000000.0000,0.9952636926,-11276.6626236944,1.0000000000,-11276.6626236944,USD
yieldCurve,USD-SOFR,2025-03-19,Short OI Future,OI_FUTURE/PRICE/USD/2024-12/XCME:SRA/3M,2,1,2025-03-19,Notional,-1000000.0000000000,USD,#N/A,#N/A,#N/A,#N/A,#N/A,#N/A,#N/A,#N/A,0.9952636926,-995263.6926280851,1.0000000000,-995263.6926280851,USD
yieldCurve,USD-SOFR,2025-03-19,Short OI Future,OI_FUTURE/PRICE/USD/2024-12/XCME:SRA/3M,3,1,2024-12-18,Notional,1000000.0000000000,USD,#N/A,#N/A,#N/A,#N/A,#N/A,#N/A,#N/A,#N/A,0.0000000000,0.0000000000,1.0000000000,0.0000000000,USD
yieldCurve,USD-SOFR,2025-04-16,Short OI Future,OI_FUTURE/PRICE/USD/2025-01/XCME:SRA/3M,1,0,2025-04-16,Interest,10476.6301286192,USD,0.0414460093,0.2527777778,2025-01-15,2025-04-16,2993.3228938912,#N/A,#N/A,1000000.0000,0.9927330395,10400.4968710842,1.0000000000,10400.4968710842,USD
yieldCurve,USD-SOFR,2025-04-16,Short OI Future,OI_FUTURE/PRICE/USD/2025-01/XCME:SRA/3M,2,0,2025-04-16,Notional,1000000.0000000000,USD,#N/A,#N/A,#N/A,#N/A,#N/A,#N/A,#N/A,#N/A,0.9927330395,992733.0394792624,1.0000000000,992733.0394792624,USD
yieldCurve,USD-SOFR,2025-04-16,Short OI Future,OI_FUTURE/PRICE/USD/2025-01/XCME:SRA/3M,3,0,2025-01-15,Notional,-1000000.0000000000,USD,#N/A,#N/A,#N/A,#N/A,#N/A,#N/A,#N/A,#N/A,0.0000000000,0.0000000000,1.0000000000,0.0000000000,USD
yieldCurve,USD-SOFR,2025-04-16,Short OI Future,OI_FUTURE/PRICE/USD/2025-01/XCME:SRA/3M,1,1,2025-04-16,Interest,-10476.6301286110,USD,0.0414460093,0.2527777778,2025-01-15,2025-04-16,-2993.3228938890,#N/A,#N/A,1000000.0000,0.9927330395,-10400.4968710760,1.0000000000,-10400.4968710760,USD
yieldCurve,USD-SOFR,2025-04-16,Short OI Future,OI_FUTURE/PRICE/USD/2025-01/XCME:SRA/3M,2,1,2025-04-16,Notional,-1000000.0000000000,USD,#N/A,#N/A,#N/A,#N/A,#N/A,#N/A,#N/A,#N/A,0.9927330395,-992733.0394792624,1.0000000000,-992733.0394792624,USD
yieldCurve,USD-SOFR,2025-04-16,Short OI Future,OI_FUTURE/PRICE/USD/2025-01/XCME:SRA/3M,3,1,2025-01-15,Notional,1000000.0000000000,USD,#N/A,#N/A,#N/A,#N/A,#N/A,#N/A,#N/A,#N/A,0.0000000000,0.0000000000,1.0000000000,0.0000000000,USD
yieldCurve,USD-SOFR,2025-05-21,Short OI Future,OI_FUTURE/PRICE/USD/2025-02/XCME:SRA/3M,1,0,2025-05-21,Interest,9724.1044658336,USD,0.0384689847,0.2527777778,2025-02-19,2025-05-21,0.0000000000,#N/A,#N/A,1000000.0000,0.9892321772,9619.3970322059,1.0000000000,9619.3970322059,USD
yieldCurve,USD-SOFR,2025-05-21,Short OI Future,OI_FUTURE/PRICE/USD/2025-02/XCME:SRA/3M,2,0,2025-05-21,Notional,1000000.0000000000,USD,#N/A,#N/A,#N/A,#N/A,#N/A,#N/A,#N/A,#N/A,0.9892321772,989232.1772153270,1.0000000000,989232.1772153270,USD
yieldCurve,USD-SOFR,2025-05-21,Short OI Future,OI_FUTURE/PRICE/USD/2025-02/XCME:SRA/3M,3,0,2025-02-19,Notional,-1000000.0000000000,USD,#N/A,#N/A,#N/A,#N/A,#N/A,#N/A,#N/A,#N/A,0.9988515742,-998851.5742475330,1.0000000000,-998851.5742475330,USD
yieldCurve,USD-SOFR,2025-05-21,Short OI Future,OI_FUTURE/PRICE/USD/2025-02/XCME:SRA/3M,1,1,2025-05-21,Interest,-9724.1044658334,USD,0.0384689847,0.2527777778,2025-02-19,2025-05-21,0.0000000000,#N/A,#N/A,1000000.0000,0.9892321772,-9619.3970322056,1.0000000000,-9619.3970322056,USD
yieldCurve,USD-SOFR,2025-05-21,Short OI Future,OI_FUTURE/PRICE/USD/2025-02/XCME:SRA/3M,2,1,2025-05-21,Notional,-1000000.0000000000,USD,#N/A,#N/A,#N/A,#N/A,#N/A,#N/A,#N/A,#N/A,0.9892321772,-989232.1772153270,1.0000000000,-989232.1772153270,USD
yieldCurve,USD-SOFR,2025-05-21,Short OI Future,OI_FUTURE/PRICE/USD/2025-02/XCME:SRA/3M,3,1,2025-02-19,Notional,1000000.0000000000,USD,#N/A,#N/A,#N/A,#N/A,#N/A,#N/A,#N/A,#N/A,0.9988515742,998851.5742475330,1.0000000000,998851.5742475330,USD
yieldCurve,USD-SOFR,2025-06-18,Short OI Future,OI_FUTURE/PRICE/USD/2025-03/XCME:SRA/3M,1,0,2025-06-18,Interest,9776.8188699159,USD,0.0386775252,0.2527777778,2025-03-19,2025-06-18,0.0000000000,#N/A,#N/A,1000000.0000,0.9856273921,9636.3004861988,1.0000000000,9636.3004861988,USD
yieldCurve,USD-SOFR,2025-06-18,Short OI Future,OI_FUTURE/PRICE/USD/2025-03/XCME:SRA/3M,2,0,2025-06-18,Notional,1000000.0000000000,USD,#N/A,#N/A,#N/A,#N/A,#N/A,#N/A,#N/A,#N/A,0.9856273921,985627.3921418862,1.0000000000,985627.3921418862,USD
yieldCurve,USD-SOFR,2025-06-18,Short OI Future,OI_FUTURE/PRICE/USD/2025-03/XCME:SRA/3M,3,0,2025-03-19,Notional,-1000000.0000000000,USD,#N/A,#N/A,#N/A,#N/A,#N/A,#N/A,#N/A,#N/A,0.9952636926,-995263.6926280851,1.0000000000,-995263.6926280851,USD
yieldCurve,USD-SOFR,2025-06-18,Short OI Future,OI_FUTURE/PRICE/USD/2025-03/XCME:SRA/3M,1,1,2025-06-18,Interest,-9776.8188700000,USD,0.0386775252,0.2527777778,2025-03-19,2025-06-18,0.0000000000,#N/A,#N/A,1000000.0000,0.9856273921,-9636.3004862817,1.0000000000,-9636.3004862817,USD
yieldCurve,USD-SOFR,2025-06-18,Short OI Future,OI_FUTURE/PRICE/USD/2025-03/XCME:SRA/3M,2,1,2025-06-18,Notional,-1000000.0000000000,USD,#N/A,#N/A,#N/A,#N/A,#N/A,#N/A,#N/A,#N/A,0.9856273921,-985627.3921418862,1.0000000000,-985627.3921418862,USD
yieldCurve,USD-SOFR,2025-06-18,Short OI Future,OI_FUTURE/PRICE/USD/2025-03/XCME:SRA/3M,3,1,2025-03-19,Notional,1000000.0000000000,USD,#N/A,#N/A,#N/A,#N/A,#N/A,#N/A,#N/A,#N/A,0.9952636926,995263.6926280851,1.0000000000,995263.6926280851,USD
yieldCurve,USD-SOFR,2025-07-16,Short OI Future,OI_FUTURE/PRICE/USD/2025-04/XCME:SRA/3M,1,0,2025-07-16,Interest,10945.6245888344,USD,0.0433013720,0.2527777778,2025-04-16,2025-07-16,0.0000000000,#N/A,#N/A,1000000.0000,0.9819846046,10748.4348344570,1.0000000000,10748.4348344570,USD
yieldCurve,USD-SOFR,2025-07-16,Short OI Future,OI_FUTURE/PRICE/USD/2025-04/XCME:SRA/3M,2,0,2025-07-16,Notional,1000000.0000000000,USD,#N/A,#N/A,#N/A,#N/A,#N/A,#N/A,#N/A,#N/A,0.9819846046,981984.6046448054,1.0000000000,981984.6046448054,USD
yieldCurve,USD-SOFR,2025-07-16,Short OI Future,OI_FUTURE/PRICE/USD/2025-04/XCME:SRA/3M,3,0,2025-04-16,Notional,-1000000.0000000000,USD,#N/A,#N/A,#N/A,#N/A,#N/A,#N/A,#N/A,#N/A,0.9927330395,-992733.0394792624,1.0000000000,-992733.0394792624,USD
yieldCurve,USD-SOFR,2025-07-16,Short OI Future,OI_FUTURE/PRICE/USD/2025-04/XCME:SRA/3M,1,1,2025-07-16,Interest,-10945.6245888888,USD,0.0433013720,0.2527777778,2025-04-16,2025-07-16,0.0000000000,#N/A,#N/A,1000000.0000,0.9819846046,-10748.4348345104,1.0000000000,-10748.4348345104,USD
yieldCurve,USD-SOFR,2025-07-16,Short OI Future,OI_FUTURE/PRICE/USD/2025-04/XCME:SRA/3M,2,1,2025-07-16,Notional,-1000000.0000000000,USD,#N/A,#N/A,#N/A,#N/A,#N/A,#N/A,#N/A,#N/A,0.9819846046,-981984.6046448054,1.0000000000,-981984.6046448054,USD
yieldCurve,USD-SOFR,2025-07-16,Short OI Future,OI_FUTURE/PRICE/USD/2025-04/XCME:SRA/3M,3,1,2025-04-16,Notional,1000000.0000000000,USD,#N/A,#N/A,#N/A,#N/A,#N/A,#N/A,#N/A,#N/A,0.9927330395,992733.0394792624,1.0000000000,992733.0394792624,USD
yieldCurve,USD-SOFR,2025-08-20,Short OI Future,OI_FUTURE/PRICE/USD/2025-05/XCME:SRA/3M,1,0,2025-08-20,Interest,11549.3100450002,USD,0.0456895782,0.2527777778,2025-05-21,2025-08-20,0.0000000000,#N/A,#N/A,1000000.0000,0.9779376718,11294.5053767493,1.0000000000,11294.5053767493,USD
yieldCurve,USD-SOFR,2025-08-20,Short OI Future,OI_FUTURE/PRICE/USD/2025-05/XCME:SRA/3M,2,0,2025-08-20,Notional,1000000.0000000000,USD,#N/A,#N/A,#N/A,#N/A,#N/A,#N/A,#N/A,#N/A,0.9779376718,977937.6718385778,1.0000000000,977937.6718385778,USD
yieldCurve,USD-SOFR,2025-08-20,Short OI Future,OI_FUTURE/PRICE/USD/2025-05/XCME:SRA/3M,3,0,2025-05-21,Notional,-1000000.0000000000,USD,#N/A,#N/A,#N/A,#N/A,#N/A,#N/A,#N/A,#N/A,0.9892321772,-989232.1772153270,1.0000000000,-989232.1772153270,USD
yieldCurve,USD-SOFR,2025-08-20,Short OI Future,OI_FUTURE/PRICE/USD/2025-05/XCME:SRA/3M,1,1,2025-08-20,Interest,-11549.3100449999,USD,0.0456895782,0.2527777778,2025-05-21,2025-08-20,0.0000000000,#N/A,#N/A,1000000.0000,0.9779376718,-11294.5053767491,1.0000000000,-11294.5053767491,USD
yieldCurve,USD-SOFR,2025-08-20,Short OI Future,OI_FUTURE/PRICE/USD/2025-05/XCME:SRA/3M,2,1,2025-08-20,Notional,-1000000.0000000000,USD,#N/A,#N/A,#N/A,#N/A,#N/A,#N/A,#N/A,#N/A,0.9779376718,-977937.6718385778,1.0000000000,-977937.6718385778,USD
yieldCurve,USD-SOFR,2025-08-20,Short OI Future,OI_FUTURE/PRICE/USD/2025-05/XCME:SRA/3M,3,1,2025-05-21,Notional,1000000.0000000000,USD,#N/A,#N/A,#N/A,#N/A,#N/A,#N/A,#N/A,#N/A,0.9892321772,989232.1772153270,1.0000000000,989232.1772153270,USD
yieldCurve,USD-SOFR,2025-09-17,Short OI Future,OI_FUTURE/PRICE/USD/2025-06/XCME:SRA/3M,1,0,2025-09-17,Interest,10156.8059522290,USD,0.0401807708,0.2527777778,2025-06-18,2025-09-17,0.0000000000,#N/A,#N/A,1000000.0000,0.9757172217,9910.1704846209,1.0000000000,9910.1704846209,USD
yieldCurve,USD-SOFR,2025-09-17,Short OI Future,OI_FUTURE/PRICE/USD/2025-06/XCME:SRA/3M,2,0,2025-09-17,Notional,1000000.0000000000,USD,#N/A,#N/A,#N/A,#N/A,#N/A,#N/A,#N/A,#N/A,0.9757172217,975717.2216572654,1.0000000000,975717.2216572654,USD
yieldCurve,USD-SOFR,2025-09-17,Short OI Future,OI_FUTURE/PRICE/USD/2025-06/XCME:SRA/3M,3,0,2025-06-18,Notional,-1000000.0000000000,USD,#N/A,#N/A,#N/A,#N/A,#N/A,#N/A,#N/A,#N/A,0.9856273921,-985627.3921418862,1.0000000000,-985627.3921418862,USD
yieldCurve,USD-SOFR,2025-09-17,Short OI Future,OI_FUTURE/PRICE/USD/2025-06/XCME:SRA/3M,1,1,2025-09-17,Interest,-10156.8059522221,USD,0.0401807708,0.2527777778,2025-06-18,2025-09-17,0.0000000000,#N/A,#N/A,1000000.0000,0.9757172217,-9910.1704846141,1.0000000000,-9910.1704846141,USD
yieldCurve,USD-SOFR,2025-09-17,Short OI Future,OI_FUTURE/PRICE/USD/2025-06/XCME:SRA/3M,2,1,2025-09-17,Notional,-1000000.0000000000,USD,#N/A,#N/A,#N/A,#N/A,#N/A,#N/A,#N/A,#N/A,0.9757172217,-975717.2216572654,1.0000000000,-975717.2216572654,USD
yieldCurve,USD-SOFR,2025-09-17,Short OI Future,OI_FUTURE/PRICE/USD/2025-06/XCME:SRA/3M,3,1,2025-06-18,Notional,1000000.0000000000,USD,#N/A,#N/A,#N/A,#N/A,#N/A,#N/A,#N/A,#N/A,0.9856273921,985627.3921418862,1.0000000000,985627.3921418862,USD
yieldCurve,USD-SOFR,2025-10-15,Short OI Future,OI_FUTURE/PRICE/USD/2025-07/XCME:SRA/3M,1,0,2025-10-15,Interest,11185.8422180555,USD,0.0442516835,0.2527777778,2025-07-16,2025-10-15,0.0000000000,#N/A,#N/A,1000000.0000,0.9711217895,10862.8151122271,1.0000000000,10862.8151122271,USD
yieldCurve,USD-SOFR,2025-10-15,Short OI Future,OI_FUTURE/PRICE/USD/2025-07/XCME:SRA/3M,2,0,2025-10-15,Notional,1000000.0000000000,USD,#N/A,#N/A,#N/A,#N/A,#N/A,#N/A,#N/A,#N/A,0.9711217895,971121.7895325782,1.0000000000,971121.7895325782,USD
yieldCurve,USD-SOFR,2025-10-15,Short OI Future,OI_FUTURE/PRICE/USD/2025-07/XCME:SRA/3M,3,0,2025-07-16,Notional,-1000000.0000000000,USD,#N/A,#N/A,#N/A,#N/A,#N/A,#N/A,#N/A,#N/A,0.9819846046,-981984.6046448054,1.0000000000,-981984.6046448054,USD
yieldCurve,USD-SOFR,2025-10-15,Short OI Future,OI_FUTURE/PRICE/USD/2025-07/XCME:SRA/3M,1,1,2025-10-15,Interest,-11185.8422180555,USD,0.0442516835,0.2527777778,2025-07-16,2025-10-15,0.0000000000,#N/A,#N/A,1000000.0000,0.9711217895,-10862.8151122271,1.0000000000,-10862.8151122271,USD
yieldCurve,USD-SOFR,2025-10-15,Short OI Future,OI_FUTURE/PRICE/USD/2025-07/XCME:SRA/3M,2,1,2025-10-15,Notional,-1000000.0000000000,USD,#N/A,#N/A,#N/A,#N/A,#N/A,#N/A,#N/A,#N/A,0.9711217895,-971121.7895325782,1.0000000000,-971121.7895325782,USD
yieldCurve,USD-SOFR,2025-10-15,Short OI Future,OI_FUTURE/PRICE/USD/2025-07/XCME:SRA/3M,3,1,2025-07-16,Notional,1000000.0000000000,USD,#N/A,#N/A,#N/A,#N/A,#N/A,#N/A,#N/A,#N/A,0.9819846046,981984.6046448054,1.0000000000,981984.6046448054,USD
yieldCurve,USD-SOFR,2025-12-17,Short OI Future,OI_FUTURE/PRICE/USD/2025-09/XCME:SRA/3M,1,0,2025-12-17,Interest,11092.9111222930,USD,0.0438840440,0.2527777778,2025-09-17,2025-12-17,0.0000000000,#N/A,#N/A,1000000.0000,0.9650124246,10704.7970579883,1.0000000000,10704.7970579883,USD
yieldCurve,USD-SOFR,2025-12-17,Short OI Future,OI_FUTURE/PRICE/USD/2025-09/XCME:SRA/3M,2,0,2025-12-17,Notional,1000000.0000000000,USD,#N/A,#N/A,#N/A,#N/A,#N/A,#N/A,#N/A,#N/A,0.9650124246,965012.4245992772,1.0000000000,965012.4245992772,USD
yieldCurve,USD-SOFR,2025-12-17,Short OI Future,OI_FUTURE/PRICE/USD/2025-09/XCME:SRA/3M,3,0,2025-09-17,Notional,-1000000.0000000000,USD,#N/A,#N/A,#N/A,#N/A,#N/A,#N/A,#N/A,#N/A,0.9757172217,-975717.2216572654,1.0000000000,-975717.2216572654,USD
yieldCurve,USD-SOFR,2025-12-17,Short OI Future,OI_FUTURE/PRICE/USD/2025-09/XCME:SRA/3M,1,1,2025-12-17,Interest,-11092.9111222222,USD,0.0438840440,0.2527777778,2025-09-17,2025-12-17,0.0000000000,#N/A,#N/A,1000000.0000,0.9650124246,-10704.7970579199,1.0000000000,-10704.7970579199,USD
yieldCurve,USD-SOFR,2025-12-17,Short OI Future,OI_FUTURE/PRICE/USD/2025-09/XCME:SRA/3M,2,1,2025-12-17,Notional,-1000000.0000000000,USD,#N/A,#N/A,#N/A,#N/A,#N/A,#N/A,#N/A,#N/A,0.9650124246,-965012.4245992772,1.0000000000,-965012.4245992772,USD
yieldCurve,USD-SOFR,2025-12-17,Short OI Future,OI_FUTURE/PRICE/USD/2025-09/XCME:SRA/3M,3,1,2025-09-17,Notional,1000000.0000000000,USD,#N/A,#N/A,#N/A,#N/A,#N/A,#N/A,#N/A,#N/A,0.9757172217,975717.2216572654,1.0000000000,975717.2216572654,USD
yieldCurve,USD-SOFR,2026-03-18,Short OI Future,OI_FUTURE/PRICE/USD/2025-12/XCME:SRA/3M,1,0,2026-03-18,Interest,10209.2460419452,USD,0.0403882261,0.2527777778,2025-12-17,2026-03-18,0.0000000000,#N/A,#N/A,1000000.0000,0.9552599408,9752.4837699407,1.0000000000,9752.4837699407,USD
yieldCurve,USD-SOFR,2026-03-18,Short OI Future,OI_FUTURE/PRICE/USD/2025-12/XCME:SRA/3M,2,0,2026-03-18,Notional,1000000.0000000000,USD,#N/A,#N/A,#N/A,#N/A,#N/A,#N/A,#N/A,#N/A,0.9552599408,955259.9408293366,1.0000000000,955259.9408293366,USD
yieldCurve,USD-SOFR,2026-03-18,Short OI Future,OI_FUTURE/PRICE/USD/2025-12/XCME:SRA/3M,3,0,2025-12-17,Notional,-1000000.0000000000,USD,#N/A,#N/A,#N/A,#N/A,#N/A,#N/A,#N/A,#N/A,0.9650124246,-965012.4245992772,1.0000000000,-965012.4245992772,USD
yieldCurve,USD-SOFR,2026-03-18,Short OI Future,OI_FUTURE/PRICE/USD/2025-12/XCME:SRA/3M,1,1,2026-03-18,Interest,-10209.2460419445,USD,0.0403882261,0.2527777778,2025-12-17,2026-03-18,0.0000000000,#N/A,#N/A,1000000.0000,0.9552599408,-9752.4837699400,1.0000000000,-9752.4837699400,USD
yieldCurve,USD-SOFR,2026-03-18,Short OI Future,OI_FUTURE/PRICE/USD/2025-12/XCME:SRA/3M,2,1,2026-03-18,Notional,-1000000.0000000000,USD,#N/A,#N/A,#N/A,#N/A,#N/A,#N/A,#N/A,#N/A,0.9552599408,-955259.9408293366,1.0000000000,-955259.9408293366,USD
yieldCurve,USD-SOFR,2026-03-18,Short OI Future,OI_FUTURE/PRICE/USD/2025-12/XCME:SRA/3M,3,1,2025-12-17,Notional,1000000.0000000000,USD,#N/A,#N/A,#N/A,#N/A,#N/A,#N/A,#N/A,#N/A,0.9650124246,965012.4245992772,1.0000000000,965012.4245992772,USD
yieldCurve,USD-SOFR,2026-06-17,Short OI Future,OI_FUTURE/PRICE/USD/2026-03/XCME:SRA/3M,1,0,2026-06-17,Interest,9923.3736369504,USD,0.0392573023,0.2527777778,2026-03-18,2026-06-17,0.0000000000,#N/A,#N/A,1000000.0000,0.9458736829,9386.2579683875,1.0000000000,9386.2579683875,USD
yieldCurve,USD-SOFR,2026-06-17,Short OI Future,OI_FUTURE/PRICE/USD/2026-03/XCME:SRA/3M,2,0,2026-06-17,Notional,1000000.0000000000,USD,#N/A,#N/A,#N/A,#N/A,#N/A,#N/A,#N/A,#N/A,0.9458736829,945873.6828609488,1.0000000000,945873.6828609488,USD
yieldCurve,USD-SOFR,2026-06-17,Short OI Future,OI_FUTURE/PRICE/USD/2026-03/XCME:SRA/3M,3,0,2026-03-18,Notional,-1000000.0000000000,USD,#N/A,#N/A,#N/A,#N/A,#N/A,#N/A,#N/A,#N/A,0.9552599408,-955259.9408293366,1.0000000000,-955259.9408293366,USD
yieldCurve,USD-SOFR,2026-06-17,Short OI Future,OI_FUTURE/PRICE/USD/2026-03/XCME:SRA/3M,1,1,2026-06-17,Interest,-9923.3736369444,USD,0.0392573023,0.2527777778,2026-03-18,2026-06-17,0.0000000000,#N/A,#N/A,1000000.0000,0.9458736829,-9386.2579683818,1.0000000000,-9386.2579683818,USD
yieldCurve,USD-SOFR,2026-06-17,Short OI Future,OI_FUTURE/PRICE/USD/2026-03/XCME:SRA/3M,2,1,2026-06-17,Notional,-1000000.0000000000,USD,#N/A,#N/A,#N/A,#N/A,#N/A,#N/A,#N/A,#N/A,0.9458736829,-945873.6828609488,1.0000000000,-945873.6828609488,USD
yieldCurve,USD-SOFR,2026-06-17,Short OI Future,OI_FUTURE/PRICE/USD/2026-03/XCME:SRA/3M,3,1,2026-03-18,Notional,1000000.0000000000,USD,#N/A,#N/A,#N/A,#N/A,#N/A,#N/A,#N/A,#N/A,0.9552599408,955259.9408293366,1.0000000000,955259.9408293366,USD
yieldCurve,USD-SOFR,2027-02-12,OIS,IR_SWAP/RATE/USD/SOFR/0D/1D/2Y,1,0,2026-02-12,Interest,41647.0677777778,USD,0.0410765600,1.0138888889,2025-02-10,2026-02-10,0.0000000000,#N/A,#N/A,1000000.0000,0.9588921394,39935.0459205279,1.0000000000,39935.0459205279,USD
yieldCurve,USD-SOFR,2027-02-12,OIS,IR_SWAP/RATE/USD/SOFR/0D/1D/2Y,2,0,2027-02-12,Interest,41647.0677777778,USD,0.0410765600,1.0138888889,2026-02-10,2027-02-10,0.0000000000,#N/A,#N/A,1000000.0000,0.9214702759,38376.5350344136,1.0000000000,38376.5350344136,USD
yieldCurve,USD-SOFR,2027-02-12,OIS,IR_SWAP/RATE/USD/SOFR/0D/1D/2Y,1,1,2026-02-12,InterestProjected,-42637.2457409112,USD,0.0420531739,1.0138888889,2025-02-10,2026-02-10,0.0000000000,2026-02-09,0.0420531739,1000000.0000,0.9588921394,-40884.5197859683,1.0000000000,-40884.5197859683,USD
yieldCurve,USD-SOFR,2027-02-12,OIS,IR_SWAP/RATE/USD/SOFR/0D/1D/2Y,2,1,2027-02-12,InterestProjected,-40616.6776607255,USD,0.0400602848,1.0138888889,2026-02-10,2027-02-10,0.0000000000,2027-02-09,0.0400602848,1000000.0000,0.9214702759,-37427.0611689985,1.0000000000,-37427.0611689985,USD
yieldCurve,USD-SOFR,2028-02-14,OIS,IR_SWAP/RATE/USD/SOFR/0D/1D/3Y,1,0,2026-02-12,Interest,41342.8098611111,USD,0.0407764700,1.0138888889,2025-02-10,2026-02-10,0.0000000000,#N/A,#N/A,1000000.0000,0.9588921394,39643.2953958906,1.0000000000,39643.2953958906,USD
yieldCurve,USD-SOFR,2028-02-14,OIS,IR_SWAP/RATE/USD/SOFR/0D/1D/3Y,2,0,2027-02-12,Interest,41342.8098611111,USD,0.0407764700,1.0138888889,2026-02-10,2027-02-10,0.0000000000,#N/A,#N/A,1000000.0000,0.9214702759,38096.1704080066,1.0000000000,38096.1704080066,USD
yieldCurve,USD-SOFR,2028-02-14,OIS,IR_SWAP/RATE/USD/SOFR/0D/1D/3Y,3,0,2028-02-14,Interest,41342.8098611111,USD,0.0407764700,1.0138888889,2027-02-10,2028-02-10,0.0000000000,#N/A,#N/A,1000000.0000,0.8852419094,36598.3879423299,1.0000000000,36598.3879423299,USD
yieldCurve,USD-SOFR,2028-02-14,OIS,IR_SWAP/RATE/USD/SOFR/0D/1D/3Y,1,1,2026-02-12,InterestProjected,-42637.2457409112,USD,0.0420531739,1.0138888889,2025-02-10,2026-02-10,0.0000000000,2026-02-09,0.0420531739,1000000.0000,0.9588921394,-40884.5197859683,1.0000000000,-40884.5197859683,USD
yieldCurve,USD-SOFR,2028-02-14,OIS,IR_SWAP/RATE/USD/SOFR/0D/1D/3Y,2,1,2027-02-12,InterestProjected,-40616.6776607255,USD,0.0400602848,1.0138888889,2026-02-10,2027-02-10,0.0000000000,2027-02-09,0.0400602848,1000000.0000,0.9214702759,-37427.0611689985,1.0000000000,-37427.0611689985,USD
yieldCurve,USD-SOFR,2028-02-14,OIS,IR_SWAP/RATE/USD/SOFR/0D/1D/3Y,3,1,2028-02-14,InterestProjected,-40696.5287203587,USD,0.0401390420,1.0138888889,2027-02-10,2028-02-10,0.0000000000,2028-02-09,0.0401390420,1000000.0000,0.8852419094,-36026.2727912667,1.0000000000,-36026.2727912667,USD
yieldCurve,USD-SOFR,2029-02-14,OIS,IR_SWAP/RATE/USD/SOFR/0D/1D/4Y,1,0,2026-02-12,Interest,40966.4948611110,USD,0.0404053100,1.0138888889,2025-02-10,2026-02-10,0.0000000000,#N/A,#N/A,1000000.0000,0.9588921394,39282.4499004581,1.0000000000,39282.4499004581,USD
yieldCurve,USD-SOFR,2029-02-14,OIS,IR_SWAP/RATE/USD/SOFR/0D/1D/4Y,2,0,2027-02-12,Interest,40966.4948611110,USD,0.0404053100,1.0138888889,2026-02-10,2027-02-10,0.0000000000,#N/A,#N/A,1000000.0000,0.9214702759,37749.4073211422,1.0000000000,37749.4073211422,USD
yieldCurve,USD-SOFR,2029-02-14,OIS,IR_SWAP/RATE/USD/SOFR/0D/1D/4Y,3,0,2028-02-14,Interest,40966.4948611110,USD,0.0404053100,1.0138888889,2027-02-10,2028-02-10,0.0000000000,#N/A,#N/A,1000000.0000,0.8852419094,36265.2581331857,1.0000000000,36265.2581331857,USD
yieldCurve,USD-SOFR,2029-02-14,OIS,IR_SWAP/RATE/USD/SOFR/0D/1D/4Y,4,0,2029-02-14,Interest,41303.2057777778,USD,0.0404053100,1.0222222222,2028-02-10,2029-02-12,0.0000000000,#N/A,#N/A,1000000.0000,0.8513184627,35162.1816461557,1.0000000000,35162.1816461557,USD
yieldCurve,USD-SOFR,2029-02-14,OIS,IR_SWAP/RATE/USD/SOFR/0D/1D/4Y,1,1,2026-02-12,InterestProjected,-42637.2457409112,USD,0.0420531739,1.0138888889,2025-02-10,2026-02-10,0.0000000000,2026-02-09,0.0420531739,1000000.0000,0.9588921394,-40884.5197859683,1.0000000000,-40884.5197859683,USD
yieldCurve,USD-SOFR,2029-02-14,OIS,IR_SWAP/RATE/USD/SOFR/0D/1D/4Y,2,1,2027-02-12,InterestProjected,-40616.6776607255,USD,0.0400602848,1.0138888889,2026-02-10,2027-02-10,0.0000000000,2027-02-09,0.0400602848,1000000.0000,0.9214702759,-37427.0611689985,1.0000000000,-37427.0611689985,USD
yieldCurve,USD-SOFR,2029-02-14,OIS,IR_SWAP/RATE/USD/SOFR/0D/1D/4Y,3,1,2028-02-14,InterestProjected,-40696.5287203587,USD,0.0401390420,1.0138888889,2027-02-10,2028-02-10,0.0000000000,2028-02-09,0.0401390420,1000000.0000,0.8852419094,-36026.2727912667,1.0000000000,-36026.2727912667,USD
yieldCurve,USD-SOFR,2029-02-14,OIS,IR_SWAP/RATE/USD/SOFR/0D/1D/4Y,4,1,2029-02-14,InterestProjected,-40080.7039326165,USD,0.0392093843,1.0222222222,2028-02-10,2029-02-12,0.0000000000,2029-02-09,0.0392093843,1000000.0000,0.8513184627,-34121.4432547196,1.0000000000,-34121.4432547196,USD
yieldCurve,USD-SOFR,2030-02-13,OIS,IR_SWAP/RATE/USD/SOFR/0D/1D/5Y,1,0,2026-02-12,Interest,41152.1277777778,USD,0.0405884000,1.0138888889,2025-02-10,2026-02-10,0.0000000000,#N/A,#N/A,1000000.0000,0.9588921394,39460.4518450608,1.0000000000,39460.4518450608,USD
yieldCurve,USD-SOFR,2030-02-13,OIS,IR_SWAP/RATE/USD/SOFR/0D/1D/5Y,2,0,2027-02-12,Interest,41152.1277777778,USD,0.0405884000,1.0138888889,2026-02-10,2027-02-10,0.0000000000,#N/A,#N/A,1000000.0000,0.9214702759,37920.4625360738,1.0000000000,37920.4625360738,USD
yieldCurve,USD-SOFR,2030-02-13,OIS,IR_SWAP/RATE/USD/SOFR/0D/1D/5Y,3,0,2028-02-14,Interest,41152.1277777778,USD,0.0405884000,1.0138888889,2027-02-10,2028-02-10,0.0000000000,#N/A,#N/A,1000000.0000,0.8852419094,36429.5881707873,1.0000000000,36429.5881707873,USD
yieldCurve,USD-SOFR,2030-02-13,OIS,IR_SWAP/RATE/USD/SOFR/0D/1D/5Y,4,0,2029-02-14,Interest,41490.3644444444,USD,0.0405884000,1.0222222222,2028-02-10,2029-02-12,0.0000000000,#N/A,#N/A,1000000.0000,0.8513184627,35321.5132745381,1.0000000000,35321.5132745381,USD
yieldCurve,USD-SOFR,2030-02-13,OIS,IR_SWAP/RATE/USD/SOFR/0D/1D/5Y,5,0,2030-02-13,Interest,41039.3822222221,USD,0.0405884000,1.0111111111,2029-02-12,2030-02-11,0.0000000000,#N/A,#N/A,1000000.0000,0.8171022641,33533.3721320479,1.0000000000,33533.3721320479,USD
yieldCurve,USD-SOFR,2030-02-13,OIS,IR_SWAP/RATE/USD/SOFR/0D/1D/5Y,1,1,2026-02-12,InterestProjected,-42637.2457409112,USD,0.0420531739,1.0138888889,2025-02-10,2026-02-10,0.0000000000,2026-02-09,0.0420531739,1000000.0000,0.9588921394,-40884.5197859683,1.0000000000,-40884.5197859683,USD
yieldCurve,USD-SOFR,2030-02-13,OIS,IR_SWAP/RATE/USD/SOFR/0D/1D/5Y,2,1,2027-02-12,InterestProjected,-40616.6776607255,USD,0.0400602848,1.0138888889,2026-02-10,2027-02-10,0.0000000000,2027-02-09,0.0400602848,1000000.0000,0.9214702759,-37427.0611689985,1.0000000000,-37427.0611689985,USD
yieldCurve,USD-SOFR,2030-02-13,OIS,IR_SWAP/RATE/USD/SOFR/0D/1D/5Y,3,1,2028-02-14,InterestProjected,-40696.5287203587,USD,0.0401390420,1.0138888889,2027-02-10,2028-02-10,0.0000000000,2028-02-09,0.0401390420,1000000.0000,0.8852419094,-36026.2727912667,1.0000000000,-36026.2727912667,USD
yieldCurve,USD-SOFR,2030-02-13,OIS,IR_SWAP/RATE/USD/SOFR/0D/1D/5Y,4,1,2029-02-14,InterestProjected,-40080.7039326165,USD,0.0392093843,1.0222222222,2028-02-10,2029-02-12,0.0000000000,2029-02-09,0.0392093843,1000000.0000,0.8513184627,-34121.4432547196,1.0000000000,-34121.4432547196,USD
yieldCurve,USD-SOFR,2030-02-13,OIS,IR_SWAP/RATE/USD/SOFR/0D/1D/5Y,5,1,2030-02-13,InterestProjected,-41862.6804249074,USD,0.0414026510,1.0111111111,2029-02-12,2030-02-11,0.0000000000,2030-02-08,0.0414026510,1000000.0000,0.8171022641,-34206.0909575116,1.0000000000,-34206.0909575116,USD
yieldCurve,USD-SOFR,2031-02-12,OIS,IR_SWAP/RATE/USD/SOFR/0D/1D/6Y,1,0,2026-02-12,Interest,40865.8359722223,USD,0.0403060300,1.0138888889,2025-02-10,2026-02-10,0.0000000000,#N/A,#N/A,1000000.0000,0.9588921394,39185.9288831434,1.0000000000,39185.9288831434,USD
yieldCurve,USD-SOFR,2031-02-12,OIS,IR_SWAP/RATE/USD/SOFR/0D/1D/6Y,2,0,2027-02-12,Interest,40865.8359722223,USD,0.0403060300,1.0138888889,2026-02-10,2027-02-10,0.0000000000,#N/A,#N/A,1000000.0000,0.9214702759,37656.6531470290,1.0000000000,37656.6531470290,USD
yieldCurve,USD-SOFR,2031-02-12,OIS,IR_SWAP/RATE/USD/SOFR/0D/1D/6Y,3,0,2028-02-14,Interest,40865.8359722223,USD,0.0403060300,1.0138888889,2027-02-10,2028-02-10,0.0000000000,#N/A,#N/A,1000000.0000,0.8852419094,36176.1506661855,1.0000000000,36176.1506661855,USD
yieldCurve,USD-SOFR,2031-02-12,OIS,IR_SWAP/RATE/USD/SOFR/0D/1D/6Y,4,0,2029-02-14,Interest,41201.7195555556,USD,0.0403060300,1.0222222222,2028-02-10,2029-02-12,0.0000000000,#N/A,#N/A,1000000.0000,0.8513184627,35075.7845514712,1.0000000000,35075.7845514712,USD
yieldCurve,USD-SOFR,2031-02-12,OIS,IR_SWAP/RATE/USD/SOFR/0D/1D/6Y,5,0,2030-02-13,Interest,40753.8747777778,USD,0.0403060300,1.0111111111,2029-02-12,2030-02-11,0.0000000000,#N/A,#N/A,1000000.0000,0.8171022641,33300.0833527680,1.0000000000,33300.0833527680,USD
yieldCurve,USD-SOFR,2031-02-12,OIS,IR_SWAP/RATE/USD/SOFR/0D/1D/6Y,6,0,2031-02-12,Interest,40753.8747777778,USD,0.0403060300,1.0111111111,2030-02-11,2031-02-10,0.0000000000,#N/A,#N/A,1000000.0000,0.7863385834,32046.3441598034,1.0000000000,32046.3441598034,USD
yieldCurve,USD-SOFR,2031-02-12,OIS,IR_SWAP/RATE/USD/SOFR/0D/1D/6Y,1,1,2026-02-12,InterestProjected,-42637.2457409112,USD,0.0420531739,1.0138888889,2025-02-10,2026-02-10,0.0000000000,2026-02-09,0.0420531739,1000000.0000,0.9588921394,-40884.5197859683,1.0000000000,-40884.5197859683,USD
yieldCurve,USD-SOFR,2031-02-12,OIS,IR_SWAP/RATE/USD/SOFR/0D/1D/6Y,2,1,2027-02-12,InterestProjected,-40616.6776607255,USD,0.0400602848,1.0138888889,2026-02-10,2027-02-10,0.0000000000,2027-02-09,0.0400602848,1000000.0000,0.9214702759,-37427.0611689985,1.0000000000,-37427.0611689985,USD
yieldCurve,USD-SOFR,2031-02-12,OIS,IR_SWAP/RATE/USD/SOFR/0D/1D/6Y,3,1,2028-02-14,InterestProjected,-40696.5287203587,USD,0.0401390420,1.0138888889,2027-02-10,2028-02-10,0.0000000000,2028-02-09,0.0401390420,1000000.0000,0.8852419094,-36026.2727912667,1.0000000000,-36026.2727912667,USD
yieldCurve,USD-SOFR,2031-02-12,OIS,IR_SWAP/RATE/USD/SOFR/0D/1D/6Y,4,1,2029-02-14,InterestProjected,-40080.7039326165,USD,0.0392093843,1.0222222222,2028-02-10,2029-02-12,0.0000000000,2029-02-09,0.0392093843,1000000.0000,0.8513184627,-34121.4432547196,1.0000000000,-34121.4432547196,USD
yieldCurve,USD-SOFR,2031-02-12,OIS,IR_SWAP/RATE/USD/SOFR/0D/1D/6Y,5,1,2030-02-13,InterestProjected,-41862.6804249074,USD,0.0414026510,1.0111111111,2029-02-12,2030-02-11,0.0000000000,2030-02-08,0.0414026510,1000000.0000,0.8171022641,-34206.0909575116,1.0000000000,-34206.0909575116,USD
yieldCurve,USD-SOFR,2031-02-12,OIS,IR_SWAP/RATE/USD/SOFR/0D/1D/6Y,6,1,2031-02-12,InterestProjected,-39137.7931244894,USD,0.0387077075,1.0111111111,2030-02-11,2031-02-10,0.0000000000,2031-02-07,0.0387077075,1000000.0000,0.7863385834,-30775.5568019381,1.0000000000,-30775.5568019381,USD
yieldCurve,USD-SOFR,2032-02-12,OIS,IR_SWAP/RATE/USD/SOFR/0D/1D/7Y,1,0,2026-02-12,Interest,41142.0497222221,USD,0.0405784600,1.0138888889,2025-02-10,2026-02-10,0.0000000000,#N/A,#N/A,1000000.0000,0.9588921394,39450.7880768082,1.0000000000,39450.7880768082,USD
yieldCurve,USD-SOFR,2032-02-12,OIS,IR_SWAP/RATE/USD/SOFR/0D/1D/7Y,2,0,2027-02-12,Interest,41142.0497222221,USD,0.0405784600,1.0138888889,2026-02-10,2027-02-10,0.0000000000,#N/A,#N/A,1000000.0000,0.9214702759,37911.1759074407,1.0000000000,37911.1759074407,USD
yieldCurve,USD-SOFR,2032-02-12,OIS,IR_SWAP/RATE/USD/SOFR/0D/1D/7Y,3,0,2028-02-14,Interest,41142.0497222221,USD,0.0405784600,1.0138888889,2027-02-10,2028-02-10,0.0000000000,#N/A,#N/A,1000000.0000,0.8852419094,36420.6666536440,1.0000000000,36420.6666536440,USD
yieldCurve,USD-SOFR,2032-02-12,OIS,IR_SWAP/RATE/USD/SOFR/0D/1D/7Y,4,0,2029-02-14,Interest,41480.2035555555,USD,0.0405784600,1.0222222222,2028-02-10,2029-02-12,0.0000000000,#N/A,#N/A,1000000.0000,0.8513184627,35312.8631222298,1.0000000000,35312.8631222298,USD
yieldCurve,USD-SOFR,2032-02-12,OIS,IR_SWAP/RATE/USD/SOFR/0D/1D/7Y,5,0,2030-02-13,Interest,41029.3317777777,USD,0.0405784600,1.0111111111,2029-02-12,2030-02-11,0.0000000000,#N/A,#N/A,1000000.0000,0.8171022641,33525.1598911368,1.0000000000,33525.1598911368,USD
yieldCurve,USD-SOFR,2032-02-12,OIS,IR_SWAP/RATE/USD/SOFR/0D/1D/7Y,6,0,2031-02-12,Interest,41029.3317777777,USD,0.0405784600,1.0111111111,2030-02-11,2031-02-10,0.0000000000,#N/A,#N/A,1000000.0000,0.7863385834,32262.9466269640,1.0000000000,32262.9466269640,USD
yieldCurve,USD-SOFR,2032-02-12,OIS,IR_SWAP/RATE/USD/SOFR/0D/1D/7Y,7,0,2032-02-12,Interest,41142.0497222221,USD,0.0405784600,1.0138888889,2031-02-10,2032-02-10,0.0000000000,#N/A,#N/A,1000000.0000,0.7538644874,31015.5302238952,1.0000000000,31015.5302238952,USD
yieldCurve,USD-SOFR,2032-02-12,OIS,IR_SWAP/RATE/USD/SOFR/0D/1D/7Y,1,1,2026-02-12,InterestProjected,-42637.2457409112,USD,0.0420531739,1.0138888889,2025-02-10,2026-02-10,0.0000000000,2026-02-09,0.0420531739,1000000.0000,0.9588921394,-40884.5197859683,1.0000000000,-40884.5197859683,USD
yieldCurve,USD-SOFR,2032-02-12,OIS,IR_SWAP/RATE/USD/SOFR/0D/1D/7Y,2,1,2027-02-12,InterestProjected,-40616.6776607255,USD,0.0400602848,1.0138888889,2026-02-10,2027-02-10,0.0000000000,2027-02-09,0.0400602848,1000000.0000,0.9214702759,-37427.0611689985,1.0000000000,-37427.0611689985,USD
yieldCurve,USD-SOFR,2032-02-12,OIS,IR_SWAP/RATE/USD/SOFR/0D/1D/7Y,3,1,2028-02-14,InterestProjected,-40696.5287203587,USD,0.0401390420,1.0138888889,2027-02-10,2028-02-10,0.0000000000,2028-02-09,0.0401390420,1000000.0000,0.8852419094,-36026.2727912667,1.0000000000,-36026.2727912667,USD
yieldCurve,USD-SOFR,2032-02-12,OIS,IR_SWAP/RATE/USD/SOFR/0D/1D/7Y,4,1,2029-02-14,InterestProjected,-40080.7039326165,USD,0.0392093843,1.0222222222,2028-02-10,2029-02-12,0.0000000000,2029-02-09,0.0392093843,1000000.0000,0.8513184627,-34121.4432547196,1.0000000000,-34121.4432547196,USD
yieldCurve,USD-SOFR,2032-02-12,OIS,IR_SWAP/RATE/USD/SOFR/0D/1D/7Y,5,1,2030-02-13,InterestProjected,-41862.6804249074,USD,0.0414026510,1.0111111111,2029-02-12,2030-02-11,0.0000000000,2030-02-08,0.0414026510,1000000.0000,0.8171022641,-34206.0909575116,1.0000000000,-34206.0909575116,USD
yieldCurve,USD-SOFR,2032-02-12,OIS,IR_SWAP/RATE/USD/SOFR/0D/1D/7Y,6,1,2031-02-12,InterestProjected,-39137.7931244894,USD,0.0387077075,1.0111111111,2030-02-11,2031-02-10,0.0000000000,2031-02-07,0.0387077075,1000000.0000,0.7863385834,-30775.5568019381,1.0000000000,-30775.5568019381,USD
yieldCurve,USD-SOFR,2032-02-12,OIS,IR_SWAP/RATE/USD/SOFR/0D/1D/7Y,7,1,2032-02-12,InterestProjected,-43055.7298887477,USD,0.0424659254,1.0138888889,2031-02-10,2032-02-10,0.0000000000,2032-02-09,0.0424659254,1000000.0000,0.7538644874,-32458.1857416557,1.0000000000,-32458.1857416557,USD
yieldCurve,USD-SOFR,2033-02-14,OIS,IR_SWAP/RATE/USD/SOFR/0D/1D/8Y,1,0,2026-02-12,Interest,41228.1086111110,USD,0.0406633400,1.0138888889,2025-02-10,2026-02-10,0.0000000000,#N/A,#N/A,1000000.0000,0.9588921394,39533.3092688880,1.0000000000,39533.3092688880,USD
yieldCurve,USD-SOFR,2033-02-14,OIS,IR_SWAP/RATE/USD/SOFR/0D/1D/8Y,2,0,2027-02-12,Interest,41228.1086111110,USD,0.0406633400,1.0138888889,2026-02-10,2027-02-10,0.0000000000,#N/A,#N/A,1000000.0000,0.9214702759,37990.4766155264,1.0000000000,37990.4766155264,USD
yieldCurve,USD-SOFR,2033-02-14,OIS,IR_SWAP/RATE/USD/SOFR/0D/1D/8Y,3,0,2028-02-14,Interest,41228.1086111110,USD,0.0406633400,1.0138888889,2027-02-10,2028-02-10,0.0000000000,#N/A,#N/A,1000000.0000,0.8852419094,36496.8495887668,1.0000000000,36496.8495887668,USD
yieldCurve,USD-SOFR,2033-02-14,OIS,IR_SWAP/RATE/USD/SOFR/0D/1D/8Y,4,0,2029-02-14,Interest,41566.9697777779,USD,0.0406633400,1.0222222222,2028-02-10,2029-02-12,0.0000000000,#N/A,#N/A,1000000.0000,0.8513184627,35386.7288091440,1.0000000000,35386.7288091440,USD
yieldCurve,USD-SOFR,2033-02-14,OIS,IR_SWAP/RATE/USD/SOFR/0D/1D/8Y,5,0,2030-02-13,Interest,41115.1548888888,USD,0.0406633400,1.0111111111,2029-02-12,2030-02-11,0.0000000000,#N/A,#N/A,1000000.0000,0.8171022641,33595.2861495400,1.0000000000,33595.2861495400,USD
yieldCurve,USD-SOFR,2033-02-14,OIS,IR_SWAP/RATE/USD/SOFR/0D/1D/8Y,6,0,2031-02-12,Interest,41115.1548888888,USD,0.0406633400,1.0111111111,2030-02-11,2031-02-10,0.0000000000,#N/A,#N/A,1000000.0000,0.7863385834,32330.4326505760,1.0000000000,32330.4326505760,USD
yieldCurve,USD-SOFR,2033-02-14,OIS,IR_SWAP/RATE/USD/SOFR/0D/1D/8Y,7,0,2032-02-12,Interest,41228.1086111110,USD,0.0406633400,1.0138888889,2031-02-10,2032-02-10,0.0000000000,#N/A,#N/A,1000000.0000,0.7538644874,31080.4069640525,1.0000000000,31080.4069640525,USD
yieldCurve,USD-SOFR,2033-02-14,OIS,IR_SWAP/RATE/USD/SOFR/0D/1D/8Y,8,0,2033-02-14,Interest,41341.0623333332,USD,0.0406633400,1.0166666667,2032-02-10,2033-02-10,0.0000000000,#N/A,#N/A,1000000.0000,0.7232837134,29901.3170818379,1.0000000000,29901.3170818379,USD
yieldCurve,USD-SOFR,2033-02-14,OIS,IR_SWAP/RATE/USD/SOFR/0D/1D/8Y,1,1,2026-02-12,InterestProjected,-42637.2457409112,USD,0.0420531739,1.0138888889,2025-02-10,2026-02-10,0.0000000000,2026-02-09,0.0420531739,1000000.0000,0.9588921394,-40884.5197859683,1.0000000000,-40884.5197859683,USD
yieldCurve,USD-SOFR,2033-02-14,OIS,IR_SWAP/RATE/USD/SOFR/0D/1D/8Y,2,1,2027-02-12,InterestProjected,-40616.6776607255,USD,0.0400602848,1.0138888889,2026-02-10,2027-02-10,0.0000000000,2027-02-09,0.0400602848,1000000.0000,0.9214702759,-37427.0611689985,1.0000000000,-37427.0611689985,USD
yieldCurve,USD-SOFR,2033-02-14,OIS,IR_SWAP/RATE/USD/SOFR/0D/1D/8Y,3,1,2028-02-14,InterestProjected,-40696.5287203587,USD,0.0401390420,1.0138888889,2027-02-10,2028-02-10,0.0000000000,2028-02-09,0.0401390420,1000000.0000,0.8852419094,-36026.2727912667,1.0000000000,-36026.2727912667,USD
yieldCurve,USD-SOFR,2033-02-14,OIS,IR_SWAP/RATE/USD/SOFR/0D/1D/8Y,4,1,2029-02-14,InterestProjected,-40080.7039326165,USD,0.0392093843,1.0222222222,2028-02-10,2029-02-12,0.0000000000,2029-02-09,0.0392093843,1000000.0000,0.8513184627,-34121.4432547196,1.0000000000,-34121.4432547196,USD
yieldCurve,USD-SOFR,2033-02-14,OIS,IR_SWAP/RATE/USD/SOFR/0D/1D/8Y,5,1,2030-02-13,InterestProjected,-41862.6804249074,USD,0.0414026510,1.0111111111,2029-02-12,2030-02-11,0.0000000000,2030-02-08,0.0414026510,1000000.0000,0.8171022641,-34206.0909575116,1.0000000000,-34206.0909575116,USD
yieldCurve,USD-SOFR,2033-02-14,OIS,IR_SWAP/RATE/USD/SOFR/0D/1D/8Y,6,1,2031-02-12,InterestProjected,-39137.7931244894,USD,0.0387077075,1.0111111111,2030-02-11,2031-02-10,0.0000000000,2031-02-07,0.0387077075,1000000.0000,0.7863385834,-30775.5568019381,1.0000000000,-30775.5568019381,USD
yieldCurve,USD-SOFR,2033-02-14,OIS,IR_SWAP/RATE/USD/SOFR/0D/1D/8Y,7,1,2032-02-12,InterestProjected,-43055.7298887477,USD,0.0424659254,1.0138888889,2031-02-10,2032-02-10,0.0000000000,2032-02-09,0.0424659254,1000000.0000,0.7538644874,-32458.1857416557,1.0000000000,-32458.1857416557,USD
yieldCurve,USD-SOFR,2033-02-14,OIS,IR_SWAP/RATE/USD/SOFR/0D/1D/8Y,8,1,2033-02-14,InterestProjected,-42052.2072614975,USD,0.0413628268,1.0166666667,2032-02-10,2033-02-10,0.0000000000,2033-02-09,0.0413628268,1000000.0000,0.7232837134,-30415.6766262717,1.0000000000,-30415.6766262717,USD
yieldCurve,USD-SOFR,2034-02-14,OIS,IR_SWAP/RATE/USD/SOFR/0D/1D/9Y,1,0,2026-02-12,Interest,41211.0550000000,USD,0.0406465200,1.0138888889,2025-02-10,2026-02-10,0.0000000000,#N/A,#N/A,1000000.0000,0.9588921394,39516.9566952455,1.0000000000,39516.9566952455,USD
yieldCurve,USD-SOFR,2034-02-14,OIS,IR_SWAP/RATE/USD/SOFR/0D/1D/9Y,2,0,2027-02-12,Interest,41211.0550000000,USD,0.0406465200,1.0138888889,2026-02-10,2027-02-10,0.0000000000,#N/A,#N/A,1000000.0000,0.9214702759,37974.7622197913,1.0000000000,37974.7622197913,USD
yieldCurve,USD-SOFR,2034-02-14,OIS,IR_SWAP/RATE/USD/SOFR/0D/1D/9Y,3,0,2028-02-14,Interest,41211.0550000000,USD,0.0406465200,1.0138888889,2027-02-10,2028-02-10,0.0000000000,#N/A,#N/A,1000000.0000,0.8852419094,36481.7530175043,1.0000000000,36481.7530175043,USD
yieldCurve,USD-SOFR,2034-02-14,OIS,IR_SWAP/RATE/USD/SOFR/0D/1D/9Y,4,0,2029-02-14,Interest,41549.7760000001,USD,0.0406465200,1.0222222222,2028-02-10,2029-02-12,0.0000000000,#N/A,#N/A,1000000.0000,0.8513184627,35372.0914286787,1.0000000000,35372.0914286787,USD
yieldCurve,USD-SOFR,2034-02-14,OIS,IR_SWAP/RATE/USD/SOFR/0D/1D/9Y,5,0,2030-02-13,Interest,41098.1479999999,USD,0.0406465200,1.0111111111,2029-02-12,2030-02-11,0.0000000000,#N/A,#N/A,1000000.0000,0.8171022641,33581.3897821231,1.0000000000,33581.3897821231,USD
yieldCurve,USD-SOFR,2034-02-14,OIS,IR_SWAP/RATE/USD/SOFR/0D/1D/9Y,6,0,2031-02-12,Interest,41098.1479999999,USD,0.0406465200,1.0111111111,2030-02-11,2031-02-10,0.0000000000,#N/A,#N/A,1000000.0000,0.7863385834,32317.0594776595,1.0000000000,32317.0594776595,USD
yieldCurve,USD-SOFR,2034-02-14,OIS,IR_SWAP/RATE/USD/SOFR/0D/1D/9Y,7,0,2032-02-12,Interest,41211.0550000000,USD,0.0406465200,1.0138888889,2031-02-10,2032-02-10,0.0000000000,#N/A,#N/A,1000000.0000,0.7538644874,31067.5508522542,1.0000000000,31067.5508522542,USD
yieldCurve,USD-SOFR,2034-02-14,OIS,IR_SWAP/RATE/USD/SOFR/0D/1D/9Y,8,0,2033-02-14,Interest,41323.9620000001,USD,0.0406465200,1.0166666667,2032-02-10,2033-02-10,0.0000000000,#N/A,#N/A,1000000.0000,0.7232837134,29888.9486892438,1.0000000000,29888.9486892438,USD
yieldCurve,USD-SOFR,2034-02-14,OIS,IR_SWAP/RATE/USD/SOFR/0D/1D/9Y,9,0,2034-02-14,Interest,41211.0550000000,USD,0.0406465200,1.0138888889,2033-02-10,2034-02-10,0.0000000000,#N/A,#N/A,1000000.0000,0.6947724890,28632.3072581933,1.0000000000,28632.3072581933,USD
yieldCurve,USD-SOFR,2034-02-14,OIS,IR_SWAP/RATE/USD/SOFR/0D/1D/9Y,1,1,2026-02-12,InterestProjected,-42637.2457409112,USD,0.0420531739,1.0138888889,2025-02-10,2026-02-10,0.0000000000,2026-02-09,0.0420531739,1000000.0000,0.9588921394,-40884.5197859683,1.0000000000,-40884.5197859683,USD
yieldCurve,USD-SOFR,2034-02-14,OIS,IR_SWAP/RATE/USD/SOFR/0D/1D/9Y,2,1,2027-02-12,InterestProjected,-40616.6776607255,USD,0.0400602848,1.0138888889,2026-02-10,2027-02-10,0.0000000000,2027-02-09,0.0400602848,1000000.0000,0.9214702759,-37427.0611689985,1.0000000000,-37427.0611689985,USD
yieldCurve,USD-SOFR,2034-02-14,OIS,IR_SWAP/RATE/USD/SOFR/0D/1D/9Y,3,1,2028-02-14,InterestProjected,-40696.5287203587,USD,0.0401390420,1.0138888889,2027-02-10,2028-02-10,0.0000000000,2028-02-09,0.0401390420,1000000.0000,0.8852419094,-36026.2727912667,1.0000000000,-36026.2727912667,USD
yieldCurve,USD-SOFR,2034-02-14,OIS,IR_SWAP/RATE/USD/SOFR/0D/1D/9Y,4,1,2029-02-14,InterestProjected,-40080.7039326165,USD,0.0392093843,1.0222222222,2028-02-10,2029-02-12,0.0000000000,2029-02-09,0.0392093843,1000000.0000,0.8513184627,-34121.4432547196,1.0000000000,-34121.4432547196,USD
yieldCurve,USD-SOFR,2034-02-14,OIS,IR_SWAP/RATE/USD/SOFR/0D/1D/9Y,5,1,2030-02-13,InterestProjected,-41862.6804249074,USD,0.0414026510,1.0111111111,2029-02-12,2030-02-11,0.0000000000,2030-02-08,0.0414026510,1000000.0000,0.8171022641,-34206.0909575116,1.0000000000,-34206.0909575116,USD
yieldCurve,USD-SOFR,2034-02-14,OIS,IR_SWAP/RATE/USD/SOFR/0D/1D/9Y,6,1,2031-02-12,InterestProjected,-39137.7931244894,USD,0.0387077075,1.0111111111,2030-02-11,2031-02-10,0.0000000000,2031-02-07,0.0387077075,1000000.0000,0.7863385834,-30775.5568019381,1.0000000000,-30775.5568019381,USD
yieldCurve,USD-SOFR,2034-02-14,OIS,IR_SWAP/RATE/USD/SOFR/0D/1D/9Y,7,1,2032-02-12,InterestProjected,-43055.7298887477,USD,0.0424659254,1.0138888889,2031-02-10,2032-02-10,0.0000000000,2032-02-09,0.0424659254,1000000.0000,0.7538644874,-32458.1857416557,1.0000000000,-32458.1857416557,USD
yieldCurve,USD-SOFR,2034-02-14,OIS,IR_SWAP/RATE/USD/SOFR/0D/1D/9Y,8,1,2033-02-14,InterestProjected,-42052.2072614975,USD,0.0413628268,1.0166666667,2032-02-10,2033-02-10,0.0000000000,2033-02-09,0.0413628268,1000000.0000,0.7232837134,-30415.6766262717,1.0000000000,-30415.6766262717,USD
yieldCurve,USD-SOFR,2034-02-14,OIS,IR_SWAP/RATE/USD/SOFR/0D/1D/9Y,9,1,2034-02-14,InterestProjected,-41046.5479597335,USD,0.0404842665,1.0138888889,2033-02-10,2034-02-10,0.0000000000,2034-02-09,0.0404842665,1000000.0000,0.6947724890,-28518.0122923632,1.0000000000,-28518.0122923632,USD
yieldCurve,USD-SOFR,2035-02-14,OIS,IR_SWAP/RATE/USD/SOFR/0D/1D/10Y,1,0,2026-02-12,Interest,41301.5445833334,USD,0.0407357700,1.0138888889,2025-02-10,2026-02-10,0.0000000000,#N/A,#N/A,1000000.0000,0.9588921394,39603.7264454000,1.0000000000,39603.7264454000,USD
yieldCurve,USD-SOFR,2035-02-14,OIS,IR_SWAP/RATE/USD/SOFR/0D/1D/10Y,2,0,2027-02-12,Interest,41301.5445833334,USD,0.0407357700,1.0138888889,2026-02-10,2027-02-10,0.0000000000,#N/A,#N/A,1000000.0000,0.9214702759,38058.1456811089,1.0000000000,38058.1456811089,USD
yieldCurve,USD-SOFR,2035-02-14,OIS,IR_SWAP/RATE/USD/SOFR/0D/1D/10Y,3,0,2028-02-14,Interest,41301.5445833334,USD,0.0407357700,1.0138888889,2027-02-10,2028-02-10,0.0000000000,#N/A,#N/A,1000000.0000,0.8852419094,36561.8581890371,1.0000000000,36561.8581890371,USD
yieldCurve,USD-SOFR,2035-02-14,OIS,IR_SWAP/RATE/USD/SOFR/0D/1D/10Y,4,0,2029-02-14,Interest,41641.0093333333,USD,0.0407357700,1.0222222222,2028-02-10,2029-02-12,0.0000000000,#N/A,#N/A,1000000.0000,0.8513184627,35449.7600497563,1.0000000000,35449.7600497563,USD
yieldCurve,USD-SOFR,2035-02-14,OIS,IR_SWAP/RATE/USD/SOFR/0D/1D/10Y,5,0,2030-02-13,Interest,41188.3896666667,USD,0.0407357700,1.0111111111,2029-02-12,2030-02-11,0.0000000000,#N/A,#N/A,1000000.0000,0.8171022641,33655.1264522749,1.0000000000,33655.1264522749,USD
yieldCurve,USD-SOFR,2035-02-14,OIS,IR_SWAP/RATE/USD/SOFR/0D/1D/10Y,6,0,2031-02-12,Interest,41188.3896666667,USD,0.0407357700,1.0111111111,2030-02-11,2031-02-10,0.0000000000,#N/A,#N/A,1000000.0000,0.7863385834,32388.0199819876,1.0000000000,32388.0199819876,USD
yieldCurve,USD-SOFR,2035-02-14,OIS,IR_SWAP/RATE/USD/SOFR/0D/1D/10Y,7,0,2032-02-12,Interest,41301.5445833334,USD,0.0407357700,1.0138888889,2031-02-10,2032-02-10,0.0000000000,#N/A,#N/A,1000000.0000,0.7538644874,31135.7677356076,1.0000000000,31135.7677356076,USD
yieldCurve,USD-SOFR,2035-02-14,OIS,IR_SWAP/RATE/USD/SOFR/0D/1D/10Y,8,0,2033-02-14,Interest,41414.6995000000,USD,0.0407357700,1.0166666667,2032-02-10,2033-02-10,0.0000000000,#N/A,#N/A,1000000.0000,0.7232837134,29954.5776451916,1.0000000000,29954.5776451916,USD
yieldCurve,USD-SOFR,2035-02-14,OIS,IR_SWAP/RATE/USD/SOFR/0D/1D/10Y,9,0,2034-02-14,Interest,41301.5445833334,USD,0.0407357700,1.0138888889,2033-02-10,2034-02-10,0.0000000000,#N/A,#N/A,1000000.0000,0.6947724890,28695.1769312377,1.0000000000,28695.1769312377,USD
yieldCurve,USD-SOFR,2035-02-14,OIS,IR_SWAP/RATE/USD/SOFR/0D/1D/10Y,10,0,2035-02-14,Interest,41527.8544166666,USD,0.0407357700,1.0194444444,2034-02-10,2035-02-12,0.0000000000,#N/A,#N/A,1000000.0000,0.6665703823,27681.2377960581,1.0000000000,27681.2377960581,USD
yieldCurve,USD-SOFR,2035-02-14,OIS,IR_SWAP/RATE/USD/SOFR/0D/1D/10Y,1,1,2026-02-12,InterestProjected,-42637.2457409112,USD,0.0420531739,1.0138888889,2025-02-10,2026-02-10,0.0000000000,2026-02-09,0.0420531739,1000000.0000,0.9588921394,-40884.5197859683,1.0000000000,-40884.5197859683,USD
yieldCurve,USD-SOFR,2035-02-14,OIS,IR_SWAP/RATE/USD/SOFR/0D/1D/10Y,2,1,2027-02-12,InterestProjected,-40616.6776607255,USD,0.0400602848,1.0138888889,2026-02-10,2027-02-10,0.0000000000,2027-02-09,0.0400602848,1000000.0000,0.9214702759,-37427.0611689985,1.0000000000,-37427.0611689985,USD
yieldCurve,USD-SOFR,2035-02-14,OIS,IR_SWAP/RATE/USD/SOFR/0D/1D/10Y,3,1,2028-02-14,InterestProjected,-40696.5287203587,USD,0.0401390420,1.0138888889,2027-02-10,2028-02-10,0.0000000000,2028-02-09,0.0401390420,1000000.0000,0.8852419094,-36026.2727912667,1.0000000000,-36026.2727912667,USD
yieldCurve,USD-SOFR,2035-02-14,OIS,IR_SWAP/RATE/USD/SOFR/0D/1D/10Y,4,1,2029-02-14,InterestProjected,-40080.7039326165,USD,0.0392093843,1.0222222222,2028-02-10,2029-02-12,0.0000000000,2029-02-09,0.0392093843,1000000.0000,0.8513184627,-34121.4432547196,1.0000000000,-34121.4432547196,USD
yieldCurve,USD-SOFR,2035-02-14,OIS,IR_SWAP/RATE/USD/SOFR/0D/1D/10Y,5,1,2030-02-13,InterestProjected,-41862.6804249074,USD,0.0414026510,1.0111111111,2029-02-12,2030-02-11,0.0000000000,2030-02-08,0.0414026510,1000000.0000,0.8171022641,-34206.0909575116,1.0000000000,-34206.0909575116,USD
yieldCurve,USD-SOFR,2035-02-14,OIS,IR_SWAP/RATE/USD/SOFR/0D/1D/10Y,6,1,2031-02-12,InterestProjected,-39137.7931244894,USD,0.0387077075,1.0111111111,2030-02-11,2031-02-10,0.0000000000,2031-02-07,0.0387077075,1000000.0000,0.7863385834,-30775.5568019381,1.0000000000,-30775.5568019381,USD
yieldCurve,USD-SOFR,2035-02-14,OIS,IR_SWAP/RATE/USD/SOFR/0D/1D/10Y,7,1,2032-02-12,InterestProjected,-43055.7298887477,USD,0.0424659254,1.0138888889,2031-02-10,2032-02-10,0.0000000000,2032-02-09,0.0424659254,1000000.0000,0.7538644874,-32458.1857416557,1.0000000000,-32458.1857416557,USD
yieldCurve,USD-SOFR,2035-02-14,OIS,IR_SWAP/RATE/USD/SOFR/0D/1D/10Y,8,1,2033-02-14,InterestProjected,-42052.2072614975,USD,0.0413628268,1.0166666667,2032-02-10,2033-02-10,0.0000000000,2033-02-09,0.0413628268,1000000.0000,0.7232837134,-30415.6766262717,1.0000000000,-30415.6766262717,USD
yieldCurve,USD-SOFR,2035-02-14,OIS,IR_SWAP/RATE/USD/SOFR/0D/1D/10Y,9,1,2034-02-14,InterestProjected,-41046.5479597335,USD,0.0404842665,1.0138888889,2033-02-10,2034-02-10,0.0000000000,2034-02-09,0.0404842665,1000000.0000,0.6947724890,-28518.0122923632,1.0000000000,-28518.0122923632,USD
yieldCurve,USD-SOFR,2035-02-14,OIS,IR_SWAP/RATE/USD/SOFR/0D/1D/10Y,10,1,2035-02-14,InterestProjected,-42532.0089795549,USD,0.0417207718,1.0194444444,2034-02-10,2035-02-12,0.0000000000,2035-02-09,0.0417207718,1000000.0000,0.6665703823,-28350.5774869657,1.0000000000,-28350.5774869657,USD
yieldCurve,USD-SOFR,2037-02-12,OIS,IR_SWAP/RATE/USD/SOFR/0D/1D/12Y,1,0,2026-02-12,Interest,41548.3656944444,USD,0.0409792100,1.0138888889,2025-02-10,2026-02-10,0.0000000000,#N/A,#N/A,1000000.0000,0.9588921394,39840.4012686786,1.0000000000,39840.4012686786,USD
yieldCurve,USD-SOFR,2037-02-12,OIS,IR_SWAP/RATE/USD/SOFR/0D/1D/12Y,2,0,2027-02-12,Interest,41548.3656944444,USD,0.0409792100,1.0138888889,2026-02-10,2027-02-10,0.0000000000,#N/A,#N/A,1000000.0000,0.9214702759,38285.5839984553,1.0000000000,38285.5839984553,USD
yieldCurve,USD-SOFR,2037-02-12,OIS,IR_SWAP/RATE/USD/SOFR/0D/1D/12Y,3,0,2028-02-14,Interest,41548.3656944444,USD,0.0409792100,1.0138888889,2027-02-10,2028-02-10,0.0000000000,#N/A,#N/A,1000000.0000,0.8852419094,36780.3545807228,1.0000000000,36780.3545807228,USD
yieldCurve,USD-SOFR,2037-02-12,OIS,IR_SWAP/RATE/USD/SOFR/0D/1D/12Y,4,0,2029-02-14,Interest,41889.8591111112,USD,0.0409792100,1.0222222222,2028-02-10,2029-02-12,0.0000000000,#N/A,#N/A,1000000.0000,0.8513184627,35661.6104600104,1.0000000000,35661.6104600104,USD
yieldCurve,USD-SOFR,2037-02-12,OIS,IR_SWAP/RATE/USD/SOFR/0D/1D/12Y,5,0,2030-02-13,Interest,41434.5345555556,USD,0.0409792100,1.0111111111,2029-02-12,2030-02-11,0.0000000000,#N/A,#N/A,1000000.0000,0.8171022641,33856.2519982887,1.0000000000,33856.2519982887,USD
yieldCurve,USD-SOFR,2037-02-12,OIS,IR_SWAP/RATE/USD/SOFR/0D/1D/12Y,6,0,2031-02-12,Interest,41434.5345555556,USD,0.0409792100,1.0111111111,2030-02-11,2031-02-10,0.0000000000,#N/A,#N/A,1000000.0000,0.7863385834,32581.5732052215,1.0000000000,32581.5732052215,USD
yieldCurve,USD-SOFR,2037-02-12,OIS,IR_SWAP/RATE/USD/SOFR/0D/1D/12Y,7,0,2032-02-12,Interest,41548.3656944444,USD,0.0409792100,1.0138888889,2031-02-10,2032-02-10,0.0000000000,#N/A,#N/A,1000000.0000,0.7538644874,31321.8374060117,1.0000000000,31321.8374060117,USD
yieldCurve,USD-SOFR,2037-02-12,OIS,IR_SWAP/RATE/USD/SOFR/0D/1D/12Y,8,0,2033-02-14,Interest,41662.1968333333,USD,0.0409792100,1.0166666667,2032-02-10,2033-02-10,0.0000000000,#N/A,#N/A,1000000.0000,0.7232837134,30133.5884355103,1.0000000000,30133.5884355103,USD
yieldCurve,USD-SOFR,2037-02-12,OIS,IR_SWAP/RATE/USD/SOFR/0D/1D/12Y,9,0,2034-02-14,Interest,41548.3656944444,USD,0.0409792100,1.0138888889,2033-02-10,2034-02-10,0.0000000000,#N/A,#N/A,1000000.0000,0.6947724890,28866.6614489513,1.0000000000,28866.6614489513,USD
yieldCurve,USD-SOFR,2037-02-12,OIS,IR_SWAP/RATE/USD/SOFR/0D/1D/12Y,10,0,2035-02-14,Interest,41776.0279722221,USD,0.0409792100,1.0194444444,2034-02-10,2035-02-12,0.0000000000,#N/A,#N/A,1000000.0000,0.6665703823,27846.6629378701,1.0000000000,27846.6629378701,USD
yieldCurve,USD-SOFR,2037-02-12,OIS,IR_SWAP/RATE/USD/SOFR/0D/1D/12Y,11,0,2036-02-13,Interest,41434.5345555556,USD,0.0409792100,1.0111111111,2035-02-12,2036-02-11,0.0000000000,#N/A,#N/A,1000000.0000,0.6390746902,26479.7623360982,1.0000000000,26479.7623360982,USD
yieldCurve,USD-SOFR,2037-02-12,OIS,IR_SWAP/RATE/USD/SOFR/0D/1D/12Y,12,0,2037-02-12,Interest,41548.3656944444,USD,0.0409792100,1.0138888889,2036-02-11,2037-02-10,0.0000000000,#N/A,#N/A,1000000.0000,0.6126422786,25454.2854309032,1.0000000000,25454.2854309032,USD
yieldCurve,USD-SOFR,2037-02-12,OIS,IR_SWAP/RATE/USD/SOFR/0D/1D/12Y,1,1,2026-02-12,InterestProjected,-42637.2457409112,USD,0.0420531739,1.0138888889,2025-02-10,2026-02-10,0.0000000000,2026-02-09,0.0420531739,1000000.0000,0.9588921394,-40884.5197859683,1.0000000000,-40884.5197859683,USD
yieldCurve,USD-SOFR,2037-02-12,OIS,IR_SWAP/RATE/USD/SOFR/0D/1D/12Y,2,1,2027-02-12,InterestProjected,-40616.6776607255,USD,0.0400602848,1.0138888889,2026-02-10,2027-02-10,0.0000000000,2027-02-09,0.0400602848,1000000.0000,0.9214702759,-37427.0611689985,1.0000000000,-37427.0611689985,USD
yieldCurve,USD-SOFR,2037-02-12,OIS,IR_SWAP/RATE/USD/SOFR/0D/1D/12Y,3,1,2028-02-14,InterestProjected,-40696.5287203587,USD,0.0401390420,1.0138888889,2027-02-10,2028-02-10,0.0000000000,2028-02-09,0.0401390420,1000000.0000,0.8852419094,-36026.2727912667,1.0000000000,-36026.2727912667,USD
yieldCurve,USD-SOFR,2037-02-12,OIS,IR_SWAP/RATE/USD/SOFR/0D/1D/12Y,4,1,2029-02-14,InterestProjected,-40080.7039326165,USD,0.0392093843,1.0222222222,2028-02-10,2029-02-12,0.0000000000,2029-02-09,0.0392093843,1000000.0000,0.8513184627,-34121.4432547196,1.0000000000,-34121.4432547196,USD
yieldCurve,USD-SOFR,2037-02-12,OIS,IR_SWAP/RATE/USD/SOFR/0D/1D/12Y,5,1,2030-02-13,InterestProjected,-41862.6804249074,USD,0.0414026510,1.0111111111,2029-02-12,2030-02-11,0.0000000000,2030-02-08,0.0414026510,1000000.0000,0.8171022641,-34206.0909575116,1.0000000000,-34206.0909575116,USD
yieldCurve,USD-SOFR,2037-02-12,OIS,IR_SWAP/RATE/USD/SOFR/0D/1D/12Y,6,1,2031-02-12,InterestProjected,-39137.7931244894,USD,0.0387077075,1.0111111111,2030-02-11,2031-02-10,0.0000000000,2031-02-07,0.0387077075,1000000.0000,0.7863385834,-30775.5568019381,1.0000000000,-30775.5568019381,USD
yieldCurve,USD-SOFR,2037-02-12,OIS,IR_SWAP/RATE/USD/SOFR/0D/1D/12Y,7,1,2032-02-12,InterestProjected,-43055.7298887477,USD,0.0424659254,1.0138888889,2031-02-10,2032-02-10,0.0000000000,2032-02-09,0.0424659254,1000000.0000,0.7538644874,-32458.1857416557,1.0000000000,-32458.1857416557,USD
yieldCurve,USD-SOFR,2037-02-12,OIS,IR_SWAP/RATE/USD/SOFR/0D/1D/12Y,8,1,2033-02-14,InterestProjected,-42052.2072614975,USD,0.0413628268,1.0166666667,2032-02-10,2033-02-10,0.0000000000,2033-02-09,0.0413628268,1000000.0000,0.7232837134,-30415.6766262717,1.0000000000,-30415.6766262717,USD
yieldCurve,USD-SOFR,2037-02-12,OIS,IR_SWAP/RATE/USD/SOFR/0D/1D/12Y,9,1,2034-02-14,InterestProjected,-41046.5479597335,USD,0.0404842665,1.0138888889,2033-02-10,2034-02-10,0.0000000000,2034-02-09,0.0404842665,1000000.0000,0.6947724890,-28518.0122923632,1.0000000000,-28518.0122923632,USD
yieldCurve,USD-SOFR,2037-02-12,OIS,IR_SWAP/RATE/USD/SOFR/0D/1D/12Y,10,1,2035-02-14,InterestProjected,-42532.0089795549,USD,0.0417207718,1.0194444444,2034-02-10,2035-02-12,0.0000000000,2035-02-09,0.0417207718,1000000.0000,0.6665703823,-28350.5774869657,1.0000000000,-28350.5774869657,USD
yieldCurve,USD-SOFR,2037-02-12,OIS,IR_SWAP/RATE/USD/SOFR/0D/1D/12Y,11,1,2036-02-13,InterestProjected,-43019.6428974858,USD,0.0425468996,1.0111111111,2035-02-12,2036-02-11,0.0000000000,2036-02-08,0.0425468996,1000000.0000,0.6390746902,-27492.7649587053,1.0000000000,-27492.7649587053,USD
yieldCurve,USD-SOFR,2037-02-12,OIS,IR_SWAP/RATE/USD/SOFR/0D/1D/12Y,12,1,2037-02-12,InterestProjected,-43144.9355748192,USD,0.0425539091,1.0138888889,2036-02-11,2037-02-10,0.0000000000,2037-02-09,0.0425539091,1000000.0000,0.6126422786,-26432.4116403507,1.0000000000,-26432.4116403507,USD
yieldCurve,USD-SOFR,2040-02-14,OIS,IR_SWAP/RATE/USD/SOFR/0D/1D/15Y,1,0,2026-02-12,Interest,41946.9761111111,USD,0.0413723600,1.0138888889,2025-02-10,2026-02-10,0.0000000000,#N/A,#N/A,1000000.0000,0.9588921394,40222.6256638971,1.0000000000,40222.6256638971,USD
yieldCurve,USD-SOFR,2040-02-14,OIS,IR_SWAP/RATE/USD/SOFR/0D/1D/15Y,2,0,2027-02-12,Interest,41946.9761111111,USD,0.0413723600,1.0138888889,2026-02-10,2027-02-10,0.0000000000,#N/A,#N/A,1000000.0000,0.9214702759,38652.8916490662,1.0000000000,38652.8916490662,USD
yieldCurve,USD-SOFR,2040-02-14,OIS,IR_SWAP/RATE/USD/SOFR/0D/1D/15Y,3,0,2028-02-14,Interest,41946.9761111111,USD,0.0413723600,1.0138888889,2027-02-10,2028-02-10,0.0000000000,#N/A,#N/A,1000000.0000,0.8852419094,37133.2212270884,1.0000000000,37133.2212270884,USD
yieldCurve,USD-SOFR,2040-02-14,OIS,IR_SWAP/RATE/USD/SOFR/0D/1D/15Y,4,0,2029-02-14,Interest,42291.7457777778,USD,0.0413723600,1.0222222222,2028-02-10,2029-02-12,0.0000000000,#N/A,#N/A,1000000.0000,0.8513184627,36003.7439992454,1.0000000000,36003.7439992454,USD
yieldCurve,USD-SOFR,2040-02-14,OIS,IR_SWAP/RATE/USD/SOFR/0D/1D/15Y,5,0,2030-02-13,Interest,41832.0528888889,USD,0.0413723600,1.0111111111,2029-02-12,2030-02-11,0.0000000000,#N/A,#N/A,1000000.0000,0.8171022641,34181.0651284864,1.0000000000,34181.0651284864,USD
yieldCurve,USD-SOFR,2040-02-14,OIS,IR_SWAP/RATE/USD/SOFR/0D/1D/15Y,6,0,2031-02-12,Interest,41832.0528888889,USD,0.0413723600,1.0111111111,2030-02-11,2031-02-10,0.0000000000,#N/A,#N/A,1000000.0000,0.7863385834,32894.1572083205,1.0000000000,32894.1572083205,USD
yieldCurve,USD-SOFR,2040-02-14,OIS,IR_SWAP/RATE/USD/SOFR/0D/1D/15Y,7,0,2032-02-12,Interest,41946.9761111111,USD,0.0413723600,1.0138888889,2031-02-10,2032-02-10,0.0000000000,#N/A,#N/A,1000000.0000,0.7538644874,31622.3356434392,1.0000000000,31622.3356434392,USD
yieldCurve,USD-SOFR,2040-02-14,OIS,IR_SWAP/RATE/USD/SOFR/0D/1D/15Y,8,0,2033-02-14,Interest,42061.8993333333,USD,0.0413723600,1.0166666667,2032-02-10,2033-02-10,0.0000000000,#N/A,#N/A,1000000.0000,0.7232837134,30422.6867439799,1.0000000000,30422.6867439799,USD
yieldCurve,USD-SOFR,2040-02-14,OIS,IR_SWAP/RATE/USD/SOFR/0D/1D/15Y,9,0,2034-02-14,Interest,41946.9761111111,USD,0.0413723600,1.0138888889,2033-02-10,2034-02-10,0.0000000000,#N/A,#N/A,1000000.0000,0.6947724890,29143.6050002949,1.0000000000,29143.6050002949,USD
yieldCurve,USD-SOFR,2040-02-14,OIS,IR_SWAP/RATE/USD/SOFR/0D/1D/15Y,10,0,2035-02-14,Interest,42176.8225555557,USD,0.0413723600,1.0194444444,2034-02-10,2035-02-12,0.0000000000,#N/A,#N/A,1000000.0000,0.6665703823,28113.8207365204,1.0000000000,28113.8207365204,USD
yieldCurve,USD-SOFR,2040-02-14,OIS,IR_SWAP/RATE/USD/SOFR/0D/1D/15Y,11,0,2036-02-13,Interest,41832.0528888889,USD,0.0413723600,1.0111111111,2035-02-12,2036-02-11,0.0000000000,#N/A,#N/A,1000000.0000,0.6390746902,26733.8062418357,1.0000000000,26733.8062418357,USD
yieldCurve,USD-SOFR,2040-02-14,OIS,IR_SWAP/RATE/USD/SOFR/0D/1D/15Y,12,0,2037-02-12,Interest,41946.9761111111,USD,0.0413723600,1.0138888889,2036-02-11,2037-02-10,0.0000000000,#N/A,#N/A,1000000.0000,0.6126422786,25698.4910248412,1.0000000000,25698.4910248412,USD
yieldCurve,USD-SOFR,2040-02-14,OIS,IR_SWAP/RATE/USD/SOFR/0D/1D/15Y,13,0,2038-02-12,Interest,41946.9761111111,USD,0.0413723600,1.0138888889,2037-02-10,2038-02-10,0.0000000000,#N/A,#N/A,1000000.0000,0.5867372865,24611.8549382387,1.0000000000,24611.8549382387,USD
yieldCurve,USD-SOFR,2040-02-14,OIS,IR_SWAP/RATE/USD/SOFR/0D/1D/15Y,14,0,2039-02-14,Interest,41946.9761111111,USD,0.0413723600,1.0138888889,2038-02-10,2039-02-10,0.0000000000,#N/A,#N/A,1000000.0000,0.5617946502,23565.5867710734,1.0000000000,23565.5867710734,USD
yieldCurve,USD-SOFR,2040-02-14,OIS,IR_SWAP/RATE/USD/SOFR/0D/1D/15Y,15,0,2040-02-14,Interest,41946.9761111111,USD,0.0413723600,1.0138888889,2039-02-10,2040-02-10,0.0000000000,#N/A,#N/A,1000000.0000,0.5380397013,22569.1384985792,1.0000000000,22569.1384985792,USD
yieldCurve,USD-SOFR,2040-02-14,OIS,IR_SWAP/RATE/USD/SOFR/0D/1D/15Y,1,1,2026-02-12,InterestProjected,-42637.2457409112,USD,0.0420531739,1.0138888889,2025-02-10,2026-02-10,0.0000000000,2026-02-09,0.0420531739,1000000.0000,0.9588921394,-40884.5197859683,1.0000000000,-40884.5197859683,USD
yieldCurve,USD-SOFR,2040-02-14,OIS,IR_SWAP/RATE/USD/SOFR/0D/1D/15Y,2,1,2027-02-12,InterestProjected,-40616.6776607255,USD,0.0400602848,1.0138888889,2026-02-10,2027-02-10,0.0000000000,2027-02-09,0.0400602848,1000000.0000,0.9214702759,-37427.0611689985,1.0000000000,-37427.0611689985,USD
yieldCurve,USD-SOFR,2040-02-14,OIS,IR_SWAP/RATE/USD/SOFR/0D/1D/15Y,3,1,2028-02-14,InterestProjected,-40696.5287203587,USD,0.0401390420,1.0138888889,2027-02-10,2028-02-10,0.0000000000,2028-02-09,0.0401390420,1000000.0000,0.8852419094,-36026.2727912667,1.0000000000,-36026.2727912667,USD
yieldCurve,USD-SOFR,2040-02-14,OIS,IR_SWAP/RATE/USD/SOFR/0D/1D/15Y,4,1,2029-02-14,InterestProjected,-40080.7039326165,USD,0.0392093843,1.0222222222,2028-02-10,2029-02-12,0.0000000000,2029-02-09,0.0392093843,1000000.0000,0.8513184627,-34121.4432547196,1.0000000000,-34121.4432547196,USD
yieldCurve,USD-SOFR,2040-02-14,OIS,IR_SWAP/RATE/USD/SOFR/0D/1D/15Y,5,1,2030-02-13,InterestProjected,-41862.6804249074,USD,0.0414026510,1.0111111111,2029-02-12,2030-02-11,0.0000000000,2030-02-08,0.0414026510,1000000.0000,0.8171022641,-34206.0909575116,1.0000000000,-34206.0909575116,USD
yieldCurve,USD-SOFR,2040-02-14,OIS,IR_SWAP/RATE/USD/SOFR/0D/1D/15Y,6,1,2031-02-12,InterestProjected,-39137.7931244894,USD,0.0387077075,1.0111111111,2030-02-11,2031-02-10,0.0000000000,2031-02-07,0.0387077075,1000000.0000,0.7863385834,-30775.5568019381,1.0000000000,-30775.5568019381,USD
yieldCurve,USD-SOFR,2040-02-14,OIS,IR_SWAP/RATE/USD/SOFR/0D/1D/15Y,7,1,2032-02-12,InterestProjected,-43055.7298887477,USD,0.0424659254,1.0138888889,2031-02-10,2032-02-10,0.0000000000,2032-02-09,0.0424659254,1000000.0000,0.7538644874,-32458.1857416557,1.0000000000,-32458.1857416557,USD
yieldCurve,USD-SOFR,2040-02-14,OIS,IR_SWAP/RATE/USD/SOFR/0D/1D/15Y,8,1,2033-02-14,InterestProjected,-42052.2072614975,USD,0.0413628268,1.0166666667,2032-02-10,2033-02-10,0.0000000000,2033-02-09,0.0413628268,1000000.0000,0.7232837134,-30415.6766262717,1.0000000000,-30415.6766262717,USD
yieldCurve,USD-SOFR,2040-02-14,OIS,IR_SWAP/RATE/USD/SOFR/0D/1D/15Y,9,1,2034-02-14,InterestProjected,-41046.5479597335,USD,0.0404842665,1.0138888889,2033-02-10,2034-02-10,0.0000000000,2034-02-09,0.0404842665,1000000.0000,0.6947724890,-28518.0122923632,1.0000000000,-28518.0122923632,USD
yieldCurve,USD-SOFR,2040-02-14,OIS,IR_SWAP/RATE/USD/SOFR/0D/1D/15Y,10,1,2035-02-14,InterestProjected,-42532.0089795549,USD,0.0417207718,1.0194444444,2034-02-10,2035-02-12,0.0000000000,2035-02-09,0.0417207718,1000000.0000,0.6665703823,-28350.5774869657,1.0000000000,-28350.5774869657,USD
yieldCurve,USD-SOFR,2040-02-14,OIS,IR_SWAP/RATE/USD/SOFR/0D/1D/15Y,11,1,2036-02-13,InterestProjected,-43019.6428974858,USD,0.0425468996,1.0111111111,2035-02-12,2036-02-11,0.0000000000,2036-02-08,0.0425468996,1000000.0000,0.6390746902,-27492.7649587053,1.0000000000,-27492.7649587053,USD
yieldCurve,USD-SOFR,2040-02-14,OIS,IR_SWAP/RATE/USD/SOFR/0D/1D/15Y,12,1,2037-02-12,InterestProjected,-43144.9355748192,USD,0.0425539091,1.0138888889,2036-02-11,2037-02-10,0.0000000000,2037-02-09,0.0425539091,1000000.0000,0.6126422786,-26432.4116403507,1.0000000000,-26432.4116403507,USD
yieldCurve,USD-SOFR,2040-02-14,OIS,IR_SWAP/RATE/USD/SOFR/0D/1D/15Y,13,1,2038-02-12,InterestProjected,-44145.4070606155,USD,0.0435406755,1.0138888889,2037-02-10,2038-02-10,0.0000000000,2038-02-09,0.0435406755,1000000.0000,0.5867372865,-25901.7563479999,1.0000000000,-25901.7563479999,USD
yieldCurve,USD-SOFR,2040-02-14,OIS,IR_SWAP/RATE/USD/SOFR/0D/1D/15Y,14,1,2039-02-14,InterestProjected,-44150.9219572971,USD,0.0435461148,1.0138888889,2038-02-10,2039-02-10,0.0000000000,2039-02-09,0.0435461148,1000000.0000,0.5617946502,-24803.7517567799,1.0000000000,-24803.7517567799,USD
yieldCurve,USD-SOFR,2040-02-14,OIS,IR_SWAP/RATE/USD/SOFR/0D/1D/15Y,15,1,2040-02-14,InterestProjected,-44150.9219572975,USD,0.0435461148,1.0138888889,2039-02-10,2040-02-10,0.0000000000,2040-02-09,0.0435461148,1000000.0000,0.5380397013,-23754.9488634120,1.0000000000,-23754.9488634120,USD
yieldCurve,USD-SOFR,2045-02-14,OIS,IR_SWAP/RATE/USD/SOFR/0D/1D/20Y,1,0,2026-02-12,Interest,41766.7168055555,USD,0.0411945700,1.0138888889,2025-02-10,2026-02-10,0.0000000000,#N/A,#N/A,1000000.0000,0.9588921394,40049.7764327489,1.0000000000,40049.7764327489,USD
yieldCurve,USD-SOFR,2045-02-14,OIS,IR_SWAP/RATE/USD/SOFR/0D/1D/20Y,2,0,2027-02-12,Interest,41766.7168055555,USD,0.0411945700,1.0138888889,2026-02-10,2027-02-10,0.0000000000,#N/A,#N/A,1000000.0000,0.9214702759,38486.7880570476,1.0000000000,38486.7880570476,USD
yieldCurve,USD-SOFR,2045-02-14,OIS,IR_SWAP/RATE/USD/SOFR/0D/1D/20Y,3,0,2028-02-14,Interest,41766.7168055555,USD,0.0411945700,1.0138888889,2027-02-10,2028-02-10,0.0000000000,#N/A,#N/A,1000000.0000,0.8852419094,36973.6481352473,1.0000000000,36973.6481352473,USD
yieldCurve,USD-SOFR,2045-02-14,OIS,IR_SWAP/RATE/USD/SOFR/0D/1D/20Y,4,0,2029-02-14,Interest,42110.0048888889,USD,0.0411945700,1.0222222222,2028-02-10,2029-02-12,0.0000000000,#N/A,#N/A,1000000.0000,0.8513184627,35849.0246251119,1.0000000000,35849.0246251119,USD
yieldCurve,USD-SOFR,2045-02-14,OIS,IR_SWAP/RATE/USD/SOFR/0D/1D/20Y,5,0,2030-02-13,Interest,41652.2874444445,USD,0.0411945700,1.0111111111,2029-02-12,2030-02-11,0.0000000000,#N/A,#N/A,1000000.0000,0.8171022641,34034.1783768195,1.0000000000,34034.1783768195,USD
yieldCurve,USD-SOFR,2045-02-14,OIS,IR_SWAP/RATE/USD/SOFR/0D/1D/20Y,6,0,2031-02-12,Interest,41652.2874444445,USD,0.0411945700,1.0111111111,2030-02-11,2031-02-10,0.0000000000,#N/A,#N/A,1000000.0000,0.7863385834,32752.8007033963,1.0000000000,32752.8007033963,USD
yieldCurve,USD-SOFR,2045-02-14,OIS,IR_SWAP/RATE/USD/SOFR/0D/1D/20Y,7,0,2032-02-12,Interest,41766.7168055555,USD,0.0411945700,1.0138888889,2031-02-10,2032-02-10,0.0000000000,#N/A,#N/A,1000000.0000,0.7538644874,31486.4445544599,1.0000000000,31486.4445544599,USD
yieldCurve,USD-SOFR,2045-02-14,OIS,IR_SWAP/RATE/USD/SOFR/0D/1D/20Y,8,0,2033-02-14,Interest,41881.1461666666,USD,0.0411945700,1.0166666667,2032-02-10,2033-02-10,0.0000000000,#N/A,#N/A,1000000.0000,0.7232837134,30291.9509223780,1.0000000000,30291.9509223780,USD
yieldCurve,USD-SOFR,2045-02-14,OIS,IR_SWAP/RATE/USD/SOFR/0D/1D/20Y,9,0,2034-02-14,Interest,41766.7168055555,USD,0.0411945700,1.0138888889,2033-02-10,2034-02-10,0.0000000000,#N/A,#N/A,1000000.0000,0.6947724890,29018.3657939020,1.0000000000,29018.3657939020,USD
yieldCurve,USD-SOFR,2045-02-14,OIS,IR_SWAP/RATE/USD/SOFR/0D/1D/20Y,10,0,2035-02-14,Interest,41995.5755277779,USD,0.0411945700,1.0194444444,2034-02-10,2035-02-12,0.0000000000,#N/A,#N/A,1000000.0000,0.6665703823,27993.0068359176,1.0000000000,27993.0068359176,USD
yieldCurve,USD-SOFR,2045-02-14,OIS,IR_SWAP/RATE/USD/SOFR/0D/1D/20Y,11,0,2036-02-13,Interest,41652.2874444445,USD,0.0411945700,1.0111111111,2035-02-12,2036-02-11,0.0000000000,#N/A,#N/A,1000000.0000,0.6390746902,26618.9226961125,1.0000000000,26618.9226961125,USD
yieldCurve,USD-SOFR,2045-02-14,OIS,IR_SWAP/RATE/USD/SOFR/0D/1D/20Y,12,0,2037-02-12,Interest,41766.7168055555,USD,0.0411945700,1.0138888889,2036-02-11,2037-02-10,0.0000000000,#N/A,#N/A,1000000.0000,0.6126422786,25588.0565531479,1.0000000000,25588.0565531479,USD
yieldCurve,USD-SOFR,2045-02-14,OIS,IR_SWAP/RATE/USD/SOFR/0D/1D/20Y,13,0,2038-02-12,Interest,41766.7168055555,USD,0.0411945700,1.0138888889,2037-02-10,2038-02-10,0.0000000000,#N/A,#N/A,1000000.0000,0.5867372865,24506.0900824396,1.0000000000,24506.0900824396,USD
yieldCurve,USD-SOFR,2045-02-14,OIS,IR_SWAP/RATE/USD/SOFR/0D/1D/20Y,14,0,2039-02-14,Interest,41766.7168055555,USD,0.0411945700,1.0138888889,2038-02-10,2039-02-10,0.0000000000,#N/A,#N/A,1000000.0000,0.5617946502,23464.3180575645,1.0000000000,23464.3180575645,USD
yieldCurve,USD-SOFR,2045-02-14,OIS,IR_SWAP/RATE/USD/SOFR/0D/1D/20Y,15,0,2040-02-14,Interest,41766.7168055555,USD,0.0411945700,1.0138888889,2039-02-10,2040-02-10,0.0000000000,#N/A,#N/A,1000000.0000,0.5380397013,22472.1518356559,1.0000000000,22472.1518356559,USD
yieldCurve,USD-SOFR,2045-02-14,OIS,IR_SWAP/RATE/USD/SOFR/0D/1D/20Y,16,0,2041-02-13,Interest,41995.5755277779,USD,0.0411945700,1.0194444444,2040-02-10,2041-02-11,0.0000000000,#N/A,#N/A,1000000.0000,0.5168842226,21706.8504100564,1.0000000000,21706.8504100564,USD
yieldCurve,USD-SOFR,2045-02-14,OIS,IR_SWAP/RATE/USD/SOFR/0D/1D/20Y,17,0,2042-02-12,Interest,41652.2874444445,USD,0.0411945700,1.0111111111,2041-02-11,2042-02-10,0.0000000000,#N/A,#N/A,1000000.0000,0.4966151427,20685.1566740829,1.0000000000,20685.1566740829,USD
yieldCurve,USD-SOFR,2045-02-14,OIS,IR_SWAP/RATE/USD/SOFR/0D/1D/20Y,18,0,2043-02-12,Interest,41766.7168055555,USD,0.0411945700,1.0138888889,2042-02-10,2043-02-10,0.0000000000,#N/A,#N/A,1000000.0000,0.4770884590,19926.4185581738,1.0000000000,19926.4185581738,USD
yieldCurve,USD-SOFR,2045-02-14,OIS,IR_SWAP/RATE/USD/SOFR/0D/1D/20Y,19,0,2044-02-12,Interest,41766.7168055555,USD,0.0411945700,1.0138888889,2043-02-10,2044-02-10,0.0000000000,#N/A,#N/A,1000000.0000,0.4583295557,19142.9207556766,1.0000000000,19142.9207556766,USD
yieldCurve,USD-SOFR,2045-02-14,OIS,IR_SWAP/RATE/USD/SOFR/0D/1D/20Y,20,0,2045-02-14,Interest,41881.1461666666,USD,0.0411945700,1.0166666667,2044-02-10,2045-02-10,0.0000000000,#N/A,#N/A,1000000.0000,0.4401630985,18434.5350652933,1.0000000000,18434.5350652933,USD
yieldCurve,USD-SOFR,2045-02-14,OIS,IR_SWAP/RATE/USD/SOFR/0D/1D/20Y,1,1,2026-02-12,InterestProjected,-42637.2457409112,USD,0.0420531739,1.0138888889,2025-02-10,2026-02-10,0.0000000000,2026-02-09,0.0420531739,1000000.0000,0.9588921394,-40884.5197859683,1.0000000000,-40884.5197859683,USD
yieldCurve,USD-SOFR,2045-02-14,OIS,IR_SWAP/RATE/USD/SOFR/0D/1D/20Y,2,1,2027-02-12,InterestProjected,-40616.6776607255,USD,0.0400602848,1.0138888889,2026-02-10,2027-02-10,0.0000000000,2027-02-09,0.0400602848,1000000.0000,0.9214702759,-37427.0611689985,1.0000000000,-37427.0611689985,USD
yieldCurve,USD-SOFR,2045-02-14,OIS,IR_SWAP/RATE/USD/SOFR/0D/1D/20Y,3,1,2028-02-14,InterestProjected,-40696.5287203587,USD,0.0401390420,1.0138888889,2027-02-10,2028-02-10,0.0000000000,2028-02-09,0.0401390420,1000000.0000,0.8852419094,-36026.2727912667,1.0000000000,-36026.2727912667,USD
yieldCurve,USD-SOFR,2045-02-14,OIS,IR_SWAP/RATE/USD/SOFR/0D/1D/20Y,4,1,2029-02-14,InterestProjected,-40080.7039326165,USD,0.0392093843,1.0222222222,2028-02-10,2029-02-12,0.0000000000,2029-02-09,0.0392093843,1000000.0000,0.8513184627,-34121.4432547196,1.0000000000,-34121.4432547196,USD
yieldCurve,USD-SOFR,2045-02-14,OIS,IR_SWAP/RATE/USD/SOFR/0D/1D/20Y,5,1,2030-02-13,InterestProjected,-41862.6804249074,USD,0.0414026510,1.0111111111,2029-02-12,2030-02-11,0.0000000000,2030-02-08,0.0414026510,1000000.0000,0.8171022641,-34206.0909575116,1.0000000000,-34206.0909575116,USD
yieldCurve,USD-SOFR,2045-02-14,OIS,IR_SWAP/RATE/USD/SOFR/0D/1D/20Y,6,1,2031-02-12,InterestProjected,-39137.7931244894,USD,0.0387077075,1.0111111111,2030-02-11,2031-02-10,0.0000000000,2031-02-07,0.0387077075,1000000.0000,0.7863385834,-30775.5568019381,1.0000000000,-30775.5568019381,USD
yieldCurve,USD-SOFR,2045-02-14,OIS,IR_SWAP/RATE/USD/SOFR/0D/1D/20Y,7,1,2032-02-12,InterestProjected,-43055.7298887477,USD,0.0424659254,1.0138888889,2031-02-10,2032-02-10,0.0000000000,2032-02-09,0.0424659254,1000000.0000,0.7538644874,-32458.1857416557,1.0000000000,-32458.1857416557,USD
yieldCurve,USD-SOFR,2045-02-14,OIS,IR_SWAP/RATE/USD/SOFR/0D/1D/20Y,8,1,2033-02-14,InterestProjected,-42052.2072614975,USD,0.0413628268,1.0166666667,2032-02-10,2033-02-10,0.0000000000,2033-02-09,0.0413628268,1000000.0000,0.7232837134,-30415.6766262717,1.0000000000,-30415.6766262717,USD
yieldCurve,USD-SOFR,2045-02-14,OIS,IR_SWAP/RATE/USD/SOFR/0D/1D/20Y,9,1,2034-02-14,InterestProjected,-41046.5479597335,USD,0.0404842665,1.0138888889,2033-02-10,2034-02-10,0.0000000000,2034-02-09,0.0404842665,1000000.0000,0.6947724890,-28518.0122923632,1.0000000000,-28518.0122923632,USD
yieldCurve,USD-SOFR,2045-02-14,OIS,IR_SWAP/RATE/USD/SOFR/0D/1D/20Y,10,1,2035-02-14,InterestProjected,-42532.0089795549,USD,0.0417207718,1.0194444444,2034-02-10,2035-02-12,0.0000000000,2035-02-09,0.0417207718,1000000.0000,0.6665703823,-28350.5774869657,1.0000000000,-28350.5774869657,USD
yieldCurve,USD-SOFR,2045-02-14,OIS,IR_SWAP/RATE/USD/SOFR/0D/1D/20Y,11,1,2036-02-13,InterestProjected,-43019.6428974858,USD,0.0425468996,1.0111111111,2035-02-12,2036-02-11,0.0000000000,2036-02-08,0.0425468996,1000000.0000,0.6390746902,-27492.7649587053,1.0000000000,-27492.7649587053,USD
yieldCurve,USD-SOFR,2045-02-14,OIS,IR_SWAP/RATE/USD/SOFR/0D/1D/20Y,12,1,2037-02-12,InterestProjected,-43144.9355748192,USD,0.0425539091,1.0138888889,2036-02-11,2037-02-10,0.0000000000,2037-02-09,0.0425539091,1000000.0000,0.6126422786,-26432.4116403507,1.0000000000,-26432.4116403507,USD
yieldCurve,USD-SOFR,2045-02-14,OIS,IR_SWAP/RATE/USD/SOFR/0D/1D/20Y,13,1,2038-02-12,InterestProjected,-44145.4070606155,USD,0.0435406755,1.0138888889,2037-02-10,2038-02-10,0.0000000000,2038-02-09,0.0435406755,1000000.0000,0.5867372865,-25901.7563479999,1.0000000000,-25901.7563479999,USD
yieldCurve,USD-SOFR,2045-02-14,OIS,IR_SWAP/RATE/USD/SOFR/0D/1D/20Y,14,1,2039-02-14,InterestProjected,-44150.9219572971,USD,0.0435461148,1.0138888889,2038-02-10,2039-02-10,0.0000000000,2039-02-09,0.0435461148,1000000.0000,0.5617946502,-24803.7517567799,1.0000000000,-24803.7517567799,USD
yieldCurve,USD-SOFR,2045-02-14,OIS,IR_SWAP/RATE/USD/SOFR/0D/1D/20Y,15,1,2040-02-14,InterestProjected,-44150.9219572975,USD,0.0435461148,1.0138888889,2039-02-10,2040-02-10,0.0000000000,2040-02-09,0.0435461148,1000000.0000,0.5380397013,-23754.9488634120,1.0000000000,-23754.9488634120,USD
yieldCurve,USD-SOFR,2045-02-14,OIS,IR_SWAP/RATE/USD/SOFR/0D/1D/20Y,16,1,2041-02-13,InterestProjected,-41192.9388053152,USD,0.0404072424,1.0194444444,2040-02-10,2041-02-11,0.0000000000,2041-02-08,0.0404072424,1000000.0000,0.5168842226,-21291.9801517219,1.0000000000,-21291.9801517219,USD
yieldCurve,USD-SOFR,2045-02-14,OIS,IR_SWAP/RATE/USD/SOFR/0D/1D/20Y,17,1,2042-02-12,InterestProjected,-40814.4620409692,USD,0.0403659515,1.0111111111,2041-02-11,2042-02-10,0.0000000000,2042-02-07,0.0403659515,1000000.0000,0.4966151427,-20269.0798917566,1.0000000000,-20269.0798917566,USD
yieldCurve,USD-SOFR,2045-02-14,OIS,IR_SWAP/RATE/USD/SOFR/0D/1D/20Y,18,1,2043-02-12,InterestProjected,-40928.8536737444,USD,0.0403681844,1.0138888889,2042-02-10,2043-02-10,0.0000000000,2043-02-09,0.0403681844,1000000.0000,0.4770884590,-19526.6837277667,1.0000000000,-19526.6837277667,USD
yieldCurve,USD-SOFR,2045-02-14,OIS,IR_SWAP/RATE/USD/SOFR/0D/1D/20Y,19,1,2044-02-12,InterestProjected,-40928.8536737442,USD,0.0403681844,1.0138888889,2043-02-10,2044-02-10,0.0000000000,2044-02-09,0.0403681844,1000000.0000,0.4583295557,-18758.9033187534,1.0000000000,-18758.9033187534,USD
yieldCurve,USD-SOFR,2045-02-14,OIS,IR_SWAP/RATE/USD/SOFR/0D/1D/20Y,20,1,2045-02-14,InterestProjected,-41043.2578788329,USD,0.0403704176,1.0166666667,2044-02-10,2045-02-10,0.0000000000,2045-02-09,0.0403704176,1000000.0000,0.4401630985,-18065.7275603267,1.0000000000,-18065.7275603267,USD
yieldCurve,USD-SOFR,2050-02-14,OIS,IR_SWAP/RATE/USD/SOFR/0D/1D/25Y,1,0,2026-02-12,Interest,41051.4891666667,USD,0.0404891400,1.0138888889,2025-02-10,2026-02-10,0.0000000000,#N/A,#N/A,1000000.0000,0.9588921394,39363.9502719478,1.0000000000,39363.9502719478,USD
yieldCurve,USD-SOFR,2050-02-14,OIS,IR_SWAP/RATE/USD/SOFR/0D/1D/25Y,2,0,2027-02-12,Interest,41051.4891666667,USD,0.0404891400,1.0138888889,2026-02-10,2027-02-10,0.0000000000,#N/A,#N/A,1000000.0000,0.9214702759,37827.7270473300,1.0000000000,37827.7270473300,USD
yieldCurve,USD-SOFR,2050-02-14,OIS,IR_SWAP/RATE/USD/SOFR/0D/1D/25Y,3,0,2028-02-14,Interest,41051.4891666667,USD,0.0404891400,1.0138888889,2027-02-10,2028-02-10,0.0000000000,#N/A,#N/A,1000000.0000,0.8852419094,36340.4986545258,1.0000000000,36340.4986545258,USD
yieldCurve,USD-SOFR,2050-02-14,OIS,IR_SWAP/RATE/USD/SOFR/0D/1D/25Y,4,0,2029-02-14,Interest,41388.8986666666,USD,0.0404891400,1.0222222222,2028-02-10,2029-02-12,0.0000000000,#N/A,#N/A,1000000.0000,0.8513184627,35235.1335845865,1.0000000000,35235.1335845865,USD
yieldCurve,USD-SOFR,2050-02-14,OIS,IR_SWAP/RATE/USD/SOFR/0D/1D/25Y,5,0,2030-02-13,Interest,40939.0193333334,USD,0.0404891400,1.0111111111,2029-02-12,2030-02-11,0.0000000000,#N/A,#N/A,1000000.0000,0.8171022641,33451.3653883028,1.0000000000,33451.3653883028,USD
yieldCurve,USD-SOFR,2050-02-14,OIS,IR_SWAP/RATE/USD/SOFR/0D/1D/25Y,6,0,2031-02-12,Interest,40939.0193333334,USD,0.0404891400,1.0111111111,2030-02-11,2031-02-10,0.0000000000,#N/A,#N/A,1000000.0000,0.7863385834,32191.9304673386,1.0000000000,32191.9304673386,USD
yieldCurve,USD-SOFR,2050-02-14,OIS,IR_SWAP/RATE/USD/SOFR/0D/1D/25Y,7,0,2032-02-12,Interest,41051.4891666667,USD,0.0404891400,1.0138888889,2031-02-10,2032-02-10,0.0000000000,#N/A,#N/A,1000000.0000,0.7538644874,30947.2598371039,1.0000000000,30947.2598371039,USD
yieldCurve,USD-SOFR,2050-02-14,OIS,IR_SWAP/RATE/USD/SOFR/0D/1D/25Y,8,0,2033-02-14,Interest,41163.9589999999,USD,0.0404891400,1.0166666667,2032-02-10,2033-02-10,0.0000000000,#N/A,#N/A,1000000.0000,0.7232837134,29773.2211252427,1.0000000000,29773.2211252427,USD
yieldCurve,USD-SOFR,2050-02-14,OIS,IR_SWAP/RATE/USD/SOFR/0D/1D/25Y,9,0,2034-02-14,Interest,41051.4891666667,USD,0.0404891400,1.0138888889,2033-02-10,2034-02-10,0.0000000000,#N/A,#N/A,1000000.0000,0.6947724890,28521.4453070030,1.0000000000,28521.4453070030,USD
yieldCurve,USD-SOFR,2050-02-14,OIS,IR_SWAP/RATE/USD/SOFR/0D/1D/25Y,10,0,2035-02-14,Interest,41276.4288333334,USD,0.0404891400,1.0194444444,2034-02-10,2035-02-12,0.0000000000,#N/A,#N/A,1000000.0000,0.6665703823,27513.6449488469,1.0000000000,27513.6449488469,USD
yieldCurve,USD-SOFR,2050-02-14,OIS,IR_SWAP/RATE/USD/SOFR/0D/1D/25Y,11,0,2036-02-13,Interest,40939.0193333334,USD,0.0404891400,1.0111111111,2035-02-12,2036-02-11,0.0000000000,#N/A,#N/A,1000000.0000,0.6390746902,26163.0910989502,1.0000000000,26163.0910989502,USD
yieldCurve,USD-SOFR,2050-02-14,OIS,IR_SWAP/RATE/USD/SOFR/0D/1D/25Y,12,0,2037-02-12,Interest,41051.4891666667,USD,0.0404891400,1.0138888889,2036-02-11,2037-02-10,0.0000000000,#N/A,#N/A,1000000.0000,0.6126422786,25149.8778627456,1.0000000000,25149.8778627456,USD
yieldCurve,USD-SOFR,2050-02-14,OIS,IR_SWAP/RATE/USD/SOFR/0D/1D/25Y,13,0,2038-02-12,Interest,41051.4891666667,USD,0.0404891400,1.0138888889,2037-02-10,2038-02-10,0.0000000000,#N/A,#N/A,1000000.0000,0.5867372865,24086.4393584035,1.0000000000,24086.4393584035,USD
yieldCurve,USD-SOFR,2050-02-14,OIS,IR_SWAP/RATE/USD/SOFR/0D/1D/25Y,14,0,2039-02-14,Interest,41051.4891666667,USD,0.0404891400,1.0138888889,2038-02-10,2039-02-10,0.0000000000,#N/A,#N/A,1000000.0000,0.5617946502,23062.5069963652,1.0000000000,23062.5069963652,USD
yieldCurve,USD-SOFR,2050-02-14,OIS,IR_SWAP/RATE/USD/SOFR/0D/1D/25Y,15,0,2040-02-14,Interest,41051.4891666667,USD,0.0404891400,1.0138888889,2039-02-10,2040-02-10,0.0000000000,#N/A,#N/A,1000000.0000,0.5380397013,22087.3309704441,1.0000000000,22087.3309704441,USD
yieldCurve,USD-SOFR,2050-02-14,OIS,IR_SWAP/RATE/USD/SOFR/0D/1D/25Y,16,0,2041-02-13,Interest,41276.4288333334,USD,0.0404891400,1.0194444444,2040-02-10,2041-02-11,0.0000000000,#N/A,#N/A,1000000.0000,0.5168842226,21335.1348299504,1.0000000000,21335.1348299504,USD
yieldCurve,USD-SOFR,2050-02-14,OIS,IR_SWAP/RATE/USD/SOFR/0D/1D/25Y,17,0,2042-02-12,Interest,40939.0193333334,USD,0.0404891400,1.0111111111,2041-02-11,2042-02-10,0.0000000000,#N/A,#N/A,1000000.0000,0.4966151427,20330.9369292816,1.0000000000,20330.9369292816,USD
yieldCurve,USD-SOFR,2050-02-14,OIS,IR_SWAP/RATE/USD/SOFR/0D/1D/25Y,18,0,2043-02-12,Interest,41051.4891666667,USD,0.0404891400,1.0138888889,2042-02-10,2043-02-10,0.0000000000,#N/A,#N/A,1000000.0000,0.4770884590,19585.1917061034,1.0000000000,19585.1917061034,USD
yieldCurve,USD-SOFR,2050-02-14,OIS,IR_SWAP/RATE/USD/SOFR/0D/1D/25Y,19,0,2044-02-12,Interest,41051.4891666667,USD,0.0404891400,1.0138888889,2043-02-10,2044-02-10,0.0000000000,#N/A,#N/A,1000000.0000,0.4583295557,18815.1107897351,1.0000000000,18815.1107897351,USD
yieldCurve,USD-SOFR,2050-02-14,OIS,IR_SWAP/RATE/USD/SOFR/0D/1D/25Y,20,0,2045-02-14,Interest,41163.9589999999,USD,0.0404891400,1.0166666667,2044-02-10,2045-02-10,0.0000000000,#N/A,#N/A,1000000.0000,0.4401630985,18118.8557398116,1.0000000000,18118.8557398116,USD
yieldCurve,USD-SOFR,2050-02-14,OIS,IR_SWAP/RATE/USD/SOFR/0D/1D/25Y,21,0,2046-02-14,Interest,41276.4288333334,USD,0.0404891400,1.0194444444,2045-02-10,2046-02-12,0.0000000000,#N/A,#N/A,1000000.0000,0.4247834546,17533.5440350200,1.0000000000,17533.5440350200,USD
yieldCurve,USD-SOFR,2050-02-14,OIS,IR_SWAP/RATE/USD/SOFR/0D/1D/25Y,22,0,2047-02-13,Interest,40939.0193333334,USD,0.0404891400,1.0111111111,2046-02-12,2047-02-11,0.0000000000,#N/A,#N/A,1000000.0000,0.4099811345,16784.2255899350,1.0000000000,16784.2255899350,USD
yieldCurve,USD-SOFR,2050-02-14,OIS,IR_SWAP/RATE/USD/SOFR/0D/1D/25Y,23,0,2048-02-12,Interest,40939.0193333334,USD,0.0404891400,1.0111111111,2047-02-11,2048-02-10,0.0000000000,#N/A,#N/A,1000000.0000,0.3956946269,16199.3499822581,1.0000000000,16199.3499822581,USD
yieldCurve,USD-SOFR,2050-02-14,OIS,IR_SWAP/RATE/USD/SOFR/0D/1D/25Y,24,0,2049-02-12,Interest,41163.9589999999,USD,0.0404891400,1.0166666667,2048-02-10,2049-02-10,0.0000000000,#N/A,#N/A,1000000.0000,0.3818315386,15717.6978017662,1.0000000000,15717.6978017662,USD
yieldCurve,USD-SOFR,2050-02-14,OIS,IR_SWAP/RATE/USD/SOFR/0D/1D/25Y,25,0,2050-02-14,Interest,41051.4891666667,USD,0.0404891400,1.0138888889,2049-02-10,2050-02-10,0.0000000000,#N/A,#N/A,1000000.0000,0.3684182405,15124.1174069825,1.0000000000,15124.1174069825,USD
yieldCurve,USD-SOFR,2050-02-14,OIS,IR_SWAP/RATE/USD/SOFR/0D/1D/25Y,1,1,2026-02-12,InterestProjected,-42637.2457409112,USD,0.0420531739,1.0138888889,2025-02-10,2026-02-10,0.0000000000,2026-02-09,0.0420531739,1000000.0000,0.9588921394,-40884.5197859683,1.0000000000,-40884.5197859683,USD
yieldCurve,USD-SOFR,2050-02-14,OIS,IR_SWAP/RATE/USD/SOFR/0D/1D/25Y,2,1,2027-02-12,InterestProjected,-40616.6776607255,USD,0.0400602848,1.0138888889,2026-02-10,2027-02-10,0.0000000000,2027-02-09,0.0400602848,1000000.0000,0.9214702759,-37427.0611689985,1.0000000000,-37427.0611689985,USD
yieldCurve,USD-SOFR,2050-02-14,OIS,IR_SWAP/RATE/USD/SOFR/0D/1D/25Y,3,1,2028-02-14,InterestProjected,-40696.5287203587,USD,0.0401390420,1.0138888889,2027-02-10,2028-02-10,0.0000000000,2028-02-09,0.0401390420,1000000.0000,0.8852419094,-36026.2727912667,1.0000000000,-36026.2727912667,USD
yieldCurve,USD-SOFR,2050-02-14,OIS,IR_SWAP/RATE/USD/SOFR/0D/1D/25Y,4,1,2029-02-14,InterestProjected,-40080.7039326165,USD,0.0392093843,1.0222222222,2028-02-10,2029-02-12,0.0000000000,2029-02-09,0.0392093843,1000000.0000,0.8513184627,-34121.4432547196,1.0000000000,-34121.4432547196,USD
yieldCurve,USD-SOFR,2050-02-14,OIS,IR_SWAP/RATE/USD/SOFR/0D/1D/25Y,5,1,2030-02-13,InterestProjected,-41862.6804249074,USD,0.0414026510,1.0111111111,2029-02-12,2030-02-11,0.0000000000,2030-02-08,0.0414026510,1000000.0000,0.8171022641,-34206.0909575116,1.0000000000,-34206.0909575116,USD
yieldCurve,USD-SOFR,2050-02-14,OIS,IR_SWAP/RATE/USD/SOFR/0D/1D/25Y,6,1,2031-02-12,InterestProjected,-39137.7931244894,USD,0.0387077075,1.0111111111,2030-02-11,2031-02-10,0.0000000000,2031-02-07,0.0387077075,1000000.0000,0.7863385834,-30775.5568019381,1.0000000000,-30775.5568019381,USD
yieldCurve,USD-SOFR,2050-02-14,OIS,IR_SWAP/RATE/USD/SOFR/0D/1D/25Y,7,1,2032-02-12,InterestProjected,-43055.7298887477,USD,0.0424659254,1.0138888889,2031-02-10,2032-02-10,0.0000000000,2032-02-09,0.0424659254,1000000.0000,0.7538644874,-32458.1857416557,1.0000000000,-32458.1857416557,USD
yieldCurve,USD-SOFR,2050-02-14,OIS,IR_SWAP/RATE/USD/SOFR/0D/1D/25Y,8,1,2033-02-14,InterestProjected,-42052.2072614975,USD,0.0413628268,1.0166666667,2032-02-10,2033-02-10,0.0000000000,2033-02-09,0.0413628268,1000000.0000,0.7232837134,-30415.6766262717,1.0000000000,-30415.6766262717,USD
yieldCurve,USD-SOFR,2050-02-14,OIS,IR_SWAP/RATE/USD/SOFR/0D/1D/25Y,9,1,2034-02-14,InterestProjected,-41046.5479597335,USD,0.0404842665,1.0138888889,2033-02-10,2034-02-10,0.0000000000,2034-02-09,0.0404842665,1000000.0000,0.6947724890,-28518.0122923632,1.0000000000,-28518.0122923632,USD
yieldCurve,USD-SOFR,2050-02-14,OIS,IR_SWAP/RATE/USD/SOFR/0D/1D/25Y,10,1,2035-02-14,InterestProjected,-42532.0089795549,USD,0.0417207718,1.0194444444,2034-02-10,2035-02-12,0.0000000000,2035-02-09,0.0417207718,1000000.0000,0.6665703823,-28350.5774869657,1.0000000000,-28350.5774869657,USD
yieldCurve,USD-SOFR,2050-02-14,OIS,IR_SWAP/RATE/USD/SOFR/0D/1D/25Y,11,1,2036-02-13,InterestProjected,-43019.6428974858,USD,0.0425468996,1.0111111111,2035-02-12,2036-02-11,0.0000000000,2036-02-08,0.0425468996,1000000.0000,0.6390746902,-27492.7649587053,1.0000000000,-27492.7649587053,USD
yieldCurve,USD-SOFR,2050-02-14,OIS,IR_SWAP/RATE/USD/SOFR/0D/1D/25Y,12,1,2037-02-12,InterestProjected,-43144.9355748192,USD,0.0425539091,1.0138888889,2036-02-11,2037-02-10,0.0000000000,2037-02-09,0.0425539091,1000000.0000,0.6126422786,-26432.4116403507,1.0000000000,-26432.4116403507,USD
yieldCurve,USD-SOFR,2050-02-14,OIS,IR_SWAP/RATE/USD/SOFR/0D/1D/25Y,13,1,2038-02-12,InterestProjected,-44145.4070606155,USD,0.0435406755,1.0138888889,2037-02-10,2038-02-10,0.0000000000,2038-02-09,0.0435406755,1000000.0000,0.5867372865,-25901.7563479999,1.0000000000,-25901.7563479999,USD
yieldCurve,USD-SOFR,2050-02-14,OIS,IR_SWAP/RATE/USD/SOFR/0D/1D/25Y,14,1,2039-02-14,InterestProjected,-44150.9219572971,USD,0.0435461148,1.0138888889,2038-02-10,2039-02-10,0.0000000000,2039-02-09,0.0435461148,1000000.0000,0.5617946502,-24803.7517567799,1.0000000000,-24803.7517567799,USD
yieldCurve,USD-SOFR,2050-02-14,OIS,IR_SWAP/RATE/USD/SOFR/0D/1D/25Y,15,1,2040-02-14,InterestProjected,-44150.9219572975,USD,0.0435461148,1.0138888889,2039-02-10,2040-02-10,0.0000000000,2040-02-09,0.0435461148,1000000.0000,0.5380397013,-23754.9488634120,1.0000000000,-23754.9488634120,USD
yieldCurve,USD-SOFR,2050-02-14,OIS,IR_SWAP/RATE/USD/SOFR/0D/1D/25Y,16,1,2041-02-13,InterestProjected,-41192.9388053152,USD,0.0404072424,1.0194444444,2040-02-10,2041-02-11,0.0000000000,2041-02-08,0.0404072424,1000000.0000,0.5168842226,-21291.9801517219,1.0000000000,-21291.9801517219,USD
yieldCurve,USD-SOFR,2050-02-14,OIS,IR_SWAP/RATE/USD/SOFR/0D/1D/25Y,17,1,2042-02-12,InterestProjected,-40814.4620409692,USD,0.0403659515,1.0111111111,2041-02-11,2042-02-10,0.0000000000,2042-02-07,0.0403659515,1000000.0000,0.4966151427,-20269.0798917566,1.0000000000,-20269.0798917566,USD
yieldCurve,USD-SOFR,2050-02-14,OIS,IR_SWAP/RATE/USD/SOFR/0D/1D/25Y,18,1,2043-02-12,InterestProjected,-40928.8536737444,USD,0.0403681844,1.0138888889,2042-02-10,2043-02-10,0.0000000000,2043-02-09,0.0403681844,1000000.0000,0.4770884590,-19526.6837277667,1.0000000000,-19526.6837277667,USD
yieldCurve,USD-SOFR,2050-02-14,OIS,IR_SWAP/RATE/USD/SOFR/0D/1D/25Y,19,1,2044-02-12,InterestProjected,-40928.8536737442,USD,0.0403681844,1.0138888889,2043-02-10,2044-02-10,0.0000000000,2044-02-09,0.0403681844,1000000.0000,0.4583295557,-18758.9033187534,1.0000000000,-18758.9033187534,USD
yieldCurve,USD-SOFR,2050-02-14,OIS,IR_SWAP/RATE/USD/SOFR/0D/1D/25Y,20,1,2045-02-14,InterestProjected,-41043.2578788329,USD,0.0403704176,1.0166666667,2044-02-10,2045-02-10,0.0000000000,2045-02-09,0.0403704176,1000000.0000,0.4401630985,-18065.7275603267,1.0000000000,-18065.7275603267,USD
yieldCurve,USD-SOFR,2050-02-14,OIS,IR_SWAP/RATE/USD/SOFR/0D/1D/25Y,21,1,2046-02-14,InterestProjected,-36459.4543081453,USD,0.0357640424,1.0194444444,2045-02-10,2046-02-12,0.0000000000,2046-02-09,0.0357640424,1000000.0000,0.4247834546,-15487.3729552984,1.0000000000,-15487.3729552984,USD
yieldCurve,USD-SOFR,2050-02-14,OIS,IR_SWAP/RATE/USD/SOFR/0D/1D/25Y,22,1,2047-02-13,InterestProjected,-36104.8812648306,USD,0.0357081243,1.0111111111,2046-02-12,2047-02-11,0.0000000000,2047-02-08,0.0357081243,1000000.0000,0.4099811345,-14802.3201804769,1.0000000000,-14802.3201804769,USD
yieldCurve,USD-SOFR,2050-02-14,OIS,IR_SWAP/RATE/USD/SOFR/0D/1D/25Y,23,1,2048-02-12,InterestProjected,-36104.8812648308,USD,0.0357081243,1.0111111111,2047-02-11,2048-02-10,0.0000000000,2048-02-07,0.0357081243,1000000.0000,0.3956946269,-14286.5075226814,1.0000000000,-14286.5075226814,USD
yieldCurve,USD-SOFR,2050-02-14,OIS,IR_SWAP/RATE/USD/SOFR/0D/1D/25Y,24,1,2049-02-12,InterestProjected,-36306.8182868775,USD,0.0357116245,1.0166666667,2048-02-10,2049-02-10,0.0000000000,2049-02-09,0.0357116245,1000000.0000,0.3818315386,-13863.0882898504,1.0000000000,-13863.0882898504,USD
yieldCurve,USD-SOFR,2050-02-14,OIS,IR_SWAP/RATE/USD/SOFR/0D/1D/25Y,25,1,2050-02-14,InterestProjected,-36205.8448566385,USD,0.0357098744,1.0138888889,2049-02-10,2050-02-10,0.0000000000,2050-02-09,0.0357098744,1000000.0000,0.3684182405,-13338.8936563944,1.0000000000,-13338.8936563944,USD
yieldCurve,USD-SOFR,2055-02-12,OIS,IR_SWAP/RATE/USD/SOFR/0D/1D/30Y,1,0,2026-02-12,Interest,40252.6663888889,USD,0.0397012600,1.0138888889,2025-02-10,2026-02-10,0.0000000000,#N/A,#N/A,1000000.0000,0.9588921394,38597.9653895754,1.0000000000,38597.9653895754,USD
yieldCurve,USD-SOFR,2055-02-12,OIS,IR_SWAP/RATE/USD/SOFR/0D/1D/30Y,2,0,2027-02-12,Interest,40252.6663888889,USD,0.0397012600,1.0138888889,2026-02-10,2027-02-10,0.0000000000,#N/A,#N/A,1000000.0000,0.9214702759,37091.6356019190,1.0000000000,37091.6356019190,USD
yieldCurve,USD-SOFR,2055-02-12,OIS,IR_SWAP/RATE/USD/SOFR/0D/1D/30Y,3,0,2028-02-14,Interest,40252.6663888889,USD,0.0397012600,1.0138888889,2027-02-10,2028-02-10,0.0000000000,#N/A,#N/A,1000000.0000,0.8852419094,35633.3472534358,1.0000000000,35633.3472534358,USD
yieldCurve,USD-SOFR,2055-02-12,OIS,IR_SWAP/RATE/USD/SOFR/0D/1D/30Y,4,0,2029-02-14,Interest,40583.5102222223,USD,0.0397012600,1.0222222222,2028-02-10,2029-02-12,0.0000000000,#N/A,#N/A,1000000.0000,0.8513184627,34549.4915322085,1.0000000000,34549.4915322085,USD
yieldCurve,USD-SOFR,2055-02-12,OIS,IR_SWAP/RATE/USD/SOFR/0D/1D/30Y,5,0,2030-02-13,Interest,40142.3851111111,USD,0.0397012600,1.0111111111,2029-02-12,2030-02-11,0.0000000000,#N/A,#N/A,1000000.0000,0.8171022641,32800.4337616459,1.0000000000,32800.4337616459,USD
yieldCurve,USD-SOFR,2055-02-12,OIS,IR_SWAP/RATE/USD/SOFR/0D/1D/30Y,6,0,2031-02-12,Interest,40142.3851111111,USD,0.0397012600,1.0111111111,2030-02-11,2031-02-10,0.0000000000,#N/A,#N/A,1000000.0000,0.7863385834,31565.5062415682,1.0000000000,31565.5062415682,USD
yieldCurve,USD-SOFR,2055-02-12,OIS,IR_SWAP/RATE/USD/SOFR/0D/1D/30Y,7,0,2032-02-12,Interest,40252.6663888889,USD,0.0397012600,1.0138888889,2031-02-10,2032-02-10,0.0000000000,#N/A,#N/A,1000000.0000,0.7538644874,30345.0557132213,1.0000000000,30345.0557132213,USD
yieldCurve,USD-SOFR,2055-02-12,OIS,IR_SWAP/RATE/USD/SOFR/0D/1D/30Y,8,0,2033-02-14,Interest,40362.9476666667,USD,0.0397012600,1.0166666667,2032-02-10,2033-02-10,0.0000000000,#N/A,#N/A,1000000.0000,0.7232837134,29193.8626735653,1.0000000000,29193.8626735653,USD
yieldCurve,USD-SOFR,2055-02-12,OIS,IR_SWAP/RATE/USD/SOFR/0D/1D/30Y,9,0,2034-02-14,Interest,40252.6663888889,USD,0.0397012600,1.0138888889,2033-02-10,2034-02-10,0.0000000000,#N/A,#N/A,1000000.0000,0.6947724890,27966.4452173869,1.0000000000,27966.4452173869,USD
yieldCurve,USD-SOFR,2055-02-12,OIS,IR_SWAP/RATE/USD/SOFR/0D/1D/30Y,10,0,2035-02-14,Interest,40473.2289444445,USD,0.0397012600,1.0194444444,2034-02-10,2035-02-12,0.0000000000,#N/A,#N/A,1000000.0000,0.6665703823,26978.2556918191,1.0000000000,26978.2556918191,USD
yieldCurve,USD-SOFR,2055-02-12,OIS,IR_SWAP/RATE/USD/SOFR/0D/1D/30Y,11,0,2036-02-13,Interest,40142.3851111111,USD,0.0397012600,1.0111111111,2035-02-12,2036-02-11,0.0000000000,#N/A,#N/A,1000000.0000,0.6390746902,25653.9823301533,1.0000000000,25653.9823301533,USD
yieldCurve,USD-SOFR,2055-02-12,OIS,IR_SWAP/RATE/USD/SOFR/0D/1D/30Y,12,0,2037-02-12,Interest,40252.6663888889,USD,0.0397012600,1.0138888889,2036-02-11,2037-02-10,0.0000000000,#N/A,#N/A,1000000.0000,0.6126422786,24660.4852559750,1.0000000000,24660.4852559750,USD
yieldCurve,USD-SOFR,2055-02-12,OIS,IR_SWAP/RATE/USD/SOFR/0D/1D/30Y,13,0,2038-02-12,Interest,40252.6663888889,USD,0.0397012600,1.0138888889,2037-02-10,2038-02-10,0.0000000000,#N/A,#N/A,1000000.0000,0.5867372865,23617.7402494153,1.0000000000,23617.7402494153,USD
yieldCurve,USD-SOFR,2055-02-12,OIS,IR_SWAP/RATE/USD/SOFR/0D/1D/30Y,14,0,2039-02-14,Interest,40252.6663888889,USD,0.0397012600,1.0138888889,2038-02-10,2039-02-10,0.0000000000,#N/A,#N/A,1000000.0000,0.5617946502,22613.7326333559,1.0000000000,22613.7326333559,USD
yieldCurve,USD-SOFR,2055-02-12,OIS,IR_SWAP/RATE/USD/SOFR/0D/1D/30Y,15,0,2040-02-14,Interest,40252.6663888889,USD,0.0397012600,1.0138888889,2039-02-10,2040-02-10,0.0000000000,#N/A,#N/A,1000000.0000,0.5380397013,21657.5326016718,1.0000000000,21657.5326016718,USD
yieldCurve,USD-SOFR,2055-02-12,OIS,IR_SWAP/RATE/USD/SOFR/0D/1D/30Y,16,0,2041-02-13,Interest,40473.2289444445,USD,0.0397012600,1.0194444444,2040-02-10,2041-02-11,0.0000000000,#N/A,#N/A,1000000.0000,0.5168842226,20919.9734797755,1.0000000000,20919.9734797755,USD
yieldCurve,USD-SOFR,2055-02-12,OIS,IR_SWAP/RATE/USD/SOFR/0D/1D/30Y,17,0,2042-02-12,Interest,40142.3851111111,USD,0.0397012600,1.0111111111,2041-02-11,2042-02-10,0.0000000000,#N/A,#N/A,1000000.0000,0.4966151427,19935.3163113124,1.0000000000,19935.3163113124,USD
yieldCurve,USD-SOFR,2055-02-12,OIS,IR_SWAP/RATE/USD/SOFR/0D/1D/30Y,18,0,2043-02-12,Interest,40252.6663888889,USD,0.0397012600,1.0138888889,2042-02-10,2043-02-10,0.0000000000,#N/A,#N/A,1000000.0000,0.4770884590,19204.0825780408,1.0000000000,19204.0825780408,USD
yieldCurve,USD-SOFR,2055-02-12,OIS,IR_SWAP/RATE/USD/SOFR/0D/1D/30Y,19,0,2044-02-12,Interest,40252.6663888889,USD,0.0397012600,1.0138888889,2043-02-10,2044-02-10,0.0000000000,#N/A,#N/A,1000000.0000,0.4583295557,18448.9867009296,1.0000000000,18448.9867009296,USD
yieldCurve,USD-SOFR,2055-02-12,OIS,IR_SWAP/RATE/USD/SOFR/0D/1D/30Y,20,0,2045-02-14,Interest,40362.9476666667,USD,0.0397012600,1.0166666667,2044-02-10,2045-02-10,0.0000000000,#N/A,#N/A,1000000.0000,0.4401630985,17766.2801094010,1.0000000000,17766.2801094010,USD
yieldCurve,USD-SOFR,2055-02-12,OIS,IR_SWAP/RATE/USD/SOFR/0D/1D/30Y,21,0,2046-02-14,Interest,40473.2289444445,USD,0.0397012600,1.0194444444,2045-02-10,2046-02-12,0.0000000000,#N/A,#N/A,1000000.0000,0.4247834546,17192.3580114514,1.0000000000,17192.3580114514,USD
yieldCurve,USD-SOFR,2055-02-12,OIS,IR_SWAP/RATE/USD/SOFR/0D/1D/30Y,22,0,2047-02-13,Interest,40142.3851111111,USD,0.0397012600,1.0111111111,2046-02-12,2047-02-11,0.0000000000,#N/A,#N/A,1000000.0000,0.4099811345,16457.6205877591,1.0000000000,16457.6205877591,USD
yieldCurve,USD-SOFR,2055-02-12,OIS,IR_SWAP/RATE/USD/SOFR/0D/1D/30Y,23,0,2048-02-12,Interest,40142.3851111111,USD,0.0397012600,1.0111111111,2047-02-11,2048-02-10,0.0000000000,#N/A,#N/A,1000000.0000,0.3956946269,15884.1261008908,1.0000000000,15884.1261008908,USD
yieldCurve,USD-SOFR,2055-02-12,OIS,IR_SWAP/RATE/USD/SOFR/0D/1D/30Y,24,0,2049-02-12,Interest,40362.9476666667,USD,0.0397012600,1.0166666667,2048-02-10,2049-02-10,0.0000000000,#N/A,#N/A,1000000.0000,0.3818315386,15411.8464118860,1.0000000000,15411.8464118860,USD
yieldCurve,USD-SOFR,2055-02-12,OIS,IR_SWAP/RATE/USD/SOFR/0D/1D/30Y,25,0,2050-02-14,Interest,40252.6663888889,USD,0.0397012600,1.0138888889,2049-02-10,2050-02-10,0.0000000000,#N/A,#N/A,1000000.0000,0.3684182405,14829.8165247555,1.0000000000,14829.8165247555,USD
yieldCurve,USD-SOFR,2055-02-12,OIS,IR_SWAP/RATE/USD/SOFR/0D/1D/30Y,26,0,2051-02-14,Interest,40252.6663888889,USD,0.0397012600,1.0138888889,2050-02-10,2051-02-10,0.0000000000,#N/A,#N/A,1000000.0000,0.3566804460,14357.3389995867,1.0000000000,14357.3389995867,USD
yieldCurve,USD-SOFR,2055-02-12,OIS,IR_SWAP/RATE/USD/SOFR/0D/1D/30Y,27,0,2052-02-14,Interest,40473.2289444445,USD,0.0397012600,1.0194444444,2051-02-10,2052-02-12,0.0000000000,#N/A,#N/A,1000000.0000,0.3453166173,13976.0785102793,1.0000000000,13976.0785102793,USD
yieldCurve,USD-SOFR,2055-02-12,OIS,IR_SWAP/RATE/USD/SOFR/0D/1D/30Y,28,0,2053-02-12,Interest,40142.3851111111,USD,0.0397012600,1.0111111111,2052-02-12,2053-02-10,0.0000000000,#N/A,#N/A,1000000.0000,0.3343444977,13421.3855864064,1.0000000000,13421.3855864064,USD
yieldCurve,USD-SOFR,2055-02-12,OIS,IR_SWAP/RATE/USD/SOFR/0D/1D/30Y,29,0,2054-02-12,Interest,40252.6663888889,USD,0.0397012600,1.0138888889,2053-02-10,2054-02-10,0.0000000000,#N/A,#N/A,1000000.0000,0.3236922917,13029.4778296940,1.0000000000,13029.4778296940,USD
yieldCurve,USD-SOFR,2055-02-12,OIS,IR_SWAP/RATE/USD/SOFR/0D/1D/30Y,30,0,2055-02-12,Interest,40252.6663888889,USD,0.0397012600,1.0138888889,2054-02-10,2055-02-10,0.0000000000,#N/A,#N/A,1000000.0000,0.3133794646,12614.3590432317,1.0000000000,12614.3590432317,USD
yieldCurve,USD-SOFR,2055-02-12,OIS,IR_SWAP/RATE/USD/SOFR/0D/1D/30Y,1,1,2026-02-12,InterestProjected,-42637.2457409112,USD,0.0420531739,1.0138888889,2025-02-10,2026-02-10,0.0000000000,2026-02-09,0.0420531739,1000000.0000,0.9588921394,-40884.5197859683,1.0000000000,-40884.5197859683,USD
yieldCurve,USD-SOFR,2055-02-12,OIS,IR_SWAP/RATE/USD/SOFR/0D/1D/30Y,2,1,2027-02-12,InterestProjected,-40616.6776607255,USD,0.0400602848,1.0138888889,2026-02-10,2027-02-10,0.0000000000,2027-02-09,0.0400602848,1000000.0000,0.9214702759,-37427.0611689985,1.0000000000,-37427.0611689985,USD
yieldCurve,USD-SOFR,2055-02-12,OIS,IR_SWAP/RATE/USD/SOFR/0D/1D/30Y,3,1,2028-02-14,InterestProjected,-40696.5287203587,USD,0.0401390420,1.0138888889,2027-02-10,2028-02-10,0.0000000000,2028-02-09,0.0401390420,1000000.0000,0.8852419094,-36026.2727912667,1.0000000000,-36026.2727912667,USD
yieldCurve,USD-SOFR,2055-02-12,OIS,IR_SWAP/RATE/USD/SOFR/0D/1D/30Y,4,1,2029-02-14,InterestProjected,-40080.7039326165,USD,0.0392093843,1.0222222222,2028-02-10,2029-02-12,0.0000000000,2029-02-09,0.0392093843,1000000.0000,0.8513184627,-34121.4432547196,1.0000000000,-34121.4432547196,USD
yieldCurve,USD-SOFR,2055-02-12,OIS,IR_SWAP/RATE/USD/SOFR/0D/1D/30Y,5,1,2030-02-13,InterestProjected,-41862.6804249074,USD,0.0414026510,1.0111111111,2029-02-12,2030-02-11,0.0000000000,2030-02-08,0.0414026510,1000000.0000,0.8171022641,-34206.0909575116,1.0000000000,-34206.0909575116,USD
yieldCurve,USD-SOFR,2055-02-12,OIS,IR_SWAP/RATE/USD/SOFR/0D/1D/30Y,6,1,2031-02-12,InterestProjected,-39137.7931244894,USD,0.0387077075,1.0111111111,2030-02-11,2031-02-10,0.0000000000,2031-02-07,0.0387077075,1000000.0000,0.7863385834,-30775.5568019381,1.0000000000,-30775.5568019381,USD
yieldCurve,USD-SOFR,2055-02-12,OIS,IR_SWAP/RATE/USD/SOFR/0D/1D/30Y,7,1,2032-02-12,InterestProjected,-43055.7298887477,USD,0.0424659254,1.0138888889,2031-02-10,2032-02-10,0.0000000000,2032-02-09,0.0424659254,1000000.0000,0.7538644874,-32458.1857416557,1.0000000000,-32458.1857416557,USD
yieldCurve,USD-SOFR,2055-02-12,OIS,IR_SWAP/RATE/USD/SOFR/0D/1D/30Y,8,1,2033-02-14,InterestProjected,-42052.2072614975,USD,0.0413628268,1.0166666667,2032-02-10,2033-02-10,0.0000000000,2033-02-09,0.0413628268,1000000.0000,0.7232837134,-30415.6766262717,1.0000000000,-30415.6766262717,USD
yieldCurve,USD-SOFR,2055-02-12,OIS,IR_SWAP/RATE/USD/SOFR/0D/1D/30Y,9,1,2034-02-14,InterestProjected,-41046.5479597335,USD,0.0404842665,1.0138888889,2033-02-10,2034-02-10,0.0000000000,2034-02-09,0.0404842665,1000000.0000,0.6947724890,-28518.0122923632,1.0000000000,-28518.0122923632,USD
yieldCurve,USD-SOFR,2055-02-12,OIS,IR_SWAP/RATE/USD/SOFR/0D/1D/30Y,10,1,2035-02-14,InterestProjected,-42532.0089795549,USD,0.0417207718,1.0194444444,2034-02-10,2035-02-12,0.0000000000,2035-02-09,0.0417207718,1000000.0000,0.6665703823,-28350.5774869657,1.0000000000,-28350.5774869657,USD
yieldCurve,USD-SOFR,2055-02-12,OIS,IR_SWAP/RATE/USD/SOFR/0D/1D/30Y,11,1,2036-02-13,InterestProjected,-43019.6428974858,USD,0.0425468996,1.0111111111,2035-02-12,2036-02-11,0.0000000000,2036-02-08,0.0425468996,1000000.0000,0.6390746902,-27492.7649587053,1.0000000000,-27492.7649587053,USD
yieldCurve,USD-SOFR,2055-02-12,OIS,IR_SWAP/RATE/USD/SOFR/0D/1D/30Y,12,1,2037-02-12,InterestProjected,-43144.9355748192,USD,0.0425539091,1.0138888889,2036-02-11,2037-02-10,0.0000000000,2037-02-09,0.0425539091,1000000.0000,0.6126422786,-26432.4116403507,1.0000000000,-26432.4116403507,USD
yieldCurve,USD-SOFR,2055-02-12,OIS,IR_SWAP/RATE/USD/SOFR/0D/1D/30Y,13,1,2038-02-12,InterestProjected,-44145.4070606155,USD,0.0435406755,1.0138888889,2037-02-10,2038-02-10,0.0000000000,2038-02-09,0.0435406755,1000000.0000,0.5867372865,-25901.7563479999,1.0000000000,-25901.7563479999,USD
yieldCurve,USD-SOFR,2055-02-12,OIS,IR_SWAP/RATE/USD/SOFR/0D/1D/30Y,14,1,2039-02-14,InterestProjected,-44150.9219572971,USD,0.0435461148,1.0138888889,2038-02-10,2039-02-10,0.0000000000,2039-02-09,0.0435461148,1000000.0000,0.5617946502,-24803.7517567799,1.0000000000,-24803.7517567799,USD
yieldCurve,USD-SOFR,2055-02-12,OIS,IR_SWAP/RATE/USD/SOFR/0D/1D/30Y,15,1,2040-02-14,InterestProjected,-44150.9219572975,USD,0.0435461148,1.0138888889,2039-02-10,2040-02-10,0.0000000000,2040-02-09,0.0435461148,1000000.0000,0.5380397013,-23754.9488634120,1.0000000000,-23754.9488634120,USD
yieldCurve,USD-SOFR,2055-02-12,OIS,IR_SWAP/RATE/USD/SOFR/0D/1D/30Y,16,1,2041-02-13,InterestProjected,-41192.9388053152,USD,0.0404072424,1.0194444444,2040-02-10,2041-02-11,0.0000000000,2041-02-08,0.0404072424,1000000.0000,0.5168842226,-21291.9801517219,1.0000000000,-21291.9801517219,USD
yieldCurve,USD-SOFR,2055-02-12,OIS,IR_SWAP/RATE/USD/SOFR/0D/1D/30Y,17,1,2042-02-12,InterestProjected,-40814.4620409692,USD,0.0403659515,1.0111111111,2041-02-11,2042-02-10,0.0000000000,2042-02-07,0.0403659515,1000000.0000,0.4966151427,-20269.0798917566,1.0000000000,-20269.0798917566,USD
yieldCurve,USD-SOFR,2055-02-12,OIS,IR_SWAP/RATE/USD/SOFR/0D/1D/30Y,18,1,2043-02-12,InterestProjected,-40928.8536737444,USD,0.0403681844,1.0138888889,2042-02-10,2043-02-10,0.0000000000,2043-02-09,0.0403681844,1000000.0000,0.4770884590,-19526.6837277667,1.0000000000,-19526.6837277667,USD
yieldCurve,USD-SOFR,2055-02-12,OIS,IR_SWAP/RATE/USD/SOFR/0D/1D/30Y,19,1,2044-02-12,InterestProjected,-40928.8536737442,USD,0.0403681844,1.0138888889,2043-02-10,2044-02-10,0.0000000000,2044-02-09,0.0403681844,1000000.0000,0.4583295557,-18758.9033187534,1.0000000000,-18758.9033187534,USD
yieldCurve,USD-SOFR,2055-02-12,OIS,IR_SWAP/RATE/USD/SOFR/0D/1D/30Y,20,1,2045-02-14,InterestProjected,-41043.2578788329,USD,0.0403704176,1.0166666667,2044-02-10,2045-02-10,0.0000000000,2045-02-09,0.0403704176,1000000.0000,0.4401630985,-18065.7275603267,1.0000000000,-18065.7275603267,USD
yieldCurve,USD-SOFR,2055-02-12,OIS,IR_SWAP/RATE/USD/SOFR/0D/1D/30Y,21,1,2046-02-14,InterestProjected,-36459.4543081453,USD,0.0357640424,1.0194444444,2045-02-10,2046-02-12,0.0000000000,2046-02-09,0.0357640424,1000000.0000,0.4247834546,-15487.3729552984,1.0000000000,-15487.3729552984,USD
yieldCurve,USD-SOFR,2055-02-12,OIS,IR_SWAP/RATE/USD/SOFR/0D/1D/30Y,22,1,2047-02-13,InterestProjected,-36104.8812648306,USD,0.0357081243,1.0111111111,2046-02-12,2047-02-11,0.0000000000,2047-02-08,0.0357081243,1000000.0000,0.4099811345,-14802.3201804769,1.0000000000,-14802.3201804769,USD
yieldCurve,USD-SOFR,2055-02-12,OIS,IR_SWAP/RATE/USD/SOFR/0D/1D/30Y,23,1,2048-02-12,InterestProjected,-36104.8812648308,USD,0.0357081243,1.0111111111,2047-02-11,2048-02-10,0.0000000000,2048-02-07,0.0357081243,1000000.0000,0.3956946269,-14286.5075226814,1.0000000000,-14286.5075226814,USD
yieldCurve,USD-SOFR,2055-02-12,OIS,IR_SWAP/RATE/USD/SOFR/0D/1D/30Y,24,1,2049-02-12,InterestProjected,-36306.8182868775,USD,0.0357116245,1.0166666667,2048-02-10,2049-02-10,0.0000000000,2049-02-09,0.0357116245,1000000.0000,0.3818315386,-13863.0882898504,1.0000000000,-13863.0882898504,USD
yieldCurve,USD-SOFR,2055-02-12,OIS,IR_SWAP/RATE/USD/SOFR/0D/1D/30Y,25,1,2050-02-14,InterestProjected,-36205.8448566385,USD,0.0357098744,1.0138888889,2049-02-10,2050-02-10,0.0000000000,2050-02-09,0.0357098744,1000000.0000,0.3684182405,-13338.8936563944,1.0000000000,-13338.8936563944,USD
yieldCurve,USD-SOFR,2055-02-12,OIS,IR_SWAP/RATE/USD/SOFR/0D/1D/30Y,26,1,2051-02-14,InterestProjected,-32944.5118620919,USD,0.0324932172,1.0138888889,2050-02-10,2051-02-10,0.0000000000,2051-02-09,0.0324932172,1000000.0000,0.3566804460,-11750.6631836573,1.0000000000,-11750.6631836573,USD
yieldCurve,USD-SOFR,2055-02-12,OIS,IR_SWAP/RATE/USD/SOFR/0D/1D/30Y,27,1,2052-02-14,InterestProjected,-33091.7042086190,USD,0.0324605273,1.0194444444,2051-02-10,2052-02-12,0.0000000000,2052-02-09,0.0324605273,1000000.0000,0.3453166173,-11427.1153579922,1.0000000000,-11427.1153579922,USD
yieldCurve,USD-SOFR,2055-02-12,OIS,IR_SWAP/RATE/USD/SOFR/0D/1D/30Y,28,1,2053-02-12,InterestProjected,-32816.8092374832,USD,0.0324561850,1.0111111111,2052-02-12,2053-02-10,0.0000000000,2053-02-07,0.0324561850,1000000.0000,0.3343444977,-10972.1196005838,1.0000000000,-10972.1196005838,USD
yieldCurve,USD-SOFR,2055-02-12,OIS,IR_SWAP/RATE/USD/SOFR/0D/1D/30Y,29,1,2054-02-12,InterestProjected,-32908.4327661564,USD,0.0324576323,1.0138888889,2053-02-10,2054-02-10,0.0000000000,2054-02-09,0.0324576323,1000000.0000,0.3236922917,-10652.2060177104,1.0000000000,-10652.2060177104,USD
yieldCurve,USD-SOFR,2055-02-12,OIS,IR_SWAP/RATE/USD/SOFR/0D/1D/30Y,30,1,2055-02-12,InterestProjected,-32908.4327661564,USD,0.0324576323,1.0138888889,2054-02-10,2055-02-10,0.0000000000,2055-02-09,0.0324576323,1000000.0000,0.3133794646,-10312.8270423580,1.0000000000,-10312.8270423580,USD
yieldCurve,USD-SOFR,2065-02-12,OIS,IR_SWAP/RATE/USD/SOFR/0D/1D/40Y,1,0,2026-02-12,Interest,38226.0545833333,USD,0.0377024100,1.0138888889,2025-02-10,2026-02-10,0.0000000000,#N/A,#N/A,1000000.0000,0.9588921394,36654.6632596441,1.0000000000,36654.6632596441,USD
yieldCurve,USD-SOFR,2065-02-12,OIS,IR_SWAP/RATE/USD/SOFR/0D/1D/40Y,2,0,2027-02-12,Interest,38226.0545833333,USD,0.0377024100,1.0138888889,2026-02-10,2027-02-10,0.0000000000,#N/A,#N/A,1000000.0000,0.9214702759,35224.1730623699,1.0000000000,35224.1730623699,USD
yieldCurve,USD-SOFR,2065-02-12,OIS,IR_SWAP/RATE/USD/SOFR/0D/1D/40Y,3,0,2028-02-14,Interest,38226.0545833333,USD,0.0377024100,1.0138888889,2027-02-10,2028-02-10,0.0000000000,#N/A,#N/A,1000000.0000,0.8852419094,33839.3055490281,1.0000000000,33839.3055490281,USD
yieldCurve,USD-SOFR,2065-02-12,OIS,IR_SWAP/RATE/USD/SOFR/0D/1D/40Y,4,0,2029-02-14,Interest,38540.2413333333,USD,0.0377024100,1.0222222222,2028-02-10,2029-02-12,0.0000000000,#N/A,#N/A,1000000.0000,0.8513184627,32810.0190028944,1.0000000000,32810.0190028944,USD
yieldCurve,USD-SOFR,2065-02-12,OIS,IR_SWAP/RATE/USD/SOFR/0D/1D/40Y,5,0,2030-02-13,Interest,38121.3256666666,USD,0.0377024100,1.0111111111,2029-02-12,2030-02-11,0.0000000000,#N/A,#N/A,1000000.0000,0.8171022641,31149.0215136601,1.0000000000,31149.0215136601,USD
yieldCurve,USD-SOFR,2065-02-12,OIS,IR_SWAP/RATE/USD/SOFR/0D/1D/40Y,6,0,2031-02-12,Interest,38121.3256666666,USD,0.0377024100,1.0111111111,2030-02-11,2031-02-10,0.0000000000,#N/A,#N/A,1000000.0000,0.7863385834,29976.2692211068,1.0000000000,29976.2692211068,USD
yieldCurve,USD-SOFR,2065-02-12,OIS,IR_SWAP/RATE/USD/SOFR/0D/1D/40Y,7,0,2032-02-12,Interest,38226.0545833333,USD,0.0377024100,1.0138888889,2031-02-10,2032-02-10,0.0000000000,#N/A,#N/A,1000000.0000,0.7538644874,28817.2650432936,1.0000000000,28817.2650432936,USD
yieldCurve,USD-SOFR,2065-02-12,OIS,IR_SWAP/RATE/USD/SOFR/0D/1D/40Y,8,0,2033-02-14,Interest,38330.7835000000,USD,0.0377024100,1.0166666667,2032-02-10,2033-02-10,0.0000000000,#N/A,#N/A,1000000.0000,0.7232837134,27724.0314287872,1.0000000000,27724.0314287872,USD
yieldCurve,USD-SOFR,2065-02-12,OIS,IR_SWAP/RATE/USD/SOFR/0D/1D/40Y,9,0,2034-02-14,Interest,38226.0545833333,USD,0.0377024100,1.0138888889,2033-02-10,2034-02-10,0.0000000000,#N/A,#N/A,1000000.0000,0.6947724890,26558.4110889291,1.0000000000,26558.4110889291,USD
yieldCurve,USD-SOFR,2065-02-12,OIS,IR_SWAP/RATE/USD/SOFR/0D/1D/40Y,10,0,2035-02-14,Interest,38435.5124166667,USD,0.0377024100,1.0194444444,2034-02-10,2035-02-12,0.0000000000,#N/A,#N/A,1000000.0000,0.6665703823,25619.9742068084,1.0000000000,25619.9742068084,USD
yieldCurve,USD-SOFR,2065-02-12,OIS,IR_SWAP/RATE/USD/SOFR/0D/1D/40Y,11,0,2036-02-13,Interest,38121.3256666666,USD,0.0377024100,1.0111111111,2035-02-12,2036-02-11,0.0000000000,#N/A,#N/A,1000000.0000,0.6390746902,24362.3743917496,1.0000000000,24362.3743917496,USD
yieldCurve,USD-SOFR,2065-02-12,OIS,IR_SWAP/RATE/USD/SOFR/0D/1D/40Y,12,0,2037-02-12,Interest,38226.0545833333,USD,0.0377024100,1.0138888889,2036-02-11,2037-02-10,0.0000000000,#N/A,#N/A,1000000.0000,0.6126422786,23418.8971815938,1.0000000000,23418.8971815938,USD
yieldCurve,USD-SOFR,2065-02-12,OIS,IR_SWAP/RATE/USD/SOFR/0D/1D/40Y,13,0,2038-02-12,Interest,38226.0545833333,USD,0.0377024100,1.0138888889,2037-02-10,2038-02-10,0.0000000000,#N/A,#N/A,1000000.0000,0.5867372865,22428.6515379350,1.0000000000,22428.6515379350,USD
yieldCurve,USD-SOFR,2065-02-12,OIS,IR_SWAP/RATE/USD/SOFR/0D/1D/40Y,14,0,2039-02-14,Interest,38226.0545833333,USD,0.0377024100,1.0138888889,2038-02-10,2039-02-10,0.0000000000,#N/A,#N/A,1000000.0000,0.5617946502,21475.1929629730,1.0000000000,21475.1929629730,USD
yieldCurve,USD-SOFR,2065-02-12,OIS,IR_SWAP/RATE/USD/SOFR/0D/1D/40Y,15,0,2040-02-14,Interest,38226.0545833333,USD,0.0377024100,1.0138888889,2039-02-10,2040-02-10,0.0000000000,#N/A,#N/A,1000000.0000,0.5380397013,20567.1349910959,1.0000000000,20567.1349910959,USD
yieldCurve,USD-SOFR,2065-02-12,OIS,IR_SWAP/RATE/USD/SOFR/0D/1D/40Y,16,0,2041-02-13,Interest,38435.5124166667,USD,0.0377024100,1.0194444444,2040-02-10,2041-02-11,0.0000000000,#N/A,#N/A,1000000.0000,0.5168842226,19866.7099563999,1.0000000000,19866.7099563999,USD
yieldCurve,USD-SOFR,2065-02-12,OIS,IR_SWAP/RATE/USD/SOFR/0D/1D/40Y,17,0,2042-02-12,Interest,38121.3256666666,USD,0.0377024100,1.0111111111,2041-02-11,2042-02-10,0.0000000000,#N/A,#N/A,1000000.0000,0.4966151427,18931.6275868520,1.0000000000,18931.6275868520,USD
yieldCurve,USD-SOFR,2065-02-12,OIS,IR_SWAP/RATE/USD/SOFR/0D/1D/40Y,18,0,2043-02-12,Interest,38226.0545833333,USD,0.0377024100,1.0138888889,2042-02-10,2043-02-10,0.0000000000,#N/A,#N/A,1000000.0000,0.4770884590,18237.2094747409,1.0000000000,18237.2094747409,USD
yieldCurve,USD-SOFR,2065-02-12,OIS,IR_SWAP/RATE/USD/SOFR/0D/1D/40Y,19,0,2044-02-12,Interest,38226.0545833333,USD,0.0377024100,1.0138888889,2043-02-10,2044-02-10,0.0000000000,#N/A,#N/A,1000000.0000,0.4583295557,17520.1306125547,1.0000000000,17520.1306125547,USD
yieldCurve,USD-SOFR,2065-02-12,OIS,IR_SWAP/RATE/USD/SOFR/0D/1D/40Y,20,0,2045-02-14,Interest,38330.7835000000,USD,0.0377024100,1.0166666667,2044-02-10,2045-02-10,0.0000000000,#N/A,#N/A,1000000.0000,0.4401630985,16871.7964331480,1.0000000000,16871.7964331480,USD
yieldCurve,USD-SOFR,2065-02-12,OIS,IR_SWAP/RATE/USD/SOFR/0D/1D/40Y,21,0,2046-02-14,Interest,38435.5124166667,USD,0.0377024100,1.0194444444,2045-02-10,2046-02-12,0.0000000000,#N/A,#N/A,1000000.0000,0.4247834546,16326.7697452052,1.0000000000,16326.7697452052,USD
yieldCurve,USD-SOFR,2065-02-12,OIS,IR_SWAP/RATE/USD/SOFR/0D/1D/40Y,22,0,2047-02-13,Interest,38121.3256666666,USD,0.0377024100,1.0111111111,2046-02-12,2047-02-11,0.0000000000,#N/A,#N/A,1000000.0000,0.4099811345,15629.0243439159,1.0000000000,15629.0243439159,USD
yieldCurve,USD-SOFR,2065-02-12,OIS,IR_SWAP/RATE/USD/SOFR/0D/1D/40Y,23,0,2048-02-12,Interest,38121.3256666666,USD,0.0377024100,1.0111111111,2047-02-11,2048-02-10,0.0000000000,#N/A,#N/A,1000000.0000,0.3956946269,15084.4037380045,1.0000000000,15084.4037380045,USD
yieldCurve,USD-SOFR,2065-02-12,OIS,IR_SWAP/RATE/USD/SOFR/0D/1D/40Y,24,0,2049-02-12,Interest,38330.7835000000,USD,0.0377024100,1.0166666667,2048-02-10,2049-02-10,0.0000000000,#N/A,#N/A,1000000.0000,0.3818315386,14635.9020413446,1.0000000000,14635.9020413446,USD
yieldCurve,USD-SOFR,2065-02-12,OIS,IR_SWAP/RATE/USD/SOFR/0D/1D/40Y,25,0,2050-02-14,Interest,38226.0545833333,USD,0.0377024100,1.0138888889,2049-02-10,2050-02-10,0.0000000000,#N/A,#N/A,1000000.0000,0.3684182405,14083.1757692603,1.0000000000,14083.1757692603,USD
yieldCurve,USD-SOFR,2065-02-12,OIS,IR_SWAP/RATE/USD/SOFR/0D/1D/40Y,26,0,2051-02-14,Interest,38226.0545833333,USD,0.0377024100,1.0138888889,2050-02-10,2051-02-10,0.0000000000,#N/A,#N/A,1000000.0000,0.3566804460,13634.4861969470,1.0000000000,13634.4861969470,USD
yieldCurve,USD-SOFR,2065-02-12,OIS,IR_SWAP/RATE/USD/SOFR/0D/1D/40Y,27,0,2052-02-14,Interest,38435.5124166667,USD,0.0377024100,1.0194444444,2051-02-10,2052-02-12,0.0000000000,#N/A,#N/A,1000000.0000,0.3453166173,13272.4211318920,1.0000000000,13272.4211318920,USD
yieldCurve,USD-SOFR,2065-02-12,OIS,IR_SWAP/RATE/USD/SOFR/0D/1D/40Y,28,0,2053-02-12,Interest,38121.3256666666,USD,0.0377024100,1.0111111111,2052-02-12,2053-02-10,0.0000000000,#N/A,#N/A,1000000.0000,0.3343444977,12745.6554816342,1.0000000000,12745.6554816342,USD
yieldCurve,USD-SOFR,2065-02-12,OIS,IR_SWAP/RATE/USD/SOFR/0D/1D/40Y,29,0,2054-02-12,Interest,38226.0545833333,USD,0.0377024100,1.0138888889,2053-02-10,2054-02-10,0.0000000000,#N/A,#N/A,1000000.0000,0.3236922917,12373.4792100058,1.0000000000,12373.4792100058,USD
yieldCurve,USD-SOFR,2065-02-12,OIS,IR_SWAP/RATE/USD/SOFR/0D/1D/40Y,30,0,2055-02-12,Interest,38226.0545833333,USD,0.0377024100,1.0138888889,2054-02-10,2055-02-10,0.0000000000,#N/A,#N/A,1000000.0000,0.3133794646,11979.2605205761,1.0000000000,11979.2605205761,USD
yieldCurve,USD-SOFR,2065-02-12,OIS,IR_SWAP/RATE/USD/SOFR/0D/1D/40Y,31,0,2056-02-14,Interest,38226.0545833333,USD,0.0377024100,1.0138888889,2055-02-10,2056-02-10,0.0000000000,#N/A,#N/A,1000000.0000,0.3055173873,11678.7243227804,1.0000000000,11678.7243227804,USD
yieldCurve,USD-SOFR,2065-02-12,OIS,IR_SWAP/RATE/USD/SOFR/0D/1D/40Y,32,0,2057-02-14,Interest,38540.2413333333,USD,0.0377024100,1.0222222222,2056-02-10,2057-02-12,0.0000000000,#N/A,#N/A,1000000.0000,0.2978731757,11480.1040779075,1.0000000000,11480.1040779075,USD
yieldCurve,USD-SOFR,2065-02-12,OIS,IR_SWAP/RATE/USD/SOFR/0D/1D/40Y,33,0,2058-02-13,Interest,38121.3256666666,USD,0.0377024100,1.0111111111,2057-02-12,2058-02-11,0.0000000000,#N/A,#N/A,1000000.0000,0.2904604419,11072.7370995034,1.0000000000,11072.7370995034,USD
yieldCurve,USD-SOFR,2065-02-12,OIS,IR_SWAP/RATE/USD/SOFR/0D/1D/40Y,34,0,2059-02-12,Interest,38121.3256666666,USD,0.0377024100,1.0111111111,2058-02-11,2059-02-10,0.0000000000,#N/A,#N/A,1000000.0000,0.2832321780,10797.1860965630,1.0000000000,10797.1860965630,USD
yieldCurve,USD-SOFR,2065-02-12,OIS,IR_SWAP/RATE/USD/SOFR/0D/1D/40Y,35,0,2060-02-12,Interest,38226.0545833333,USD,0.0377024100,1.0138888889,2059-02-10,2060-02-10,0.0000000000,#N/A,#N/A,1000000.0000,0.2761646732,10556.6858727699,1.0000000000,10556.6858727699,USD
yieldCurve,USD-SOFR,2065-02-12,OIS,IR_SWAP/RATE/USD/SOFR/0D/1D/40Y,36,0,2061-02-14,Interest,38330.7835000000,USD,0.0377024100,1.0166666667,2060-02-10,2061-02-10,0.0000000000,#N/A,#N/A,1000000.0000,0.2692176031,10319.3216571414,1.0000000000,10319.3216571414,USD
yieldCurve,USD-SOFR,2065-02-12,OIS,IR_SWAP/RATE/USD/SOFR/0D/1D/40Y,37,0,2062-02-14,Interest,38226.0545833333,USD,0.0377024100,1.0138888889,2061-02-10,2062-02-10,0.0000000000,#N/A,#N/A,1000000.0000,0.2624998046,10034.3318581292,1.0000000000,10034.3318581292,USD
yieldCurve,USD-SOFR,2065-02-12,OIS,IR_SWAP/RATE/USD/SOFR/0D/1D/40Y,38,0,2063-02-14,Interest,38435.5124166667,USD,0.0377024100,1.0194444444,2062-02-10,2063-02-12,0.0000000000,#N/A,#N/A,1000000.0000,0.2559496356,9837.5553981564,1.0000000000,9837.5553981564,USD
yieldCurve,USD-SOFR,2065-02-12,OIS,IR_SWAP/RATE/USD/SOFR/0D/1D/40Y,39,0,2064-02-13,Interest,38121.3256666666,USD,0.0377024100,1.0111111111,2063-02-12,2064-02-11,0.0000000000,#N/A,#N/A,1000000.0000,0.2495801916,9514.3277652213,1.0000000000,9514.3277652213,USD
yieldCurve,USD-SOFR,2065-02-12,OIS,IR_SWAP/RATE/USD/SOFR/0D/1D/40Y,40,0,2065-02-12,Interest,38226.0545833333,USD,0.0377024100,1.0138888889,2064-02-11,2065-02-10,0.0000000000,#N/A,#N/A,1000000.0000,0.2433524063,9302.4023675933,1.0000000000,9302.4023675933,USD
yieldCurve,USD-SOFR,2065-02-12,OIS,IR_SWAP/RATE/USD/SOFR/0D/1D/40Y,1,1,2026-02-12,InterestProjected,-42637.2457409112,USD,0.0420531739,1.0138888889,2025-02-10,2026-02-10,0.0000000000,2026-02-09,0.0420531739,1000000.0000,0.9588921394,-40884.5197859683,1.0000000000,-40884.5197859683,USD
yieldCurve,USD-SOFR,2065-02-12,OIS,IR_SWAP/RATE/USD/SOFR/0D/1D/40Y,2,1,2027-02-12,InterestProjected,-40616.6776607255,USD,0.0400602848,1.0138888889,2026-02-10,2027-02-10,0.0000000000,2027-02-09,0.0400602848,1000000.0000,0.9214702759,-37427.0611689985,1.0000000000,-37427.0611689985,USD
yieldCurve,USD-SOFR,2065-02-12,OIS,IR_SWAP/RATE/USD/SOFR/0D/1D/40Y,3,1,2028-02-14,InterestProjected,-40696.5287203587,USD,0.0401390420,1.0138888889,2027-02-10,2028-02-10,0.0000000000,2028-02-09,0.0401390420,1000000.0000,0.8852419094,-36026.2727912667,1.0000000000,-36026.2727912667,USD
yieldCurve,USD-SOFR,2065-02-12,OIS,IR_SWAP/RATE/USD/SOFR/0D/1D/40Y,4,1,2029-02-14,InterestProjected,-40080.7039326165,USD,0.0392093843,1.0222222222,2028-02-10,2029-02-12,0.0000000000,2029-02-09,0.0392093843,1000000.0000,0.8513184627,-34121.4432547196,1.0000000000,-34121.4432547196,USD
yieldCurve,USD-SOFR,2065-02-12,OIS,IR_SWAP/RATE/USD/SOFR/0D/1D/40Y,5,1,2030-02-13,InterestProjected,-41862.6804249074,USD,0.0414026510,1.0111111111,2029-02-12,2030-02-11,0.0000000000,2030-02-08,0.0414026510,1000000.0000,0.8171022641,-34206.0909575116,1.0000000000,-34206.0909575116,USD
yieldCurve,USD-SOFR,2065-02-12,OIS,IR_SWAP/RATE/USD/SOFR/0D/1D/40Y,6,1,2031-02-12,InterestProjected,-39137.7931244894,USD,0.0387077075,1.0111111111,2030-02-11,2031-02-10,0.0000000000,2031-02-07,0.0387077075,1000000.0000,0.7863385834,-30775.5568019381,1.0000000000,-30775.5568019381,USD
yieldCurve,USD-SOFR,2065-02-12,OIS,IR_SWAP/RATE/USD/SOFR/0D/1D/40Y,7,1,2032-02-12,InterestProjected,-43055.7298887477,USD,0.0424659254,1.0138888889,2031-02-10,2032-02-10,0.0000000000,2032-02-09,0.0424659254,1000000.0000,0.7538644874,-32458.1857416557,1.0000000000,-32458.1857416557,USD
yieldCurve,USD-SOFR,2065-02-12,OIS,IR_SWAP/RATE/USD/SOFR/0D/1D/40Y,8,1,2033-02-14,InterestProjected,-42052.2072614975,USD,0.0413628268,1.0166666667,2032-02-10,2033-02-10,0.0000000000,2033-02-09,0.0413628268,1000000.0000,0.7232837134,-30415.6766262717,1.0000000000,-30415.6766262717,USD
yieldCurve,USD-SOFR,2065-02-12,OIS,IR_SWAP/RATE/USD/SOFR/0D/1D/40Y,9,1,2034-02-14,InterestProjected,-41046.5479597335,USD,0.0404842665,1.0138888889,2033-02-10,2034-02-10,0.0000000000,2034-02-09,0.0404842665,1000000.0000,0.6947724890,-28518.0122923632,1.0000000000,-28518.0122923632,USD
yieldCurve,USD-SOFR,2065-02-12,OIS,IR_SWAP/RATE/USD/SOFR/0D/1D/40Y,10,1,2035-02-14,InterestProjected,-42532.0089795549,USD,0.0417207718,1.0194444444,2034-02-10,2035-02-12,0.0000000000,2035-02-09,0.0417207718,1000000.0000,0.6665703823,-28350.5774869657,1.0000000000,-28350.5774869657,USD
yieldCurve,USD-SOFR,2065-02-12,OIS,IR_SWAP/RATE/USD/SOFR/0D/1D/40Y,11,1,2036-02-13,InterestProjected,-43019.6428974858,USD,0.0425468996,1.0111111111,2035-02-12,2036-02-11,0.0000000000,2036-02-08,0.0425468996,1000000.0000,0.6390746902,-27492.7649587053,1.0000000000,-27492.7649587053,USD
yieldCurve,USD-SOFR,2065-02-12,OIS,IR_SWAP/RATE/USD/SOFR/0D/1D/40Y,12,1,2037-02-12,InterestProjected,-43144.9355748192,USD,0.0425539091,1.0138888889,2036-02-11,2037-02-10,0.0000000000,2037-02-09,0.0425539091,1000000.0000,0.6126422786,-26432.4116403507,1.0000000000,-26432.4116403507,USD
yieldCurve,USD-SOFR,2065-02-12,OIS,IR_SWAP/RATE/USD/SOFR/0D/1D/40Y,13,1,2038-02-12,InterestProjected,-44145.4070606155,USD,0.0435406755,1.0138888889,2037-02-10,2038-02-10,0.0000000000,2038-02-09,0.0435406755,1000000.0000,0.5867372865,-25901.7563479999,1.0000000000,-25901.7563479999,USD
yieldCurve,USD-SOFR,2065-02-12,OIS,IR_SWAP/RATE/USD/SOFR/0D/1D/40Y,14,1,2039-02-14,InterestProjected,-44150.9219572971,USD,0.0435461148,1.0138888889,2038-02-10,2039-02-10,0.0000000000,2039-02-09,0.0435461148,1000000.0000,0.5617946502,-24803.7517567799,1.0000000000,-24803.7517567799,USD
yieldCurve,USD-SOFR,2065-02-12,OIS,IR_SWAP/RATE/USD/SOFR/0D/1D/40Y,15,1,2040-02-14,InterestProjected,-44150.9219572975,USD,0.0435461148,1.0138888889,2039-02-10,2040-02-10,0.0000000000,2040-02-09,0.0435461148,1000000.0000,0.5380397013,-23754.9488634120,1.0000000000,-23754.9488634120,USD
yieldCurve,USD-SOFR,2065-02-12,OIS,IR_SWAP/RATE/USD/SOFR/0D/1D/40Y,16,1,2041-02-13,InterestProjected,-41192.9388053152,USD,0.0404072424,1.0194444444,2040-02-10,2041-02-11,0.0000000000,2041-02-08,0.0404072424,1000000.0000,0.5168842226,-21291.9801517219,1.0000000000,-21291.9801517219,USD
yieldCurve,USD-SOFR,2065-02-12,OIS,IR_SWAP/RATE/USD/SOFR/0D/1D/40Y,17,1,2042-02-12,InterestProjected,-40814.4620409692,USD,0.0403659515,1.0111111111,2041-02-11,2042-02-10,0.0000000000,2042-02-07,0.0403659515,1000000.0000,0.4966151427,-20269.0798917566,1.0000000000,-20269.0798917566,USD
yieldCurve,USD-SOFR,2065-02-12,OIS,IR_SWAP/RATE/USD/SOFR/0D/1D/40Y,18,1,2043-02-12,InterestProjected,-40928.8536737444,USD,0.0403681844,1.0138888889,2042-02-10,2043-02-10,0.0000000000,2043-02-09,0.0403681844,1000000.0000,0.4770884590,-19526.6837277667,1.0000000000,-19526.6837277667,USD
yieldCurve,USD-SOFR,2065-02-12,OIS,IR_SWAP/RATE/USD/SOFR/0D/1D/40Y,19,1,2044-02-12,InterestProjected,-40928.8536737442,USD,0.0403681844,1.0138888889,2043-02-10,2044-02-10,0.0000000000,2044-02-09,0.0403681844,1000000.0000,0.4583295557,-18758.9033187534,1.0000000000,-18758.9033187534,USD
yieldCurve,USD-SOFR,2065-02-12,OIS,IR_SWAP/RATE/USD/SOFR/0D/1D/40Y,20,1,2045-02-14,InterestProjected,-41043.2578788329,USD,0.0403704176,1.0166666667,2044-02-10,2045-02-10,0.0000000000,2045-02-09,0.0403704176,1000000.0000,0.4401630985,-18065.7275603267,1.0000000000,-18065.7275603267,USD
yieldCurve,USD-SOFR,2065-02-12,OIS,IR_SWAP/RATE/USD/SOFR/0D/1D/40Y,21,1,2046-02-14,InterestProjected,-36459.4543081453,USD,0.0357640424,1.0194444444,2045-02-10,2046-02-12,0.0000000000,2046-02-09,0.0357640424,1000000.0000,0.4247834546,-15487.3729552984,1.0000000000,-15487.3729552984,USD
yieldCurve,USD-SOFR,2065-02-12,OIS,IR_SWAP/RATE/USD/SOFR/0D/1D/40Y,22,1,2047-02-13,InterestProjected,-36104.8812648306,USD,0.0357081243,1.0111111111,2046-02-12,2047-02-11,0.0000000000,2047-02-08,0.0357081243,1000000.0000,0.4099811345,-14802.3201804769,1.0000000000,-14802.3201804769,USD
yieldCurve,USD-SOFR,2065-02-12,OIS,IR_SWAP/RATE/USD/SOFR/0D/1D/40Y,23,1,2048-02-12,InterestProjected,-36104.8812648308,USD,0.0357081243,1.0111111111,2047-02-11,2048-02-10,0.0000000000,2048-02-07,0.0357081243,1000000.0000,0.3956946269,-14286.5075226814,1.0000000000,-14286.5075226814,USD
yieldCurve,USD-SOFR,2065-02-12,OIS,IR_SWAP/RATE/USD/SOFR/0D/1D/40Y,24,1,2049-02-12,InterestProjected,-36306.8182868775,USD,0.0357116245,1.0166666667,2048-02-10,2049-02-10,0.0000000000,2049-02-09,0.0357116245,1000000.0000,0.3818315386,-13863.0882898504,1.0000000000,-13863.0882898504,USD
yieldCurve,USD-SOFR,2065-02-12,OIS,IR_SWAP/RATE/USD/SOFR/0D/1D/40Y,25,1,2050-02-14,InterestProjected,-36205.8448566385,USD,0.0357098744,1.0138888889,2049-02-10,2050-02-10,0.0000000000,2050-02-09,0.0357098744,1000000.0000,0.3684182405,-13338.8936563944,1.0000000000,-13338.8936563944,USD
yieldCurve,USD-SOFR,2065-02-12,OIS,IR_SWAP/RATE/USD/SOFR/0D/1D/40Y,26,1,2051-02-14,InterestProjected,-32944.5118620919,USD,0.0324932172,1.0138888889,2050-02-10,2051-02-10,0.0000000000,2051-02-09,0.0324932172,1000000.0000,0.3566804460,-11750.6631836573,1.0000000000,-11750.6631836573,USD
yieldCurve,USD-SOFR,2065-02-12,OIS,IR_SWAP/RATE/USD/SOFR/0D/1D/40Y,27,1,2052-02-14,InterestProjected,-33091.7042086190,USD,0.0324605273,1.0194444444,2051-02-10,2052-02-12,0.0000000000,2052-02-09,0.0324605273,1000000.0000,0.3453166173,-11427.1153579922,1.0000000000,-11427.1153579922,USD
yieldCurve,USD-SOFR,2065-02-12,OIS,IR_SWAP/RATE/USD/SOFR/0D/1D/40Y,28,1,2053-02-12,InterestProjected,-32816.8092374832,USD,0.0324561850,1.0111111111,2052-02-12,2053-02-10,0.0000000000,2053-02-07,0.0324561850,1000000.0000,0.3343444977,-10972.1196005838,1.0000000000,-10972.1196005838,USD
yieldCurve,USD-SOFR,2065-02-12,OIS,IR_SWAP/RATE/USD/SOFR/0D/1D/40Y,29,1,2054-02-12,InterestProjected,-32908.4327661564,USD,0.0324576323,1.0138888889,2053-02-10,2054-02-10,0.0000000000,2054-02-09,0.0324576323,1000000.0000,0.3236922917,-10652.2060177104,1.0000000000,-10652.2060177104,USD
yieldCurve,USD-SOFR,2065-02-12,OIS,IR_SWAP/RATE/USD/SOFR/0D/1D/40Y,30,1,2055-02-12,InterestProjected,-32908.4327661564,USD,0.0324576323,1.0138888889,2054-02-10,2055-02-10,0.0000000000,2055-02-09,0.0324576323,1000000.0000,0.3133794646,-10312.8270423580,1.0000000000,-10312.8270423580,USD
yieldCurve,USD-SOFR,2065-02-12,OIS,IR_SWAP/RATE/USD/SOFR/0D/1D/40Y,31,1,2056-02-14,InterestProjected,-25631.5827800253,USD,0.0252804652,1.0138888889,2055-02-10,2056-02-10,0.0000000000,2056-02-09,0.0252804652,1000000.0000,0.3055173873,-7830.8942031113,1.0000000000,-7830.8942031113,USD
yieldCurve,USD-SOFR,2065-02-12,OIS,IR_SWAP/RATE/USD/SOFR/0D/1D/40Y,32,1,2057-02-14,InterestProjected,-25804.6654154720,USD,0.0252436944,1.0222222222,2056-02-10,2057-02-12,0.0000000000,2057-02-09,0.0252436944,1000000.0000,0.2978731757,-7686.5176349838,1.0000000000,-7686.5176349838,USD
yieldCurve,USD-SOFR,2065-02-12,OIS,IR_SWAP/RATE/USD/SOFR/0D/1D/40Y,33,1,2058-02-13,InterestProjected,-25520.6310677654,USD,0.0252401846,1.0111111111,2057-02-12,2058-02-11,0.0000000000,2058-02-08,0.0252401846,1000000.0000,0.2904604419,-7412.7337778779,1.0000000000,-7412.7337778779,USD
yieldCurve,USD-SOFR,2065-02-12,OIS,IR_SWAP/RATE/USD/SOFR/0D/1D/40Y,34,1,2059-02-12,InterestProjected,-25520.6310677656,USD,0.0252401846,1.0111111111,2058-02-11,2059-02-10,0.0000000000,2059-02-07,0.0252401846,1000000.0000,0.2832321780,-7228.2639210875,1.0000000000,-7228.2639210875,USD
yieldCurve,USD-SOFR,2065-02-12,OIS,IR_SWAP/RATE/USD/SOFR/0D/1D/40Y,35,1,2060-02-12,InterestProjected,-25591.6322807717,USD,0.0252410620,1.0138888889,2059-02-10,2060-02-10,0.0000000000,2060-02-09,0.0252410620,1000000.0000,0.2761646732,-7067.5047661690,1.0000000000,-7067.5047661690,USD
yieldCurve,USD-SOFR,2065-02-12,OIS,IR_SWAP/RATE/USD/SOFR/0D/1D/40Y,36,1,2061-02-14,InterestProjected,-25662.6384094980,USD,0.0252419394,1.0166666667,2060-02-10,2061-02-10,0.0000000000,2061-02-09,0.0252419394,1000000.0000,0.2692176031,-6908.8340007065,1.0000000000,-6908.8340007065,USD
yieldCurve,USD-SOFR,2065-02-12,OIS,IR_SWAP/RATE/USD/SOFR/0D/1D/40Y,37,1,2062-02-14,InterestProjected,-25591.6322807719,USD,0.0252410620,1.0138888889,2061-02-10,2062-02-10,0.0000000000,2062-02-09,0.0252410620,1000000.0000,0.2624998046,-6717.7984726794,1.0000000000,-6717.7984726794,USD
yieldCurve,USD-SOFR,2065-02-12,OIS,IR_SWAP/RATE/USD/SOFR/0D/1D/40Y,38,1,2063-02-14,InterestProjected,-25733.6494542848,USD,0.0252428169,1.0194444444,2062-02-10,2063-02-12,0.0000000000,2063-02-09,0.0252428169,1000000.0000,0.2559496356,-6586.5182011594,1.0000000000,-6586.5182011594,USD
yieldCurve,USD-SOFR,2065-02-12,OIS,IR_SWAP/RATE/USD/SOFR/0D/1D/40Y,39,1,2064-02-13,InterestProjected,-25520.6310677656,USD,0.0252401846,1.0111111111,2063-02-12,2064-02-11,0.0000000000,2064-02-08,0.0252401846,1000000.0000,0.2495801916,-6369.4439925085,1.0000000000,-6369.4439925085,USD
yieldCurve,USD-SOFR,2065-02-12,OIS,IR_SWAP/RATE/USD/SOFR/0D/1D/40Y,40,1,2065-02-12,InterestProjected,-25591.6322807717,USD,0.0252410620,1.0138888889,2064-02-11,2065-02-10,0.0000000000,2065-02-09,0.0252410620,1000000.0000,0.2433524063,-6227.7852975971,1.0000000000,-6227.7852975971,USD
yieldCurve,USD-SOFR,2075-02-13,OIS,IR_SWAP/RATE/USD/SOFR/0D/1D/50Y,1,0,2026-02-12,Interest,36025.1856944445,USD,0.0355316900,1.0138888889,2025-02-10,2026-02-10,0.0000000000,#N/A,#N/A,1000000.0000,0.9588921394,34544.2673822725,1.0000000000,34544.2673822725,USD
yieldCurve,USD-SOFR,2075-02-13,OIS,IR_SWAP/RATE/USD/SOFR/0D/1D/50Y,2,0,2027-02-12,Interest,36025.1856944445,USD,0.0355316900,1.0138888889,2026-02-10,2027-02-10,0.0000000000,#N/A,#N/A,1000000.0000,0.9214702759,33196.1378001693,1.0000000000,33196.1378001693,USD
yieldCurve,USD-SOFR,2075-02-13,OIS,IR_SWAP/RATE/USD/SOFR/0D/1D/50Y,3,0,2028-02-14,Interest,36025.1856944445,USD,0.0355316900,1.0138888889,2027-02-10,2028-02-10,0.0000000000,#N/A,#N/A,1000000.0000,0.8852419094,31891.0041714402,1.0000000000,31891.0041714402,USD
yieldCurve,USD-SOFR,2075-02-13,OIS,IR_SWAP/RATE/USD/SOFR/0D/1D/50Y,4,0,2029-02-14,Interest,36321.2831111111,USD,0.0355316900,1.0222222222,2028-02-10,2029-02-12,0.0000000000,#N/A,#N/A,1000000.0000,0.8513184627,30920.9789004191,1.0000000000,30920.9789004191,USD
yieldCurve,USD-SOFR,2075-02-13,OIS,IR_SWAP/RATE/USD/SOFR/0D/1D/50Y,5,0,2030-02-13,Interest,35926.4865555555,USD,0.0355316900,1.0111111111,2029-02-12,2030-02-11,0.0000000000,#N/A,#N/A,1000000.0000,0.8171022641,29355.6135065823,1.0000000000,29355.6135065823,USD
yieldCurve,USD-SOFR,2075-02-13,OIS,IR_SWAP/RATE/USD/SOFR/0D/1D/50Y,6,0,2031-02-12,Interest,35926.4865555555,USD,0.0355316900,1.0111111111,2030-02-11,2031-02-10,0.0000000000,#N/A,#N/A,1000000.0000,0.7863385834,28250.3825437395,1.0000000000,28250.3825437395,USD
yieldCurve,USD-SOFR,2075-02-13,OIS,IR_SWAP/RATE/USD/SOFR/0D/1D/50Y,7,0,2032-02-12,Interest,36025.1856944445,USD,0.0355316900,1.0138888889,2031-02-10,2032-02-10,0.0000000000,#N/A,#N/A,1000000.0000,0.7538644874,27158.1081465653,1.0000000000,27158.1081465653,USD
yieldCurve,USD-SOFR,2075-02-13,OIS,IR_SWAP/RATE/USD/SOFR/0D/1D/50Y,8,0,2033-02-14,Interest,36123.8848333334,USD,0.0355316900,1.0166666667,2032-02-10,2033-02-10,0.0000000000,#N/A,#N/A,1000000.0000,0.7232837134,26127.8175659839,1.0000000000,26127.8175659839,USD
yieldCurve,USD-SOFR,2075-02-13,OIS,IR_SWAP/RATE/USD/SOFR/0D/1D/50Y,9,0,2034-02-14,Interest,36025.1856944445,USD,0.0355316900,1.0138888889,2033-02-10,2034-02-10,0.0000000000,#N/A,#N/A,1000000.0000,0.6947724890,25029.3079329516,1.0000000000,25029.3079329516,USD
yieldCurve,USD-SOFR,2075-02-13,OIS,IR_SWAP/RATE/USD/SOFR/0D/1D/50Y,10,0,2035-02-14,Interest,36222.5839722221,USD,0.0355316900,1.0194444444,2034-02-10,2035-02-12,0.0000000000,#N/A,#N/A,1000000.0000,0.6665703823,24144.9016475156,1.0000000000,24144.9016475156,USD
yieldCurve,USD-SOFR,2075-02-13,OIS,IR_SWAP/RATE/USD/SOFR/0D/1D/50Y,11,0,2036-02-13,Interest,35926.4865555555,USD,0.0355316900,1.0111111111,2035-02-12,2036-02-11,0.0000000000,#N/A,#N/A,1000000.0000,0.6390746902,22959.7082667020,1.0000000000,22959.7082667020,USD
yieldCurve,USD-SOFR,2075-02-13,OIS,IR_SWAP/RATE/USD/SOFR/0D/1D/50Y,12,0,2037-02-12,Interest,36025.1856944445,USD,0.0355316900,1.0138888889,2036-02-11,2037-02-10,0.0000000000,#N/A,#N/A,1000000.0000,0.6126422786,22070.5518506182,1.0000000000,22070.5518506182,USD
yieldCurve,USD-SOFR,2075-02-13,OIS,IR_SWAP/RATE/USD/SOFR/0D/1D/50Y,13,0,2038-02-12,Interest,36025.1856944445,USD,0.0355316900,1.0138888889,2037-02-10,2038-02-10,0.0000000000,#N/A,#N/A,1000000.0000,0.5867372865,21137.3196982350,1.0000000000,21137.3196982350,USD
yieldCurve,USD-SOFR,2075-02-13,OIS,IR_SWAP/RATE/USD/SOFR/0D/1D/50Y,14,0,2039-02-14,Interest,36025.1856944445,USD,0.0355316900,1.0138888889,2038-02-10,2039-02-10,0.0000000000,#N/A,#N/A,1000000.0000,0.5617946502,20238.7565954150,1.0000000000,20238.7565954150,USD
yieldCurve,USD-SOFR,2075-02-13,OIS,IR_SWAP/RATE/USD/SOFR/0D/1D/50Y,15,0,2040-02-14,Interest,36025.1856944445,USD,0.0355316900,1.0138888889,2039-02-10,2040-02-10,0.0000000000,#N/A,#N/A,1000000.0000,0.5380397013,19382.9801514485,1.0000000000,19382.9801514485,USD
yieldCurve,USD-SOFR,2075-02-13,OIS,IR_SWAP/RATE/USD/SOFR/0D/1D/50Y,16,0,2041-02-13,Interest,36222.5839722221,USD,0.0355316900,1.0194444444,2040-02-10,2041-02-11,0.0000000000,#N/A,#N/A,1000000.0000,0.5168842226,18722.8821576847,1.0000000000,18722.8821576847,USD
yieldCurve,USD-SOFR,2075-02-13,OIS,IR_SWAP/RATE/USD/SOFR/0D/1D/50Y,17,0,2042-02-12,Interest,35926.4865555555,USD,0.0355316900,1.0111111111,2041-02-11,2042-02-10,0.0000000000,#N/A,#N/A,1000000.0000,0.4966151427,17841.6372484272,1.0000000000,17841.6372484272,USD
yieldCurve,USD-SOFR,2075-02-13,OIS,IR_SWAP/RATE/USD/SOFR/0D/1D/50Y,18,0,2043-02-12,Interest,36025.1856944445,USD,0.0355316900,1.0138888889,2042-02-10,2043-02-10,0.0000000000,#N/A,#N/A,1000000.0000,0.4770884590,17187.2003280840,1.0000000000,17187.2003280840,USD
yieldCurve,USD-SOFR,2075-02-13,OIS,IR_SWAP/RATE/USD/SOFR/0D/1D/50Y,19,0,2044-02-12,Interest,36025.1856944445,USD,0.0355316900,1.0138888889,2043-02-10,2044-02-10,0.0000000000,#N/A,#N/A,1000000.0000,0.4583295557,16511.4073526018,1.0000000000,16511.4073526018,USD
yieldCurve,USD-SOFR,2075-02-13,OIS,IR_SWAP/RATE/USD/SOFR/0D/1D/50Y,20,0,2045-02-14,Interest,36123.8848333334,USD,0.0355316900,1.0166666667,2044-02-10,2045-02-10,0.0000000000,#N/A,#N/A,1000000.0000,0.4401630985,15900.4010779609,1.0000000000,15900.4010779609,USD
yieldCurve,USD-SOFR,2075-02-13,OIS,IR_SWAP/RATE/USD/SOFR/0D/1D/50Y,21,0,2046-02-14,Interest,36222.5839722221,USD,0.0355316900,1.0194444444,2045-02-10,2046-02-12,0.0000000000,#N/A,#N/A,1000000.0000,0.4247834546,15386.7543557032,1.0000000000,15386.7543557032,USD
yieldCurve,USD-SOFR,2075-02-13,OIS,IR_SWAP/RATE/USD/SOFR/0D/1D/50Y,22,0,2047-02-13,Interest,35926.4865555555,USD,0.0355316900,1.0111111111,2046-02-12,2047-02-11,0.0000000000,#N/A,#N/A,1000000.0000,0.4099811345,14729.1817151867,1.0000000000,14729.1817151867,USD
yieldCurve,USD-SOFR,2075-02-13,OIS,IR_SWAP/RATE/USD/SOFR/0D/1D/50Y,23,0,2048-02-12,Interest,35926.4865555555,USD,0.0355316900,1.0111111111,2047-02-11,2048-02-10,0.0000000000,#N/A,#N/A,1000000.0000,0.3956946269,14215.9176947473,1.0000000000,14215.9176947473,USD
yieldCurve,USD-SOFR,2075-02-13,OIS,IR_SWAP/RATE/USD/SOFR/0D/1D/50Y,24,0,2049-02-12,Interest,36123.8848333334,USD,0.0355316900,1.0166666667,2048-02-10,2049-02-10,0.0000000000,#N/A,#N/A,1000000.0000,0.3818315386,13793.2385278136,1.0000000000,13793.2385278136,USD
yieldCurve,USD-SOFR,2075-02-13,OIS,IR_SWAP/RATE/USD/SOFR/0D/1D/50Y,25,0,2050-02-14,Interest,36025.1856944445,USD,0.0355316900,1.0138888889,2049-02-10,2050-02-10,0.0000000000,#N/A,#N/A,1000000.0000,0.3684182405,13272.3355257362,1.0000000000,13272.3355257362,USD
yieldCurve,USD-SOFR,2075-02-13,OIS,IR_SWAP/RATE/USD/SOFR/0D/1D/50Y,26,0,2051-02-14,Interest,36025.1856944445,USD,0.0355316900,1.0138888889,2050-02-10,2051-02-10,0.0000000000,#N/A,#N/A,1000000.0000,0.3566804460,12849.4793001084,1.0000000000,12849.4793001084,USD
yieldCurve,USD-SOFR,2075-02-13,OIS,IR_SWAP/RATE/USD/SOFR/0D/1D/50Y,27,0,2052-02-14,Interest,36222.5839722221,USD,0.0355316900,1.0194444444,2051-02-10,2052-02-12,0.0000000000,#N/A,#N/A,1000000.0000,0.3453166173,12508.2601671308,1.0000000000,12508.2601671308,USD
yieldCurve,USD-SOFR,2075-02-13,OIS,IR_SWAP/RATE/USD/SOFR/0D/1D/50Y,28,0,2053-02-12,Interest,35926.4865555555,USD,0.0355316900,1.0111111111,2052-02-12,2053-02-10,0.0000000000,#N/A,#N/A,1000000.0000,0.3343444977,12011.8231015001,1.0000000000,12011.8231015001,USD
yieldCurve,USD-SOFR,2075-02-13,OIS,IR_SWAP/RATE/USD/SOFR/0D/1D/50Y,29,0,2054-02-12,Interest,36025.1856944445,USD,0.0355316900,1.0138888889,2053-02-10,2054-02-10,0.0000000000,#N/A,#N/A,1000000.0000,0.3236922917,11661.0749156717,1.0000000000,11661.0749156717,USD
yieldCurve,USD-SOFR,2075-02-13,OIS,IR_SWAP/RATE/USD/SOFR/0D/1D/50Y,30,0,2055-02-12,Interest,36025.1856944445,USD,0.0355316900,1.0138888889,2054-02-10,2055-02-10,0.0000000000,#N/A,#N/A,1000000.0000,0.3133794646,11289.5534064361,1.0000000000,11289.5534064361,USD
yieldCurve,USD-SOFR,2075-02-13,OIS,IR_SWAP/RATE/USD/SOFR/0D/1D/50Y,31,0,2056-02-14,Interest,36025.1856944445,USD,0.0355316900,1.0138888889,2055-02-10,2056-02-10,0.0000000000,#N/A,#N/A,1000000.0000,0.3055173873,11006.3206100749,1.0000000000,11006.3206100749,USD
yieldCurve,USD-SOFR,2075-02-13,OIS,IR_SWAP/RATE/USD/SOFR/0D/1D/50Y,32,0,2057-02-14,Interest,36321.2831111111,USD,0.0355316900,1.0222222222,2056-02-10,2057-02-12,0.0000000000,#N/A,#N/A,1000000.0000,0.2978731757,10819.1359455256,1.0000000000,10819.1359455256,USD
yieldCurve,USD-SOFR,2075-02-13,OIS,IR_SWAP/RATE/USD/SOFR/0D/1D/50Y,33,0,2058-02-13,Interest,35926.4865555555,USD,0.0355316900,1.0111111111,2057-02-12,2058-02-11,0.0000000000,#N/A,#N/A,1000000.0000,0.2904604419,10435.2231613590,1.0000000000,10435.2231613590,USD
yieldCurve,USD-SOFR,2075-02-13,OIS,IR_SWAP/RATE/USD/SOFR/0D/1D/50Y,34,0,2059-02-12,Interest,35926.4865555555,USD,0.0355316900,1.0111111111,2058-02-11,2059-02-10,0.0000000000,#N/A,#N/A,1000000.0000,0.2832321780,10175.5370347781,1.0000000000,10175.5370347781,USD
yieldCurve,USD-SOFR,2075-02-13,OIS,IR_SWAP/RATE/USD/SOFR/0D/1D/50Y,35,0,2060-02-12,Interest,36025.1856944445,USD,0.0355316900,1.0138888889,2059-02-10,2060-02-10,0.0000000000,#N/A,#N/A,1000000.0000,0.2761646732,9948.8836352541,1.0000000000,9948.8836352541,USD
yieldCurve,USD-SOFR,2075-02-13,OIS,IR_SWAP/RATE/USD/SOFR/0D/1D/50Y,36,0,2061-02-14,Interest,36123.8848333334,USD,0.0355316900,1.0166666667,2060-02-10,2061-02-10,0.0000000000,#N/A,#N/A,1000000.0000,0.2692176031,9725.1856879132,1.0000000000,9725.1856879132,USD
yieldCurve,USD-SOFR,2075-02-13,OIS,IR_SWAP/RATE/USD/SOFR/0D/1D/50Y,37,0,2062-02-14,Interest,36025.1856944445,USD,0.0355316900,1.0138888889,2061-02-10,2062-02-10,0.0000000000,#N/A,#N/A,1000000.0000,0.2624998046,9456.6042048817,1.0000000000,9456.6042048817,USD
yieldCurve,USD-SOFR,2075-02-13,OIS,IR_SWAP/RATE/USD/SOFR/0D/1D/50Y,38,0,2063-02-14,Interest,36222.5839722221,USD,0.0355316900,1.0194444444,2062-02-10,2063-02-12,0.0000000000,#N/A,#N/A,1000000.0000,0.2559496356,9271.1571691337,1.0000000000,9271.1571691337,USD
yieldCurve,USD-SOFR,2075-02-13,OIS,IR_SWAP/RATE/USD/SOFR/0D/1D/50Y,39,0,2064-02-13,Interest,35926.4865555555,USD,0.0355316900,1.0111111111,2063-02-12,2064-02-11,0.0000000000,#N/A,#N/A,1000000.0000,0.2495801916,8966.5393992648,1.0000000000,8966.5393992648,USD
yieldCurve,USD-SOFR,2075-02-13,OIS,IR_SWAP/RATE/USD/SOFR/0D/1D/50Y,40,0,2065-02-12,Interest,36025.1856944445,USD,0.0355316900,1.0138888889,2064-02-11,2065-02-10,0.0000000000,#N/A,#N/A,1000000.0000,0.2433524063,8766.8156274517,1.0000000000,8766.8156274517,USD
yieldCurve,USD-SOFR,2075-02-13,OIS,IR_SWAP/RATE/USD/SOFR/0D/1D/50Y,41,0,2066-02-12,Interest,36025.1856944445,USD,0.0355316900,1.0138888889,2065-02-10,2066-02-10,0.0000000000,#N/A,#N/A,1000000.0000,0.2394078400,8624.7118919378,1.0000000000,8624.7118919378,USD
yieldCurve,USD-SOFR,2075-02-13,OIS,IR_SWAP/RATE/USD/SOFR/0D/1D/50Y,42,0,2067-02-14,Interest,36025.1856944445,USD,0.0355316900,1.0138888889,2066-02-10,2067-02-10,0.0000000000,#N/A,#N/A,1000000.0000,0.2355061227,8484.1518020984,1.0000000000,8484.1518020984,USD
yieldCurve,USD-SOFR,2075-02-13,OIS,IR_SWAP/RATE/USD/SOFR/0D/1D/50Y,43,0,2068-02-14,Interest,36025.1856944445,USD,0.0355316900,1.0138888889,2067-02-10,2068-02-10,0.0000000000,#N/A,#N/A,1000000.0000,0.2316887389,8346.6298425890,1.0000000000,8346.6298425890,USD
yieldCurve,USD-SOFR,2075-02-13,OIS,IR_SWAP/RATE/USD/SOFR/0D/1D/50Y,44,0,2069-02-13,Interest,36222.5839722221,USD,0.0355316900,1.0194444444,2068-02-10,2069-02-11,0.0000000000,#N/A,#N/A,1000000.0000,0.2279332322,8256.3306419754,1.0000000000,8256.3306419754,USD
yieldCurve,USD-SOFR,2075-02-13,OIS,IR_SWAP/RATE/USD/SOFR/0D/1D/50Y,45,0,2070-02-12,Interest,35926.4865555555,USD,0.0355316900,1.0111111111,2069-02-11,2070-02-10,0.0000000000,#N/A,#N/A,1000000.0000,0.2242486395,8056.4657312584,1.0000000000,8056.4657312584,USD
yieldCurve,USD-SOFR,2075-02-13,OIS,IR_SWAP/RATE/USD/SOFR/0D/1D/50Y,46,0,2071-02-12,Interest,36025.1856944445,USD,0.0355316900,1.0138888889,2070-02-10,2071-02-10,0.0000000000,#N/A,#N/A,1000000.0000,0.2206137314,7947.6506386908,1.0000000000,7947.6506386908,USD
yieldCurve,USD-SOFR,2075-02-13,OIS,IR_SWAP/RATE/USD/SOFR/0D/1D/50Y,47,0,2072-02-12,Interest,36025.1856944445,USD,0.0355316900,1.0138888889,2071-02-10,2072-02-10,0.0000000000,#N/A,#N/A,1000000.0000,0.2170377425,7818.8249746970,1.0000000000,7818.8249746970,USD
yieldCurve,USD-SOFR,2075-02-13,OIS,IR_SWAP/RATE/USD/SOFR/0D/1D/50Y,48,0,2073-02-14,Interest,36123.8848333334,USD,0.0355316900,1.0166666667,2072-02-10,2073-02-10,0.0000000000,#N/A,#N/A,1000000.0000,0.2134910400,7712.1257430490,1.0000000000,7712.1257430490,USD
yieldCurve,USD-SOFR,2075-02-13,OIS,IR_SWAP/RATE/USD/SOFR/0D/1D/50Y,49,0,2074-02-14,Interest,36222.5839722221,USD,0.0355316900,1.0194444444,2073-02-10,2074-02-12,0.0000000000,#N/A,#N/A,1000000.0000,0.2100305048,7607.8475970951,1.0000000000,7607.8475970951,USD
yieldCurve,USD-SOFR,2075-02-13,OIS,IR_SWAP/RATE/USD/SOFR/0D/1D/50Y,50,0,2075-02-13,Interest,35926.4865555555,USD,0.0355316900,1.0111111111,2074-02-12,2075-02-11,0.0000000000,#N/A,#N/A,1000000.0000,0.2066353138,7423.6808229338,1.0000000000,7423.6808229338,USD
yieldCurve,USD-SOFR,2075-02-13,OIS,IR_SWAP/RATE/USD/SOFR/0D/1D/50Y,1,1,2026-02-12,InterestProjected,-42637.2457409112,USD,0.0420531739,1.0138888889,2025-02-10,2026-02-10,0.0000000000,2026-02-09,0.0420531739,1000000.0000,0.9588921394,-40884.5197859683,1.0000000000,-40884.5197859683,USD
yieldCurve,USD-SOFR,2075-02-13,OIS,IR_SWAP/RATE/USD/SOFR/0D/1D/50Y,2,1,2027-02-12,InterestProjected,-40616.6776607255,USD,0.0400602848,1.0138888889,2026-02-10,2027-02-10,0.0000000000,2027-02-09,0.0400602848,1000000.0000,0.9214702759,-37427.0611689985,1.0000000000,-37427.0611689985,USD
yieldCurve,USD-SOFR,2075-02-13,OIS,IR_SWAP/RATE/USD/SOFR/0D/1D/50Y,3,1,2028-02-14,InterestProjected,-40696.5287203587,USD,0.0401390420,1.0138888889,2027-02-10,2028-02-10,0.0000000000,2028-02-09,0.0401390420,1000000.0000,0.8852419094,-36026.2727912667,1.0000000000,-36026.2727912667,USD
yieldCurve,USD-SOFR,2075-02-13,OIS,IR_SWAP/RATE/USD/SOFR/0D/1D/50Y,4,1,2029-02-14,InterestProjected,-40080.7039326165,USD,0.0392093843,1.0222222222,2028-02-10,2029-02-12,0.0000000000,2029-02-09,0.0392093843,1000000.0000,0.8513184627,-34121.4432547196,1.0000000000,-34121.4432547196,USD
yieldCurve,USD-SOFR,2075-02-13,OIS,IR_SWAP/RATE/USD/SOFR/0D/1D/50Y,5,1,2030-02-13,InterestProjected,-41862.6804249074,USD,0.0414026510,1.0111111111,2029-02-12,2030-02-11,0.0000000000,2030-02-08,0.0414026510,1000000.0000,0.8171022641,-34206.0909575116,1.0000000000,-34206.0909575116,USD
yieldCurve,USD-SOFR,2075-02-13,OIS,IR_SWAP/RATE/USD/SOFR/0D/1D/50Y,6,1,2031-02-12,InterestProjected,-39137.7931244894,USD,0.0387077075,1.0111111111,2030-02-11,2031-02-10,0.0000000000,2031-02-07,0.0387077075,1000000.0000,0.7863385834,-30775.5568019381,1.0000000000,-30775.5568019381,USD
yieldCurve,USD-SOFR,2075-02-13,OIS,IR_SWAP/RATE/USD/SOFR/0D/1D/50Y,7,1,2032-02-12,InterestProjected,-43055.7298887477,USD,0.0424659254,1.0138888889,2031-02-10,2032-02-10,0.0000000000,2032-02-09,0.0424659254,1000000.0000,0.7538644874,-32458.1857416557,1.0000000000,-32458.1857416557,USD
yieldCurve,USD-SOFR,2075-02-13,OIS,IR_SWAP/RATE/USD/SOFR/0D/1D/50Y,8,1,2033-02-14,InterestProjected,-42052.2072614975,USD,0.0413628268,1.0166666667,2032-02-10,2033-02-10,0.0000000000,2033-02-09,0.0413628268,1000000.0000,0.7232837134,-30415.6766262717,1.0000000000,-30415.6766262717,USD
yieldCurve,USD-SOFR,2075-02-13,OIS,IR_SWAP/RATE/USD/SOFR/0D/1D/50Y,9,1,2034-02-14,InterestProjected,-41046.5479597335,USD,0.0404842665,1.0138888889,2033-02-10,2034-02-10,0.0000000000,2034-02-09,0.0404842665,1000000.0000,0.6947724890,-28518.0122923632,1.0000000000,-28518.0122923632,USD
yieldCurve,USD-SOFR,2075-02-13,OIS,IR_SWAP/RATE/USD/SOFR/0D/1D/50Y,10,1,2035-02-14,InterestProjected,-42532.0089795549,USD,0.0417207718,1.0194444444,2034-02-10,2035-02-12,0.0000000000,2035-02-09,0.0417207718,1000000.0000,0.6665703823,-28350.5774869657,1.0000000000,-28350.5774869657,USD
yieldCurve,USD-SOFR,2075-02-13,OIS,IR_SWAP/RATE/USD/SOFR/0D/1D/50Y,11,1,2036-02-13,InterestProjected,-43019.6428974858,USD,0.0425468996,1.0111111111,2035-02-12,2036-02-11,0.0000000000,2036-02-08,0.0425468996,1000000.0000,0.6390746902,-27492.7649587053,1.0000000000,-27492.7649587053,USD
yieldCurve,USD-SOFR,2075-02-13,OIS,IR_SWAP/RATE/USD/SOFR/0D/1D/50Y,12,1,2037-02-12,InterestProjected,-43144.9355748192,USD,0.0425539091,1.0138888889,2036-02-11,2037-02-10,0.0000000000,2037-02-09,0.0425539091,1000000.0000,0.6126422786,-26432.4116403507,1.0000000000,-26432.4116403507,USD
yieldCurve,USD-SOFR,2075-02-13,OIS,IR_SWAP/RATE/USD/SOFR/0D/1D/50Y,13,1,2038-02-12,InterestProjected,-44145.4070606155,USD,0.0435406755,1.0138888889,2037-02-10,2038-02-10,0.0000000000,2038-02-09,0.0435406755,1000000.0000,0.5867372865,-25901.7563479999,1.0000000000,-25901.7563479999,USD
yieldCurve,USD-SOFR,2075-02-13,OIS,IR_SWAP/RATE/USD/SOFR/0D/1D/50Y,14,1,2039-02-14,InterestProjected,-44150.9219572971,USD,0.0435461148,1.0138888889,2038-02-10,2039-02-10,0.0000000000,2039-02-09,0.0435461148,1000000.0000,0.5617946502,-24803.7517567799,1.0000000000,-24803.7517567799,USD
yieldCurve,USD-SOFR,2075-02-13,OIS,IR_SWAP/RATE/USD/SOFR/0D/1D/50Y,15,1,2040-02-14,InterestProjected,-44150.9219572975,USD,0.0435461148,1.0138888889,2039-02-10,2040-02-10,0.0000000000,2040-02-09,0.0435461148,1000000.0000,0.5380397013,-23754.9488634120,1.0000000000,-23754.9488634120,USD
yieldCurve,USD-SOFR,2075-02-13,OIS,IR_SWAP/RATE/USD/SOFR/0D/1D/50Y,16,1,2041-02-13,InterestProjected,-41192.9388053152,USD,0.0404072424,1.0194444444,2040-02-10,2041-02-11,0.0000000000,2041-02-08,0.0404072424,1000000.0000,0.5168842226,-21291.9801517219,1.0000000000,-21291.9801517219,USD
yieldCurve,USD-SOFR,2075-02-13,OIS,IR_SWAP/RATE/USD/SOFR/0D/1D/50Y,17,1,2042-02-12,InterestProjected,-40814.4620409692,USD,0.0403659515,1.0111111111,2041-02-11,2042-02-10,0.0000000000,2042-02-07,0.0403659515,1000000.0000,0.4966151427,-20269.0798917566,1.0000000000,-20269.0798917566,USD
yieldCurve,USD-SOFR,2075-02-13,OIS,IR_SWAP/RATE/USD/SOFR/0D/1D/50Y,18,1,2043-02-12,InterestProjected,-40928.8536737444,USD,0.0403681844,1.0138888889,2042-02-10,2043-02-10,0.0000000000,2043-02-09,0.0403681844,1000000.0000,0.4770884590,-19526.6837277667,1.0000000000,-19526.6837277667,USD
yieldCurve,USD-SOFR,2075-02-13,OIS,IR_SWAP/RATE/USD/SOFR/0D/1D/50Y,19,1,2044-02-12,InterestProjected,-40928.8536737442,USD,0.0403681844,1.0138888889,2043-02-10,2044-02-10,0.0000000000,2044-02-09,0.0403681844,1000000.0000,0.4583295557,-18758.9033187534,1.0000000000,-18758.9033187534,USD
yieldCurve,USD-SOFR,2075-02-13,OIS,IR_SWAP/RATE/USD/SOFR/0D/1D/50Y,20,1,2045-02-14,InterestProjected,-41043.2578788329,USD,0.0403704176,1.0166666667,2044-02-10,2045-02-10,0.0000000000,2045-02-09,0.0403704176,1000000.0000,0.4401630985,-18065.7275603267,1.0000000000,-18065.7275603267,USD
yieldCurve,USD-SOFR,2075-02-13,OIS,IR_SWAP/RATE/USD/SOFR/0D/1D/50Y,21,1,2046-02-14,InterestProjected,-36459.4543081453,USD,0.0357640424,1.0194444444,2045-02-10,2046-02-12,0.0000000000,2046-02-09,0.0357640424,1000000.0000,0.4247834546,-15487.3729552984,1.0000000000,-15487.3729552984,USD
yieldCurve,USD-SOFR,2075-02-13,OIS,IR_SWAP/RATE/USD/SOFR/0D/1D/50Y,22,1,2047-02-13,InterestProjected,-36104.8812648306,USD,0.0357081243,1.0111111111,2046-02-12,2047-02-11,0.0000000000,2047-02-08,0.0357081243,1000000.0000,0.4099811345,-14802.3201804769,1.0000000000,-14802.3201804769,USD
yieldCurve,USD-SOFR,2075-02-13,OIS,IR_SWAP/RATE/USD/SOFR/0D/1D/50Y,23,1,2048-02-12,InterestProjected,-36104.8812648308,USD,0.0357081243,1.0111111111,2047-02-11,2048-02-10,0.0000000000,2048-02-07,0.0357081243,1000000.0000,0.3956946269,-14286.5075226814,1.0000000000,-14286.5075226814,USD
yieldCurve,USD-SOFR,2075-02-13,OIS,IR_SWAP/RATE/USD/SOFR/0D/1D/50Y,24,1,2049-02-12,InterestProjected,-36306.8182868775,USD,0.0357116245,1.0166666667,2048-02-10,2049-02-10,0.0000000000,2049-02-09,0.0357116245,1000000.0000,0.3818315386,-13863.0882898504,1.0000000000,-13863.0882898504,USD
yieldCurve,USD-SOFR,2075-02-13,OIS,IR_SWAP/RATE/USD/SOFR/0D/1D/50Y,25,1,2050-02-14,InterestProjected,-36205.8448566385,USD,0.0357098744,1.0138888889,2049-02-10,2050-02-10,0.0000000000,2050-02-09,0.0357098744,1000000.0000,0.3684182405,-13338.8936563944,1.0000000000,-13338.8936563944,USD
yieldCurve,USD-SOFR,2075-02-13,OIS,IR_SWAP/RATE/USD/SOFR/0D/1D/50Y,26,1,2051-02-14,InterestProjected,-32944.5118620919,USD,0.0324932172,1.0138888889,2050-02-10,2051-02-10,0.0000000000,2051-02-09,0.0324932172,1000000.0000,0.3566804460,-11750.6631836573,1.0000000000,-11750.6631836573,USD
yieldCurve,USD-SOFR,2075-02-13,OIS,IR_SWAP/RATE/USD/SOFR/0D/1D/50Y,27,1,2052-02-14,InterestProjected,-33091.7042086190,USD,0.0324605273,1.0194444444,2051-02-10,2052-02-12,0.0000000000,2052-02-09,0.0324605273,1000000.0000,0.3453166173,-11427.1153579922,1.0000000000,-11427.1153579922,USD
yieldCurve,USD-SOFR,2075-02-13,OIS,IR_SWAP/RATE/USD/SOFR/0D/1D/50Y,28,1,2053-02-12,InterestProjected,-32816.8092374832,USD,0.0324561850,1.0111111111,2052-02-12,2053-02-10,0.0000000000,2053-02-07,0.0324561850,1000000.0000,0.3343444977,-10972.1196005838,1.0000000000,-10972.1196005838,USD
yieldCurve,USD-SOFR,2075-02-13,OIS,IR_SWAP/RATE/USD/SOFR/0D/1D/50Y,29,1,2054-02-12,InterestProjected,-32908.4327661564,USD,0.0324576323,1.0138888889,2053-02-10,2054-02-10,0.0000000000,2054-02-09,0.0324576323,1000000.0000,0.3236922917,-10652.2060177104,1.0000000000,-10652.2060177104,USD
yieldCurve,USD-SOFR,2075-02-13,OIS,IR_SWAP/RATE/USD/SOFR/0D/1D/50Y,30,1,2055-02-12,InterestProjected,-32908.4327661564,USD,0.0324576323,1.0138888889,2054-02-10,2055-02-10,0.0000000000,2055-02-09,0.0324576323,1000000.0000,0.3133794646,-10312.8270423580,1.0000000000,-10312.8270423580,USD
yieldCurve,USD-SOFR,2075-02-13,OIS,IR_SWAP/RATE/USD/SOFR/0D/1D/50Y,31,1,2056-02-14,InterestProjected,-25631.5827800253,USD,0.0252804652,1.0138888889,2055-02-10,2056-02-10,0.0000000000,2056-02-09,0.0252804652,1000000.0000,0.3055173873,-7830.8942031113,1.0000000000,-7830.8942031113,USD
yieldCurve,USD-SOFR,2075-02-13,OIS,IR_SWAP/RATE/USD/SOFR/0D/1D/50Y,32,1,2057-02-14,InterestProjected,-25804.6654154720,USD,0.0252436944,1.0222222222,2056-02-10,2057-02-12,0.0000000000,2057-02-09,0.0252436944,1000000.0000,0.2978731757,-7686.5176349838,1.0000000000,-7686.5176349838,USD
yieldCurve,USD-SOFR,2075-02-13,OIS,IR_SWAP/RATE/USD/SOFR/0D/1D/50Y,33,1,2058-02-13,InterestProjected,-25520.6310677654,USD,0.0252401846,1.0111111111,2057-02-12,2058-02-11,0.0000000000,2058-02-08,0.0252401846,1000000.0000,0.2904604419,-7412.7337778779,1.0000000000,-7412.7337778779,USD
yieldCurve,USD-SOFR,2075-02-13,OIS,IR_SWAP/RATE/USD/SOFR/0D/1D/50Y,34,1,2059-02-12,InterestProjected,-25520.6310677656,USD,0.0252401846,1.0111111111,2058-02-11,2059-02-10,0.0000000000,2059-02-07,0.0252401846,1000000.0000,0.2832321780,-7228.2639210875,1.0000000000,-7228.2639210875,USD
yieldCurve,USD-SOFR,2075-02-13,OIS,IR_SWAP/RATE/USD/SOFR/0D/1D/50Y,35,1,2060-02-12,InterestProjected,-25591.6322807717,USD,0.0252410620,1.0138888889,2059-02-10,2060-02-10,0.0000000000,2060-02-09,0.0252410620,1000000.0000,0.2761646732,-7067.5047661690,1.0000000000,-7067.5047661690,USD
yieldCurve,USD-SOFR,2075-02-13,OIS,IR_SWAP/RATE/USD/SOFR/0D/1D/50Y,36,1,2061-02-14,InterestProjected,-25662.6384094980,USD,0.0252419394,1.0166666667,2060-02-10,2061-02-10,0.0000000000,2061-02-09,0.0252419394,1000000.0000,0.2692176031,-6908.8340007065,1.0000000000,-6908.8340007065,USD
yieldCurve,USD-SOFR,2075-02-13,OIS,IR_SWAP/RATE/USD/SOFR/0D/1D/50Y,37,1,2062-02-14,InterestProjected,-25591.6322807719,USD,0.0252410620,1.0138888889,2061-02-10,2062-02-10,0.0000000000,2062-02-09,0.0252410620,1000000.0000,0.2624998046,-6717.7984726794,1.0000000000,-6717.7984726794,USD
yieldCurve,USD-SOFR,2075-02-13,OIS,IR_SWAP/RATE/USD/SOFR/0D/1D/50Y,38,1,2063-02-14,InterestProjected,-25733.6494542848,USD,0.0252428169,1.0194444444,2062-02-10,2063-02-12,0.0000000000,2063-02-09,0.0252428169,1000000.0000,0.2559496356,-6586.5182011594,1.0000000000,-6586.5182011594,USD
yieldCurve,USD-SOFR,2075-02-13,OIS,IR_SWAP/RATE/USD/SOFR/0D/1D/50Y,39,1,2064-02-13,InterestProjected,-25520.6310677656,USD,0.0252401846,1.0111111111,2063-02-12,2064-02-11,0.0000000000,2064-02-08,0.0252401846,1000000.0000,0.2495801916,-6369.4439925085,1.0000000000,-6369.4439925085,USD
yieldCurve,USD-SOFR,2075-02-13,OIS,IR_SWAP/RATE/USD/SOFR/0D/1D/50Y,40,1,2065-02-12,InterestProjected,-25591.6322807717,USD,0.0252410620,1.0138888889,2064-02-11,2065-02-10,0.0000000000,2065-02-09,0.0252410620,1000000.0000,0.2433524063,-6227.7852975971,1.0000000000,-6227.7852975971,USD
yieldCurve,USD-SOFR,2075-02-13,OIS,IR_SWAP/RATE/USD/SOFR/0D/1D/50Y,41,1,2066-02-12,InterestProjected,-16526.0711667017,USD,0.0162996866,1.0138888889,2065-02-10,2066-02-10,0.0000000000,2066-02-09,0.0162996866,1000000.0000,0.2394078400,-3956.4710013540,1.0000000000,-3956.4710013540,USD
yieldCurve,USD-SOFR,2075-02-13,OIS,IR_SWAP/RATE/USD/SOFR/0D/1D/50Y,42,1,2067-02-14,InterestProjected,-16476.3457950095,USD,0.0162506424,1.0138888889,2066-02-10,2067-02-10,0.0000000000,2067-02-09,0.0162506424,1000000.0000,0.2355061227,-3880.2803142881,1.0000000000,-3880.2803142881,USD
yieldCurve,USD-SOFR,2075-02-13,OIS,IR_SWAP/RATE/USD/SOFR/0D/1D/50Y,43,1,2068-02-14,InterestProjected,-16476.3457950095,USD,0.0162506424,1.0138888889,2067-02-10,2068-02-10,0.0000000000,2068-02-09,0.0162506424,1000000.0000,0.2316887389,-3817.3837791112,1.0000000000,-3817.3837791112,USD
yieldCurve,USD-SOFR,2075-02-13,OIS,IR_SWAP/RATE/USD/SOFR/0D/1D/50Y,44,1,2069-02-13,InterestProjected,-16567.3709191108,USD,0.0162513720,1.0194444444,2068-02-10,2069-02-11,0.0000000000,2069-02-08,0.0162513720,1000000.0000,0.2279332322,-3776.2544019864,1.0000000000,-3776.2544019864,USD
yieldCurve,USD-SOFR,2075-02-13,OIS,IR_SWAP/RATE/USD/SOFR/0D/1D/50Y,45,1,2070-02-12,InterestProjected,-16430.8362894574,USD,0.0162502776,1.0111111111,2069-02-11,2070-02-10,0.0000000000,2070-02-07,0.0162502776,1000000.0000,0.2242486395,-3684.5926833739,1.0000000000,-3684.5926833739,USD
yieldCurve,USD-SOFR,2075-02-13,OIS,IR_SWAP/RATE/USD/SOFR/0D/1D/50Y,46,1,2071-02-12,InterestProjected,-16476.3457950097,USD,0.0162506424,1.0138888889,2070-02-10,2071-02-10,0.0000000000,2071-02-09,0.0162506424,1000000.0000,0.2206137314,-3634.9081248787,1.0000000000,-3634.9081248787,USD
yieldCurve,USD-SOFR,2075-02-13,OIS,IR_SWAP/RATE/USD/SOFR/0D/1D/50Y,47,1,2072-02-12,InterestProjected,-16476.3457950095,USD,0.0162506424,1.0138888889,2071-02-10,2072-02-10,0.0000000000,2072-02-09,0.0162506424,1000000.0000,0.2170377425,-3575.9888952809,1.0000000000,-3575.9888952809,USD
yieldCurve,USD-SOFR,2075-02-13,OIS,IR_SWAP/RATE/USD/SOFR/0D/1D/50Y,48,1,2073-02-14,InterestProjected,-16521.8573381969,USD,0.0162510072,1.0166666667,2072-02-10,2073-02-10,0.0000000000,2073-02-09,0.0162510072,1000000.0000,0.2134910400,-3527.2685063849,1.0000000000,-3527.2685063849,USD
yieldCurve,USD-SOFR,2075-02-13,OIS,IR_SWAP/RATE/USD/SOFR/0D/1D/50Y,49,1,2074-02-14,InterestProjected,-16567.3709191108,USD,0.0162513720,1.0194444444,2073-02-10,2074-02-12,0.0000000000,2074-02-09,0.0162513720,1000000.0000,0.2100305048,-3479.6532774635,1.0000000000,-3479.6532774635,USD
yieldCurve,USD-SOFR,2075-02-13,OIS,IR_SWAP/RATE/USD/SOFR/0D/1D/50Y,50,1,2075-02-13,InterestProjected,-16430.8362894572,USD,0.0162502776,1.0111111111,2074-02-12,2075-02-11,0.0000000000,2075-02-08,0.0162502776,1000000.0000,0.2066353138,-3395.1910125747,1.0000000000,-3395.1910125747,USD
